striker,phase,season,runs,balls,strike_rate
A Ashish Reddy,Death,2012,25,21,119.05
A Ashish Reddy,Death,2013,114,78,146.15
A Ashish Reddy,Death,2015,59,34,173.53
A Ashish Reddy,Death,2016,16,13,123.08
A Ashish Reddy,Middle,2015,14,12,116.67
A Ashish Reddy,Middle,2016,31,16,193.75
A Badoni,Death,2022,101,66,153.03
A Badoni,Death,2023,143,85,168.24
A Badoni,Death,2024,136,84,161.9
A Badoni,Death,2025,134,78,171.79
A Badoni,Death,2026,24,14,171.43
A Badoni,Middle,2022,59,58,101.72
A Badoni,Middle,2023,86,71,121.13
A Badoni,Middle,2024,90,71,126.76
A Badoni,Middle,2025,184,133,138.35
A Badoni,Middle,2026,96,75,128.0
A Badoni,Powerplay,2023,8,15,53.33
A Badoni,Powerplay,2024,9,16,56.25
A Badoni,Powerplay,2025,11,10,110.0
A Badoni,Powerplay,2026,95,52,182.69
A Chopra,Middle,2008,18,15,120.0
A Chopra,Middle,2009,7,15,46.67
A Chopra,Powerplay,2008,23,35,65.71
A Choudhary,Death,2017,25,20,125.0
A Flintoff,Death,2009,25,17,147.06
A Flintoff,Middle,2009,23,23,100.0
A Flintoff,Powerplay,2009,14,13,107.69
A Kamboj,Death,2025,14,12,116.67
A Kamboj,Death,2026,39,28,139.29
A Kumble,Death,2008,13,17,76.47
A Kumble,Death,2009,15,14,107.14
A Kumble,Death,2010,6,11,54.55
A Manohar,Death,2022,49,32,153.12
A Manohar,Death,2023,56,31,180.65
A Manohar,Death,2025,43,31,138.71
A Manohar,Middle,2022,47,31,151.61
A Manohar,Middle,2023,58,52,111.54
A Manohar,Middle,2024,9,10,90.0
A Manohar,Middle,2025,18,30,60.0
A Manohar,Powerplay,2022,12,12,100.0
A Mhatre,Middle,2025,60,32,187.5
A Mhatre,Middle,2026,96,52,184.62
A Mhatre,Powerplay,2025,177,92,192.39
A Mhatre,Powerplay,2026,98,53,184.91
A Mishra,Death,2008,6,11,54.55
A Mishra,Death,2009,26,20,130.0
A Mishra,Death,2010,25,27,92.59
A Mishra,Death,2011,67,48,139.58
A Mishra,Death,2012,16,20,80.0
A Mishra,Death,2013,37,29,127.59
A Mishra,Death,2017,39,35,111.43
A Mishra,Death,2019,19,18,105.56
A Mishra,Death,2023,13,17,76.47
A Mishra,Middle,2008,31,31,100.0
A Mishra,Middle,2010,13,23,56.52
A Mishra,Middle,2013,51,61,83.61
A Mishra,Middle,2017,10,17,58.82
A Mishra,Middle,2023,6,13,46.15
A Mithun,Middle,2011,15,12,125.0
A Mukund,Powerplay,2013,14,15,93.33
A Nehra,Death,2008,2,12,16.67
A Nehra,Death,2010,22,19,115.79
A Nehra,Death,2012,11,12,91.67
A Nortje,Death,2023,37,29,127.59
A Raghuvanshi,Death,2025,58,42,138.1
A Raghuvanshi,Death,2026,79,40,197.5
A Raghuvanshi,Middle,2024,85,55,154.55
A Raghuvanshi,Middle,2025,166,129,128.68
A Raghuvanshi,Middle,2026,214,145,147.59
A Raghuvanshi,Powerplay,2024,78,49,159.18
A Raghuvanshi,Powerplay,2025,76,43,176.74
A Raghuvanshi,Powerplay,2026,129,102,126.47
A Symonds,Death,2008,47,21,223.81
A Symonds,Death,2009,57,30,190.0
A Symonds,Death,2010,106,68,155.88
A Symonds,Death,2011,82,63,130.16
A Symonds,Middle,2008,91,64,142.19
A Symonds,Middle,2009,172,120,143.33
A Symonds,Middle,2010,294,226,130.09
A Symonds,Middle,2011,52,71,73.24
A Symonds,Powerplay,2008,23,19,121.05
A Symonds,Powerplay,2009,19,13,146.15
A Symonds,Powerplay,2010,29,46,63.04
AA Bilakhia,Death,2009,34,29,117.24
AA Bilakhia,Middle,2009,10,20,50.0
AA Bilakhia,Powerplay,2009,23,31,74.19
AA Jhunjhunwala,Death,2010,60,36,166.67
AA Jhunjhunwala,Death,2012,9,12,75.0
AA Jhunjhunwala,Middle,2010,104,104,100.0
AA Jhunjhunwala,Middle,2012,15,14,107.14
AA Jhunjhunwala,Powerplay,2010,19,26,73.08
AA Kulkarni,Middle,2026,9,12,75.0
AA Kulkarni,Powerplay,2026,8,13,61.54
AA Noffke,Middle,2008,9,10,90.0
AB Agarkar,Death,2008,12,12,100.0
AB Agarkar,Death,2009,57,37,154.05
AB Agarkar,Death,2010,39,28,139.29
AB Agarkar,Middle,2008,22,20,110.0
AB Agarkar,Middle,2009,9,20,45.0
AB Agarkar,Powerplay,2008,20,13,153.85
AB Barath,Middle,2010,22,23,95.65
AB Barath,Powerplay,2010,18,14,128.57
AB Dinda,Death,2013,9,11,81.82
AB McDonald,Death,2010,55,40,137.5
AB McDonald,Death,2012,17,16,106.25
AB McDonald,Middle,2010,10,12,83.33
AB McDonald,Powerplay,2012,30,19,157.89
AB de Villiers,Death,2009,170,80,212.5
AB de Villiers,Death,2011,111,63,176.19
AB de Villiers,Death,2012,178,82,217.07
AB de Villiers,Death,2013,186,78,238.46
AB de Villiers,Death,2014,182,89,204.49
AB de Villiers,Death,2015,131,56,233.93
AB de Villiers,Death,2016,148,63,234.92
AB de Villiers,Death,2017,59,20,295.0
AB de Villiers,Death,2018,55,24,229.17
AB de Villiers,Death,2019,146,55,265.45
AB de Villiers,Death,2021,458,207,221.26
AB de Villiers,Middle,2008,56,59,94.92
AB de Villiers,Middle,2009,228,211,108.06
AB de Villiers,Middle,2010,61,67,91.04
AB de Villiers,Middle,2011,162,143,113.29
AB de Villiers,Middle,2012,131,108,121.3
AB de Villiers,Middle,2013,159,133,119.55
AB de Villiers,Middle,2014,190,144,131.94
AB de Villiers,Middle,2015,296,163,181.6
AB de Villiers,Middle,2016,391,245,159.59
AB de Villiers,Middle,2017,86,82,104.88
AB de Villiers,Middle,2018,338,197,171.57
AB de Villiers,Middle,2019,213,163,130.67
AB de Villiers,Middle,2021,259,242,107.02
AB de Villiers,Powerplay,2008,28,30,93.33
AB de Villiers,Powerplay,2009,61,63,96.83
AB de Villiers,Powerplay,2010,48,49,97.96
AB de Villiers,Powerplay,2011,33,36,91.67
AB de Villiers,Powerplay,2013,28,12,233.33
AB de Villiers,Powerplay,2014,17,15,113.33
AB de Villiers,Powerplay,2015,84,72,116.67
AB de Villiers,Powerplay,2016,143,97,147.42
AB de Villiers,Powerplay,2017,71,61,116.39
AB de Villiers,Powerplay,2018,87,54,161.11
AB de Villiers,Powerplay,2019,83,69,120.29
AB de Villiers,Powerplay,2021,49,49,100.0
AC Blizzard,Middle,2011,21,14,150.0
AC Blizzard,Powerplay,2011,99,73,135.62
AC Gilchrist,Death,2011,31,17,182.35
AC Gilchrist,Middle,2008,157,101,155.45
AC Gilchrist,Middle,2009,113,94,120.21
AC Gilchrist,Middle,2010,40,23,173.91
AC Gilchrist,Middle,2011,177,106,166.98
AC Gilchrist,Middle,2012,44,28,157.14
AC Gilchrist,Middle,2013,80,73,109.59
AC Gilchrist,Powerplay,2008,274,213,128.64
AC Gilchrist,Powerplay,2009,373,228,163.6
AC Gilchrist,Powerplay,2010,249,162,153.7
AC Gilchrist,Powerplay,2011,170,168,101.19
AC Gilchrist,Powerplay,2012,112,106,105.66
AC Gilchrist,Powerplay,2013,194,149,130.2
AC Thomas,Death,2012,19,15,126.67
AC Voges,Death,2010,85,56,151.79
AC Voges,Middle,2010,89,78,114.1
AD Hales,Middle,2018,34,37,91.89
AD Hales,Powerplay,2018,113,80,141.25
AD Mascarenhas,Death,2009,13,10,130.0
AD Mascarenhas,Death,2010,12,10,120.0
AD Mascarenhas,Death,2012,13,13,100.0
AD Mascarenhas,Middle,2009,22,27,81.48
AD Mathews,Death,2010,129,79,163.29
AD Mathews,Death,2012,59,47,125.53
AD Mathews,Death,2013,79,51,154.9
AD Mathews,Death,2015,116,68,170.59
AD Mathews,Death,2017,29,22,131.82
AD Mathews,Middle,2010,94,91,103.3
AD Mathews,Middle,2012,68,59,115.25
AD Mathews,Middle,2013,92,86,106.98
AD Mathews,Middle,2015,27,35,77.14
AD Mathews,Powerplay,2010,9,13,69.23
AD Nath,Death,2016,6,13,46.15
AD Nath,Death,2019,16,12,133.33
AD Nath,Middle,2016,14,14,100.0
AD Nath,Middle,2018,8,10,80.0
AD Nath,Middle,2019,35,37,94.59
AD Russell,Death,2012,31,15,206.67
AD Russell,Death,2013,11,14,78.57
AD Russell,Death,2015,119,60,198.33
AD Russell,Death,2016,126,69,182.61
AD Russell,Death,2018,186,95,195.79
AD Russell,Death,2019,345,139,248.2
AD Russell,Death,2021,109,69,157.97
AD Russell,Death,2022,121,70,172.86
AD Russell,Death,2023,134,82,163.41
AD Russell,Death,2024,127,61,208.2
AD Russell,Death,2025,108,50,216.0
AD Russell,Middle,2012,16,11,145.45
AD Russell,Middle,2015,184,99,185.86
AD Russell,Middle,2016,62,45,137.78
AD Russell,Middle,2018,130,75,173.33
AD Russell,Middle,2019,159,107,148.6
AD Russell,Middle,2021,174,123,141.46
AD Russell,Middle,2022,209,119,175.63
AD Russell,Middle,2023,92,73,126.03
AD Russell,Middle,2024,87,55,158.18
AD Russell,Middle,2025,59,52,113.46
AD Russell,Powerplay,2015,23,10,230.0
AF Milne,Death,2021,15,16,93.75
AG Paunikar,Powerplay,2011,48,54,88.89
AJ Finch,Death,2011,27,16,168.75
AJ Finch,Death,2014,64,47,136.17
AJ Finch,Death,2016,89,56,158.93
AJ Finch,Death,2017,75,39,192.31
AJ Finch,Death,2018,23,11,209.09
AJ Finch,Middle,2010,21,21,100.0
AJ Finch,Middle,2012,8,11,72.73
AJ Finch,Middle,2013,214,144,148.61
AJ Finch,Middle,2014,103,84,122.62
AJ Finch,Middle,2016,200,148,135.14
AJ Finch,Middle,2017,147,95,154.74
AJ Finch,Middle,2018,89,68,130.88
AJ Finch,Middle,2021,79,70,112.86
AJ Finch,Middle,2022,35,12,291.67
AJ Finch,Powerplay,2011,18,25,72.0
AJ Finch,Powerplay,2012,47,40,117.5
AJ Finch,Powerplay,2013,237,182,130.22
AJ Finch,Powerplay,2014,141,130,108.46
AJ Finch,Powerplay,2015,23,33,69.7
AJ Finch,Powerplay,2016,103,93,110.75
AJ Finch,Powerplay,2017,78,48,162.5
AJ Finch,Powerplay,2018,22,21,104.76
AJ Finch,Powerplay,2021,183,169,108.28
AJ Finch,Powerplay,2022,51,49,104.08
AJ Hosein,Death,2023,16,10,160.0
AJ Turner,Death,2019,3,10,30.0
AJ Turner,Middle,2024,17,10,170.0
AJ Tye,Death,2017,38,22,172.73
AJ Tye,Death,2018,32,35,91.43
AK Markram,Death,2021,37,24,154.17
AK Markram,Death,2022,111,53,209.43
AK Markram,Death,2023,40,25,160.0
AK Markram,Death,2024,36,20,180.0
AK Markram,Death,2025,12,12,100.0
AK Markram,Death,2026,54,27,200.0
AK Markram,Middle,2021,108,91,118.68
AK Markram,Middle,2022,246,188,130.85
AK Markram,Middle,2023,190,142,133.8
AK Markram,Middle,2024,127,110,115.45
AK Markram,Middle,2025,161,110,146.36
AK Markram,Middle,2026,56,51,109.8
AK Markram,Powerplay,2022,24,32,75.0
AK Markram,Powerplay,2023,18,30,60.0
AK Markram,Powerplay,2024,57,45,126.67
AK Markram,Powerplay,2025,266,176,151.14
AK Markram,Powerplay,2026,120,88,136.36
AL Menaria,Death,2011,20,19,105.26
AL Menaria,Death,2012,70,57,122.81
AL Menaria,Middle,2011,152,126,120.63
AL Menaria,Middle,2012,144,142,101.41
AM Nayar,Death,2008,98,44,222.73
AM Nayar,Death,2009,127,72,176.39
AM Nayar,Death,2011,36,26,138.46
AM Nayar,Death,2012,9,10,90.0
AM Nayar,Death,2013,28,36,77.78
AM Nayar,Middle,2008,107,93,115.05
AM Nayar,Middle,2009,64,78,82.05
AM Nayar,Middle,2010,30,27,111.11
AM Nayar,Middle,2011,14,26,53.85
AM Nayar,Middle,2012,33,30,110.0
AM Nayar,Middle,2013,38,37,102.7
AM Nayar,Middle,2014,11,16,68.75
AM Nayar,Powerplay,2010,19,17,111.76
AM Nayar,Powerplay,2011,10,14,71.43
AM Nayar,Powerplay,2014,28,30,93.33
AM Rahane,Death,2009,69,45,153.33
AM Rahane,Death,2011,19,18,105.56
AM Rahane,Death,2012,97,51,190.2
AM Rahane,Death,2013,67,49,136.73
AM Rahane,Death,2014,45,27,166.67
AM Rahane,Death,2015,72,47,153.19
AM Rahane,Death,2016,40,24,166.67
AM Rahane,Death,2018,21,16,131.25
AM Rahane,Death,2019,34,25,136.0
AM Rahane,Death,2023,34,10,340.0
AM Rahane,Middle,2009,55,47,117.02
AM Rahane,Middle,2011,78,61,127.87
AM Rahane,Middle,2012,216,169,127.81
AM Rahane,Middle,2013,208,194,107.22
AM Rahane,Middle,2014,100,94,106.38
AM Rahane,Middle,2015,213,170,125.29
AM Rahane,Middle,2016,225,164,137.2
AM Rahane,Middle,2017,135,116,116.38
AM Rahane,Middle,2018,121,118,102.54
AM Rahane,Middle,2019,125,88,142.05
AM Rahane,Middle,2021,33,25,132.0
AM Rahane,Middle,2022,41,33,124.24
AM Rahane,Middle,2023,167,119,140.34
AM Rahane,Middle,2024,97,82,118.29
AM Rahane,Middle,2025,152,137,110.95
AM Rahane,Middle,2026,133,92,144.57
AM Rahane,Powerplay,2008,4,17,23.53
AM Rahane,Powerplay,2009,19,29,65.52
AM Rahane,Powerplay,2011,23,19,121.05
AM Rahane,Powerplay,2012,247,213,115.96
AM Rahane,Powerplay,2013,213,215,99.07
AM Rahane,Powerplay,2014,194,170,114.12
AM Rahane,Powerplay,2015,255,195,130.77
AM Rahane,Powerplay,2016,214,190,112.63
AM Rahane,Powerplay,2017,247,207,119.32
AM Rahane,Powerplay,2018,228,179,127.37
AM Rahane,Powerplay,2019,234,172,136.05
AM Rahane,Powerplay,2021,78,81,96.3
AM Rahane,Powerplay,2022,92,95,96.84
AM Rahane,Powerplay,2023,125,60,208.33
AM Rahane,Powerplay,2024,145,114,127.19
AM Rahane,Powerplay,2025,238,127,187.4
AM Rahane,Powerplay,2026,202,156,129.49
AN Ahmed,Death,2011,18,13,138.46
AP Dole,Death,2010,33,20,165.0
AP Majumdar,Middle,2012,64,58,110.34
AP Majumdar,Powerplay,2012,21,15,140.0
AP Tare,Death,2014,40,26,153.85
AP Tare,Middle,2013,50,32,156.25
AP Tare,Powerplay,2010,44,33,133.33
AP Tare,Powerplay,2013,73,52,140.38
AP Tare,Powerplay,2014,69,62,111.29
AP Tare,Powerplay,2015,14,17,82.35
AP Tare,Powerplay,2016,8,14,57.14
AP Tare,Powerplay,2017,18,23,78.26
AR Bawne,Death,2017,12,12,100.0
AR Patel,Death,2014,37,33,112.12
AR Patel,Death,2015,74,63,117.46
AR Patel,Death,2016,75,41,182.93
AR Patel,Death,2017,141,83,169.88
AR Patel,Death,2018,23,19,121.05
AR Patel,Death,2019,81,53,152.83
AR Patel,Death,2021,95,73,130.14
AR Patel,Death,2022,127,70,181.43
AR Patel,Death,2023,150,88,170.45
AR Patel,Death,2024,87,68,127.94
AR Patel,Death,2025,67,32,209.38
AR Patel,Death,2026,45,29,155.17
AR Patel,Middle,2014,23,24,95.83
AR Patel,Middle,2015,131,109,120.18
AR Patel,Middle,2016,34,33,103.03
AR Patel,Middle,2017,80,76,105.26
AR Patel,Middle,2018,57,50,114.0
AR Patel,Middle,2019,27,34,79.41
AR Patel,Middle,2021,62,54,114.81
AR Patel,Middle,2022,55,50,110.0
AR Patel,Middle,2023,123,108,113.89
AR Patel,Middle,2024,129,93,138.71
AR Patel,Middle,2025,157,108,145.37
AR Patel,Middle,2026,116,93,124.73
AR Patel,Powerplay,2024,19,18,105.56
AR Patel,Powerplay,2025,39,27,144.44
AS Joseph,Death,2019,15,13,115.38
AS Rajpoot,Death,2018,10,13,76.92
AS Rajpoot,Death,2021,9,10,90.0
AS Raut,Death,2009,49,35,140.0
AS Raut,Death,2010,43,39,110.26
AS Raut,Death,2011,28,29,96.55
AS Raut,Middle,2009,29,26,111.54
AS Raut,Middle,2011,25,23,108.7
AS Roy,Death,2023,19,13,146.15
AS Roy,Death,2026,37,22,168.18
AS Roy,Middle,2026,15,17,88.24
AS Yadav,Death,2008,39,29,134.48
AS Yadav,Middle,2008,10,10,100.0
AT Carey,Death,2021,32,29,110.34
AT Rayudu,Death,2010,101,62,162.9
AT Rayudu,Death,2011,70,40,175.0
AT Rayudu,Death,2012,110,58,189.66
AT Rayudu,Death,2013,130,85,152.94
AT Rayudu,Death,2014,40,31,129.03
AT Rayudu,Death,2015,188,93,202.15
AT Rayudu,Death,2016,23,18,127.78
AT Rayudu,Death,2017,38,15,253.33
AT Rayudu,Death,2018,97,52,186.54
AT Rayudu,Death,2019,79,66,119.7
AT Rayudu,Death,2021,173,97,178.35
AT Rayudu,Death,2022,37,21,176.19
AT Rayudu,Death,2023,84,54,155.56
AT Rayudu,Middle,2010,206,152,135.53
AT Rayudu,Middle,2011,245,203,120.69
AT Rayudu,Middle,2012,200,161,124.22
AT Rayudu,Middle,2013,103,119,86.55
AT Rayudu,Middle,2014,244,186,131.18
AT Rayudu,Middle,2015,90,86,104.65
AT Rayudu,Middle,2016,172,148,116.22
AT Rayudu,Middle,2017,43,41,104.88
AT Rayudu,Middle,2018,271,197,137.56
AT Rayudu,Middle,2019,166,171,97.08
AT Rayudu,Middle,2021,372,296,125.68
AT Rayudu,Middle,2022,197,152,129.61
AT Rayudu,Middle,2023,74,59,125.42
AT Rayudu,Powerplay,2010,47,30,156.67
AT Rayudu,Powerplay,2011,79,106,74.53
AT Rayudu,Powerplay,2012,23,33,69.7
AT Rayudu,Powerplay,2013,31,25,124.0
AT Rayudu,Powerplay,2014,76,69,110.14
AT Rayudu,Powerplay,2015,3,13,23.08
AT Rayudu,Powerplay,2016,139,111,125.23
AT Rayudu,Powerplay,2017,10,22,45.45
AT Rayudu,Powerplay,2018,234,152,153.95
AT Rayudu,Powerplay,2019,37,64,57.81
AT Rayudu,Powerplay,2021,54,53,101.89
AT Rayudu,Powerplay,2022,39,50,78.0
AU Rashid,Middle,2023,17,12,141.67
Abdul Samad,Death,2021,151,95,158.95
Abdul Samad,Death,2023,116,77,150.65
Abdul Samad,Death,2024,121,60,201.67
Abdul Samad,Death,2025,106,57,185.96
Abdul Samad,Death,2026,54,33,163.64
Abdul Samad,Middle,2021,71,57,124.56
Abdul Samad,Middle,2023,48,48,100.0
Abdul Samad,Middle,2024,61,48,127.08
Abdul Samad,Middle,2025,58,36,161.11
Abdul Samad,Middle,2026,62,55,112.73
Abhishek Sharma,Death,2018,61,29,210.34
Abhishek Sharma,Death,2021,59,48,122.92
Abhishek Sharma,Death,2023,29,12,241.67
Abhishek Sharma,Death,2026,20,17,117.65
Abhishek Sharma,Middle,2021,67,60,111.67
Abhishek Sharma,Middle,2022,167,109,153.21
Abhishek Sharma,Middle,2023,80,58,137.93
Abhishek Sharma,Middle,2024,141,68,207.35
Abhishek Sharma,Middle,2025,163,67,243.28
Abhishek Sharma,Middle,2026,174,86,202.33
Abhishek Sharma,Powerplay,2021,43,23,186.96
Abhishek Sharma,Powerplay,2022,254,202,125.74
Abhishek Sharma,Powerplay,2023,116,86,134.88
Abhishek Sharma,Powerplay,2024,337,167,201.8
Abhishek Sharma,Powerplay,2025,260,151,172.19
Abhishek Sharma,Powerplay,2026,369,172,214.53
Abishek Porel,Death,2023,8,12,66.67
Abishek Porel,Death,2024,42,18,233.33
Abishek Porel,Middle,2023,24,18,133.33
Abishek Porel,Middle,2024,144,97,148.45
Abishek Porel,Middle,2025,119,85,140.0
Abishek Porel,Middle,2026,38,34,111.76
Abishek Porel,Powerplay,2024,140,89,157.3
Abishek Porel,Powerplay,2025,175,118,148.31
Abishek Porel,Powerplay,2026,66,51,129.41
Akshat Raghuwanshi,Middle,2026,29,25,116.0
Aman Hakim Khan,Death,2023,54,38,142.11
Aman Hakim Khan,Middle,2023,52,58,89.66
Aniket Verma,Death,2025,80,44,181.82
Aniket Verma,Death,2026,63,33,190.91
Aniket Verma,Middle,2025,139,82,169.51
Aniket Verma,Middle,2026,16,21,76.19
Aniket Verma,Powerplay,2025,17,16,106.25
Anirudh Singh,Death,2010,13,14,92.86
Anirudh Singh,Middle,2010,32,32,100.0
Anirudh Singh,Powerplay,2010,18,20,90.0
Ankit Sharma,Death,2012,18,13,138.46
Ankit Sharma,Death,2017,20,12,166.67
Ankit Sharma,Powerplay,2014,27,23,117.39
Anmolpreet Singh,Middle,2023,15,15,100.0
Anmolpreet Singh,Powerplay,2021,16,14,114.29
Anmolpreet Singh,Powerplay,2023,90,67,134.33
Anuj Rawat,Death,2023,74,44,168.18
Anuj Rawat,Death,2024,54,30,180.0
Anuj Rawat,Middle,2022,38,28,135.71
Anuj Rawat,Middle,2023,11,23,47.83
Anuj Rawat,Middle,2024,44,47,93.62
Anuj Rawat,Powerplay,2022,77,83,92.77
Anureet Singh,Death,2015,14,22,63.64
Anureet Singh,Death,2017,15,12,125.0
Arshad Khan,Death,2023,16,11,145.45
Arshad Khan,Death,2024,48,29,165.52
Arshad Khan,Death,2025,16,14,114.29
Arshad Khan,Middle,2024,30,21,142.86
Arshdeep Singh,Death,2022,17,26,65.38
Ashutosh Sharma,Death,2024,122,67,182.09
Ashutosh Sharma,Death,2025,143,76,188.16
Ashutosh Sharma,Death,2026,145,69,210.14
Ashutosh Sharma,Middle,2024,61,43,141.86
Ashutosh Sharma,Middle,2025,60,50,120.0
Ashutosh Sharma,Middle,2026,26,23,113.04
Atharva Taide,Middle,2023,84,64,131.25
Atharva Taide,Middle,2024,19,10,190.0
Atharva Taide,Powerplay,2023,102,65,156.92
Atharva Taide,Powerplay,2024,42,29,144.83
Avesh Khan,Death,2025,21,12,175.0
Azhar Mahmood,Death,2012,76,48,158.33
Azhar Mahmood,Death,2013,41,36,113.89
Azhar Mahmood,Middle,2012,103,90,114.44
Azhar Mahmood,Middle,2013,140,98,142.86
Azhar Mahmood,Powerplay,2013,15,20,75.0
Azmatullah Omarzai,Death,2025,23,14,164.29
Azmatullah Omarzai,Death,2026,40,20,200.0
Azmatullah Omarzai,Middle,2024,36,29,124.14
Azmatullah Omarzai,Middle,2025,34,27,125.93
B Akhil,Death,2008,41,25,164.0
B Chipli,Death,2011,80,44,181.82
B Chipli,Death,2012,20,12,166.67
B Chipli,Middle,2011,107,98,109.18
B Chipli,Middle,2012,16,17,94.12
B Chipli,Powerplay,2008,20,28,71.43
B Chipli,Powerplay,2011,20,28,71.43
B Chipli,Powerplay,2013,14,13,107.69
B Indrajith,Powerplay,2022,19,27,70.37
B Kumar,Death,2012,38,37,102.7
B Kumar,Death,2013,51,67,76.12
B Kumar,Death,2015,17,10,170.0
B Kumar,Death,2016,43,27,159.26
B Kumar,Death,2018,13,16,81.25
B Kumar,Death,2019,12,19,63.16
B Kumar,Death,2021,34,32,106.25
B Kumar,Death,2022,24,25,96.0
B Kumar,Death,2023,24,30,80.0
B Kumar,Death,2024,18,18,100.0
B Kumar,Death,2025,6,12,50.0
B Kumar,Death,2026,30,23,130.43
B Kumar,Middle,2023,18,17,105.88
B Kumar,Middle,2024,5,11,45.45
B Kumar,Middle,2025,8,13,61.54
B Lee,Death,2008,17,12,141.67
B Lee,Death,2009,26,32,81.25
B Lee,Death,2012,33,15,220.0
B Sai Sudharsan,Death,2022,28,17,164.71
B Sai Sudharsan,Death,2023,88,41,214.63
B Sai Sudharsan,Death,2024,50,25,200.0
B Sai Sudharsan,Death,2025,61,29,210.34
B Sai Sudharsan,Death,2026,75,34,220.59
B Sai Sudharsan,Middle,2022,85,70,121.43
B Sai Sudharsan,Middle,2023,188,146,128.77
B Sai Sudharsan,Middle,2024,312,205,152.2
B Sai Sudharsan,Middle,2025,296,199,148.74
B Sai Sudharsan,Middle,2026,298,178,167.42
B Sai Sudharsan,Powerplay,2022,28,26,107.69
B Sai Sudharsan,Powerplay,2023,79,66,119.7
B Sai Sudharsan,Powerplay,2024,160,138,115.94
B Sai Sudharsan,Powerplay,2025,402,258,155.81
B Sai Sudharsan,Powerplay,2026,346,242,142.98
B Sumanth,Death,2010,26,26,100.0
B Sumanth,Middle,2010,9,11,81.82
BA Stokes,Death,2017,76,45,168.89
BA Stokes,Death,2018,19,12,158.33
BA Stokes,Death,2019,68,47,144.68
BA Stokes,Death,2021,36,16,225.0
BA Stokes,Middle,2017,213,154,138.31
BA Stokes,Middle,2018,141,117,120.51
BA Stokes,Middle,2019,55,50,110.0
BA Stokes,Middle,2021,72,60,120.0
BA Stokes,Powerplay,2017,27,22,122.73
BA Stokes,Powerplay,2018,35,31,112.9
BA Stokes,Powerplay,2021,177,127,139.37
BB McCullum,Death,2008,59,21,280.95
BB McCullum,Death,2009,48,25,192.0
BB McCullum,Death,2014,12,10,120.0
BB McCullum,Death,2015,33,19,173.68
BB McCullum,Middle,2008,58,32,181.25
BB McCullum,Middle,2009,71,76,93.42
BB McCullum,Middle,2010,81,68,119.12
BB McCullum,Middle,2011,108,87,124.14
BB McCullum,Middle,2012,153,120,127.5
BB McCullum,Middle,2014,186,164,113.41
BB McCullum,Middle,2015,150,90,166.67
BB McCullum,Middle,2016,124,96,129.17
BB McCullum,Middle,2017,136,86,158.14
BB McCullum,Middle,2018,66,45,146.67
BB McCullum,Powerplay,2008,71,38,186.84
BB McCullum,Powerplay,2009,159,135,117.78
BB McCullum,Powerplay,2010,25,34,73.53
BB McCullum,Powerplay,2011,228,176,129.55
BB McCullum,Powerplay,2012,134,159,84.28
BB McCullum,Powerplay,2014,207,159,130.19
BB McCullum,Powerplay,2015,248,167,148.5
BB McCullum,Powerplay,2016,230,166,138.55
BB McCullum,Powerplay,2017,184,134,137.31
BB McCullum,Powerplay,2018,55,42,130.95
BB Samantray,Death,2013,40,28,142.86
BB Samantray,Middle,2013,68,62,109.68
BB Samantray,Powerplay,2013,15,21,71.43
BCJ Cutting,Death,2016,57,27,211.11
BCJ Cutting,Death,2017,41,21,195.24
BCJ Cutting,Death,2018,94,54,174.07
BCJ Cutting,Death,2019,16,13,123.08
BJ Haddin,Powerplay,2011,18,11,163.64
BJ Hodge,Death,2009,105,55,190.91
BJ Hodge,Death,2011,87,49,177.55
BJ Hodge,Death,2012,147,96,153.12
BJ Hodge,Death,2013,186,120,155.0
BJ Hodge,Death,2014,80,48,166.67
BJ Hodge,Middle,2009,208,184,113.04
BJ Hodge,Middle,2010,55,49,112.24
BJ Hodge,Middle,2011,158,151,104.64
BJ Hodge,Middle,2012,98,77,127.27
BJ Hodge,Middle,2013,106,97,109.28
BJ Hodge,Middle,2014,21,24,87.5
BJ Hodge,Powerplay,2008,12,17,70.59
BJ Hodge,Powerplay,2009,52,70,74.29
BJ Hodge,Powerplay,2010,44,41,107.32
BJ Hodge,Powerplay,2011,40,34,117.65
BJ Rohrer,Death,2013,79,35,225.71
BJ Rohrer,Middle,2013,114,105,108.57
BMAJ Mendis,Middle,2013,22,25,88.0
BR Dunk,Powerplay,2014,40,35,114.29
Basil Thampi,Death,2017,28,28,100.0
Bipul Sharma,Death,2011,23,18,127.78
Bipul Sharma,Death,2012,58,35,165.71
Bipul Sharma,Death,2016,51,25,204.0
Bipul Sharma,Death,2017,31,24,129.17
Bipul Sharma,Middle,2012,14,12,116.67
C Bosch,Death,2025,45,27,166.67
C Bosch,Death,2026,50,31,161.29
C Connolly,Death,2026,94,37,254.05
C Connolly,Middle,2026,256,160,160.0
C Connolly,Powerplay,2026,137,102,134.31
C Green,Death,2023,86,44,195.45
C Green,Death,2024,117,58,201.72
C Green,Death,2026,61,42,145.24
C Green,Middle,2023,197,140,140.71
C Green,Middle,2024,109,96,113.54
C Green,Middle,2026,200,127,157.48
C Green,Powerplay,2023,161,95,169.47
C Green,Powerplay,2024,29,24,120.83
C Green,Powerplay,2026,61,51,119.61
C Madan,Powerplay,2010,14,18,77.78
C Munro,Middle,2019,39,39,100.0
C Munro,Powerplay,2016,24,22,109.09
C Munro,Powerplay,2018,62,38,163.16
C Munro,Powerplay,2019,45,31,145.16
C Sakariya,Death,2021,15,20,75.0
C de Grandhomme,Death,2017,36,30,120.0
C de Grandhomme,Death,2018,107,62,172.58
C de Grandhomme,Death,2019,11,20,55.0
C de Grandhomme,Middle,2017,89,60,148.33
C de Grandhomme,Middle,2018,18,21,85.71
C de Grandhomme,Middle,2019,35,29,120.69
CA Ingram,Death,2019,63,42,150.0
CA Ingram,Middle,2011,14,13,107.69
CA Ingram,Middle,2019,114,106,107.55
CA Ingram,Powerplay,2011,7,12,58.33
CA Lynn,Death,2016,10,10,100.0
CA Lynn,Death,2018,10,10,100.0
CA Lynn,Middle,2014,41,31,132.26
CA Lynn,Middle,2017,105,64,164.06
CA Lynn,Middle,2018,190,152,125.0
CA Lynn,Middle,2019,131,95,137.89
CA Lynn,Middle,2021,36,21,171.43
CA Lynn,Powerplay,2014,17,18,94.44
CA Lynn,Powerplay,2016,15,12,125.0
CA Lynn,Powerplay,2017,179,91,196.7
CA Lynn,Powerplay,2018,291,215,135.35
CA Lynn,Powerplay,2019,258,187,137.97
CA Lynn,Powerplay,2021,13,14,92.86
CA Pujara,Death,2010,21,21,100.0
CA Pujara,Death,2011,13,10,130.0
CA Pujara,Middle,2010,46,42,109.52
CA Pujara,Middle,2011,21,21,100.0
CA Pujara,Middle,2013,29,28,103.57
CA Pujara,Middle,2014,32,30,106.67
CA Pujara,Powerplay,2010,55,52,105.77
CA Pujara,Powerplay,2012,17,21,80.95
CA Pujara,Powerplay,2013,63,70,90.0
CA Pujara,Powerplay,2014,80,85,94.12
CH Gayle,Death,2010,40,18,222.22
CH Gayle,Death,2011,31,20,155.0
CH Gayle,Death,2012,147,60,245.0
CH Gayle,Death,2013,112,58,193.1
CH Gayle,Death,2015,56,24,233.33
CH Gayle,Death,2018,26,16,162.5
CH Gayle,Death,2019,47,23,204.35
CH Gayle,Death,2021,96,56,171.43
CH Gayle,Middle,2009,40,36,111.11
CH Gayle,Middle,2010,127,75,169.33
CH Gayle,Middle,2011,282,147,191.84
CH Gayle,Middle,2012,355,213,166.67
CH Gayle,Middle,2013,309,188,164.36
CH Gayle,Middle,2014,38,46,82.61
CH Gayle,Middle,2015,135,90,150.0
CH Gayle,Middle,2016,76,33,230.3
CH Gayle,Middle,2017,91,55,165.45
CH Gayle,Middle,2018,124,84,147.62
CH Gayle,Middle,2019,181,111,163.06
CH Gayle,Middle,2021,245,207,118.36
CH Gayle,Powerplay,2009,144,112,128.57
CH Gayle,Powerplay,2010,123,90,136.67
CH Gayle,Powerplay,2011,289,164,176.22
CH Gayle,Powerplay,2012,218,178,122.47
CH Gayle,Powerplay,2013,280,208,134.62
CH Gayle,Powerplay,2014,150,133,112.78
CH Gayle,Powerplay,2015,299,217,137.79
CH Gayle,Powerplay,2016,151,117,129.06
CH Gayle,Powerplay,2017,109,107,101.87
CH Gayle,Powerplay,2018,218,152,143.42
CH Gayle,Powerplay,2019,262,185,141.62
CH Gayle,Powerplay,2021,147,103,142.72
CH Morris,Death,2013,13,11,118.18
CH Morris,Death,2015,70,44,159.09
CH Morris,Death,2016,136,76,178.95
CH Morris,Death,2017,120,58,206.9
CH Morris,Death,2018,27,16,168.75
CH Morris,Death,2019,26,27,96.3
CH Morris,Death,2021,101,65,155.38
CH Morris,Middle,2016,59,33,178.79
CH Morris,Middle,2017,34,36,94.44
CH Morris,Middle,2019,6,10,60.0
CJ Anderson,Death,2014,27,27,100.0
CJ Anderson,Death,2015,58,24,241.67
CJ Anderson,Death,2017,83,49,169.39
CJ Anderson,Middle,2014,200,119,168.07
CJ Anderson,Middle,2015,52,57,91.23
CJ Anderson,Middle,2017,49,62,79.03
CJ Anderson,Middle,2018,10,18,55.56
CJ Anderson,Powerplay,2014,38,35,108.57
CJ Anderson,Powerplay,2015,4,15,26.67
CJ Anderson,Powerplay,2017,10,11,90.91
CJ Ferguson,Death,2011,17,12,141.67
CJ Ferguson,Death,2012,6,11,54.55
CJ Ferguson,Middle,2011,25,32,78.12
CJ Ferguson,Middle,2012,33,38,86.84
CJ Ferguson,Powerplay,2011,6,10,60.0
CJ Ferguson,Powerplay,2012,11,14,78.57
CJ Jordan,Death,2021,60,47,127.66
CJ Jordan,Death,2023,6,11,54.55
CJ McKay,Middle,2012,8,15,53.33
CK Kapugedera,Death,2008,15,19,78.95
CL White,Death,2008,17,10,170.0
CL White,Death,2010,44,22,200.0
CL White,Death,2011,54,42,128.57
CL White,Death,2012,183,88,207.95
CL White,Death,2013,61,30,203.33
CL White,Middle,2008,85,76,111.84
CL White,Middle,2011,50,64,78.12
CL White,Middle,2012,252,192,131.25
CL White,Middle,2013,109,117,93.16
CL White,Powerplay,2008,7,14,50.0
CL White,Powerplay,2010,4,11,36.36
CL White,Powerplay,2012,40,39,102.56
CL White,Powerplay,2013,56,49,114.29
CM Gautam,Death,2013,19,14,135.71
CM Gautam,Death,2014,36,30,120.0
CM Gautam,Middle,2013,23,17,135.29
CM Gautam,Middle,2014,23,27,85.19
CM Gautam,Powerplay,2014,62,53,116.98
CR Brathwaite,Death,2016,75,31,241.94
CR Brathwaite,Death,2018,71,38,186.84
CR Brathwaite,Middle,2017,12,15,80.0
CR Brathwaite,Middle,2018,4,10,40.0
CR Woakes,Death,2017,34,31,109.68
CR Woakes,Death,2018,14,14,100.0
CR Woakes,Death,2021,15,11,136.36
CR Woakes,Middle,2017,12,16,75.0
CV Varun,Death,2021,12,19,63.16
CV Varun,Death,2022,12,15,80.0
D Brevis,Death,2025,50,19,263.16
D Brevis,Death,2026,38,21,180.95
D Brevis,Middle,2022,96,67,143.28
D Brevis,Middle,2024,53,38,139.47
D Brevis,Middle,2025,172,102,168.63
D Brevis,Middle,2026,110,91,120.88
D Brevis,Powerplay,2022,65,46,141.3
D Brevis,Powerplay,2024,16,20,80.0
D Ferreira,Death,2026,184,83,221.69
D Ferreira,Middle,2026,119,83,143.37
D Ferreira,Powerplay,2026,14,11,127.27
D Padikkal,Death,2021,39,29,134.48
D Padikkal,Death,2022,27,26,103.85
D Padikkal,Death,2023,48,27,177.78
D Padikkal,Death,2025,24,14,171.43
D Padikkal,Middle,2021,312,261,119.54
D Padikkal,Middle,2022,249,183,136.07
D Padikkal,Middle,2023,105,96,109.38
D Padikkal,Middle,2024,15,22,68.18
D Padikkal,Middle,2025,155,103,150.49
D Padikkal,Middle,2026,219,136,161.03
D Padikkal,Powerplay,2021,531,415,127.95
D Padikkal,Powerplay,2022,99,96,103.12
D Padikkal,Powerplay,2023,108,77,140.26
D Padikkal,Powerplay,2024,22,30,73.33
D Padikkal,Powerplay,2025,68,46,147.83
D Padikkal,Powerplay,2026,245,139,176.26
D Pretorius,Death,2022,44,28,157.14
D Salunkhe,Death,2008,25,17,147.06
D Wiese,Death,2015,99,62,159.68
D Wiese,Death,2023,21,11,190.91
D Wiese,Middle,2015,22,23,95.65
DA Miller,Death,2012,65,40,162.5
DA Miller,Death,2013,178,84,211.9
DA Miller,Death,2014,174,84,207.14
DA Miller,Death,2015,132,62,212.9
DA Miller,Death,2016,85,54,157.41
DA Miller,Death,2017,33,25,132.0
DA Miller,Death,2018,22,15,146.67
DA Miller,Death,2019,66,50,132.0
DA Miller,Death,2021,53,36,147.22
DA Miller,Death,2022,230,131,175.57
DA Miller,Death,2023,145,97,149.48
DA Miller,Death,2024,110,54,203.7
DA Miller,Death,2025,79,68,116.18
DA Miller,Death,2026,128,61,209.84
DA Miller,Middle,2012,33,35,94.29
DA Miller,Middle,2013,233,161,144.72
DA Miller,Middle,2014,259,201,128.86
DA Miller,Middle,2015,199,180,110.56
DA Miller,Middle,2016,69,69,100.0
DA Miller,Middle,2017,42,50,84.0
DA Miller,Middle,2018,45,42,107.14
DA Miller,Middle,2019,143,112,127.68
DA Miller,Middle,2021,56,54,103.7
DA Miller,Middle,2022,240,197,121.83
DA Miller,Middle,2023,109,74,147.3
DA Miller,Middle,2024,94,76,123.68
DA Miller,Middle,2025,70,51,137.25
DA Miller,Middle,2026,79,68,116.18
DA Miller,Powerplay,2014,13,14,92.86
DA Miller,Powerplay,2015,26,25,104.0
DA Miller,Powerplay,2021,15,23,65.22
DA Warner,Death,2010,16,13,123.08
DA Warner,Death,2011,26,15,173.33
DA Warner,Death,2013,96,51,188.24
DA Warner,Death,2014,146,69,211.59
DA Warner,Death,2016,49,25,196.0
DA Warner,Death,2017,70,35,200.0
DA Warner,Death,2019,79,46,171.74
DA Warner,Death,2021,51,32,159.38
DA Warner,Death,2022,34,23,147.83
DA Warner,Death,2023,32,29,110.34
DA Warner,Middle,2009,44,45,97.78
DA Warner,Middle,2010,83,56,148.21
DA Warner,Middle,2011,120,101,118.81
DA Warner,Middle,2012,100,53,188.68
DA Warner,Middle,2013,206,154,133.77
DA Warner,Middle,2014,260,214,121.5
DA Warner,Middle,2015,186,127,146.46
DA Warner,Middle,2016,332,224,148.21
DA Warner,Middle,2017,270,200,135.0
DA Warner,Middle,2019,282,205,137.56
DA Warner,Middle,2021,323,249,129.72
DA Warner,Middle,2022,173,116,149.14
DA Warner,Middle,2023,185,157,117.83
DA Warner,Middle,2024,43,38,113.16
DA Warner,Powerplay,2009,119,86,138.37
DA Warner,Powerplay,2010,177,120,147.5
DA Warner,Powerplay,2011,178,159,111.95
DA Warner,Powerplay,2012,137,97,141.24
DA Warner,Powerplay,2013,108,119,90.76
DA Warner,Powerplay,2014,122,88,138.64
DA Warner,Powerplay,2015,354,221,160.18
DA Warner,Powerplay,2016,463,309,149.84
DA Warner,Powerplay,2017,294,214,137.38
DA Warner,Powerplay,2019,331,230,143.91
DA Warner,Powerplay,2021,370,309,119.74
DA Warner,Powerplay,2022,225,146,154.11
DA Warner,Powerplay,2023,299,205,145.85
DA Warner,Powerplay,2024,125,86,145.35
DB Das,Death,2008,19,20,95.0
DB Das,Death,2012,83,58,143.1
DB Das,Death,2013,15,18,83.33
DB Das,Middle,2008,49,42,116.67
DB Das,Middle,2012,20,13,153.85
DB Das,Middle,2013,60,56,107.14
DB Das,Powerplay,2008,35,32,109.38
DB Das,Powerplay,2012,23,21,109.52
DB Ravi Teja,Death,2008,60,38,157.89
DB Ravi Teja,Death,2009,44,38,115.79
DB Ravi Teja,Death,2011,55,37,148.65
DB Ravi Teja,Middle,2008,38,36,105.56
DB Ravi Teja,Middle,2009,20,26,76.92
DB Ravi Teja,Middle,2011,85,61,139.34
DB Ravi Teja,Middle,2013,10,12,83.33
DB Ravi Teja,Powerplay,2011,42,45,93.33
DE Bollinger,Death,2010,18,16,112.5
DG Nalkande,Middle,2024,12,11,109.09
DH Yagnik,Death,2011,15,21,71.43
DH Yagnik,Death,2012,25,13,192.31
DH Yagnik,Death,2013,51,33,154.55
DH Yagnik,Middle,2013,73,60,121.67
DJ Bravo,Death,2008,59,37,159.46
DJ Bravo,Death,2009,64,40,160.0
DJ Bravo,Death,2010,29,17,170.59
DJ Bravo,Death,2012,269,139,193.53
DJ Bravo,Death,2013,72,50,144.0
DJ Bravo,Death,2015,102,65,156.92
DJ Bravo,Death,2016,70,39,179.49
DJ Bravo,Death,2018,104,58,179.31
DJ Bravo,Death,2019,48,34,141.18
DJ Bravo,Death,2021,54,24,225.0
DJ Bravo,Middle,2008,92,75,122.67
DJ Bravo,Middle,2009,112,119,94.12
DJ Bravo,Middle,2010,18,26,69.23
DJ Bravo,Middle,2012,92,120,76.67
DJ Bravo,Middle,2013,12,21,57.14
DJ Bravo,Middle,2015,92,82,112.2
DJ Bravo,Middle,2016,29,43,67.44
DJ Bravo,Middle,2018,31,32,96.88
DJ Bravo,Middle,2019,32,32,100.0
DJ Bravo,Middle,2022,12,16,75.0
DJ Bravo,Powerplay,2008,24,19,126.32
DJ Bravo,Powerplay,2009,41,42,97.62
DJ Bravo,Powerplay,2010,14,10,140.0
DJ Bravo,Powerplay,2013,37,35,105.71
DJ Harris,Middle,2012,54,37,145.95
DJ Harris,Powerplay,2012,57,64,89.06
DJ Hooda,Death,2015,36,24,150.0
DJ Hooda,Death,2016,61,43,141.86
DJ Hooda,Death,2017,56,36,155.56
DJ Hooda,Death,2018,57,47,121.28
DJ Hooda,Death,2019,34,24,141.67
DJ Hooda,Death,2021,126,80,157.5
DJ Hooda,Death,2022,39,30,130.0
DJ Hooda,Death,2025,12,17,70.59
DJ Hooda,Middle,2015,115,71,161.97
DJ Hooda,Middle,2016,77,73,105.48
DJ Hooda,Middle,2017,22,16,137.5
DJ Hooda,Middle,2018,29,27,107.41
DJ Hooda,Middle,2019,30,39,76.92
DJ Hooda,Middle,2021,120,99,121.21
DJ Hooda,Middle,2022,335,235,142.55
DJ Hooda,Middle,2023,44,45,97.78
DJ Hooda,Middle,2024,84,69,121.74
DJ Hooda,Middle,2025,9,14,64.29
DJ Hooda,Powerplay,2021,11,14,78.57
DJ Hooda,Powerplay,2022,77,64,120.31
DJ Hooda,Powerplay,2023,27,37,72.97
DJ Hooda,Powerplay,2024,44,30,146.67
DJ Hussey,Death,2008,124,67,185.07
DJ Hussey,Death,2009,38,15,253.33
DJ Hussey,Death,2010,47,29,162.07
DJ Hussey,Death,2011,27,22,122.73
DJ Hussey,Death,2012,104,60,173.33
DJ Hussey,Death,2013,16,13,123.08
DJ Hussey,Death,2014,48,23,208.7
DJ Hussey,Middle,2008,174,162,107.41
DJ Hussey,Middle,2009,32,30,106.67
DJ Hussey,Middle,2010,45,49,91.84
DJ Hussey,Middle,2011,37,41,90.24
DJ Hussey,Middle,2012,276,228,121.05
DJ Hussey,Middle,2013,147,150,98.0
DJ Hussey,Middle,2014,67,66,101.52
DJ Hussey,Powerplay,2008,20,29,68.97
DJ Hussey,Powerplay,2009,23,12,191.67
DJ Hussey,Powerplay,2012,16,17,94.12
DJ Hussey,Powerplay,2013,72,45,160.0
DJ Jacobs,Powerplay,2011,83,81,102.47
DJ Jacobs,Powerplay,2012,0,10,0.0
DJ Malan,Middle,2021,25,24,104.17
DJ Mitchell,Death,2024,46,38,121.05
DJ Mitchell,Middle,2022,33,39,84.62
DJ Mitchell,Middle,2024,175,112,156.25
DJ Mitchell,Powerplay,2024,97,73,132.88
DJ Thornely,Middle,2008,35,33,106.06
DJ Thornely,Powerplay,2008,4,20,20.0
DJ Willey,Death,2023,24,22,109.09
DJ Willey,Middle,2022,12,19,63.16
DJ Willey,Middle,2023,11,10,110.0
DJ Willey,Powerplay,2022,6,11,54.55
DJG Sammy,Death,2013,68,40,170.0
DJG Sammy,Death,2014,68,55,123.64
DJG Sammy,Middle,2013,98,87,112.64
DJG Sammy,Middle,2014,40,36,111.11
DJG Sammy,Middle,2015,13,17,76.47
DJM Short,Middle,2018,65,39,166.67
DJM Short,Powerplay,2018,50,60,83.33
DL Chahar,Death,2025,37,25,148.0
DL Chahar,Death,2026,19,14,135.71
DL Chahar,Middle,2018,41,23,178.26
DL Vettori,Death,2009,17,11,154.55
DL Vettori,Death,2010,30,21,142.86
DL Vettori,Death,2011,20,19,105.26
DL Vettori,Middle,2009,17,20,85.0
DL Vettori,Middle,2012,24,18,133.33
DP Conway,Death,2022,25,15,166.67
DP Conway,Death,2023,61,40,152.5
DP Conway,Middle,2022,142,82,173.17
DP Conway,Middle,2023,303,209,144.98
DP Conway,Middle,2025,75,50,150.0
DP Conway,Powerplay,2022,85,75,113.33
DP Conway,Powerplay,2023,307,230,133.48
DP Conway,Powerplay,2025,71,62,114.52
DPMD Jayawardene,Death,2008,45,42,107.14
DPMD Jayawardene,Death,2009,104,63,165.08
DPMD Jayawardene,Death,2010,117,53,220.75
DPMD Jayawardene,Death,2011,38,26,146.15
DPMD Jayawardene,Death,2012,27,25,108.0
DPMD Jayawardene,Death,2013,41,25,164.0
DPMD Jayawardene,Middle,2008,95,68,139.71
DPMD Jayawardene,Middle,2009,108,96,112.5
DPMD Jayawardene,Middle,2010,164,140,117.14
DPMD Jayawardene,Middle,2011,135,130,103.85
DPMD Jayawardene,Middle,2012,179,159,112.58
DPMD Jayawardene,Middle,2013,142,134,105.97
DPMD Jayawardene,Powerplay,2008,39,21,185.71
DPMD Jayawardene,Powerplay,2010,162,106,152.83
DPMD Jayawardene,Powerplay,2011,126,101,124.75
DPMD Jayawardene,Powerplay,2012,129,114,113.16
DPMD Jayawardene,Powerplay,2013,148,153,96.73
DR Martyn,Middle,2010,13,18,72.22
DR Sams,Death,2022,21,17,123.53
DR Sams,Middle,2022,16,13,123.08
DR Smith,Death,2009,52,35,148.57
DR Smith,Death,2010,15,11,136.36
DR Smith,Death,2012,37,22,168.18
DR Smith,Death,2014,32,18,177.78
DR Smith,Middle,2008,19,21,90.48
DR Smith,Middle,2009,127,83,153.01
DR Smith,Middle,2010,7,14,50.0
DR Smith,Middle,2012,54,32,168.75
DR Smith,Middle,2013,223,147,151.7
DR Smith,Middle,2014,197,139,141.73
DR Smith,Middle,2015,137,92,148.91
DR Smith,Middle,2016,125,78,160.26
DR Smith,Middle,2017,114,69,165.22
DR Smith,Powerplay,2008,18,12,150.0
DR Smith,Powerplay,2009,36,13,276.92
DR Smith,Powerplay,2012,65,43,151.16
DR Smith,Powerplay,2013,194,190,102.11
DR Smith,Powerplay,2014,336,258,130.23
DR Smith,Powerplay,2015,262,239,109.62
DR Smith,Powerplay,2016,180,133,135.34
DR Smith,Powerplay,2017,118,82,143.9
DS Kulkarni,Death,2008,2,16,12.5
DS Kulkarni,Death,2009,9,17,52.94
DS Kulkarni,Death,2014,34,22,154.55
DS Kulkarni,Death,2015,4,11,36.36
DS Kulkarni,Death,2016,25,13,192.31
DS Lehmann,Middle,2008,14,15,93.33
DT Christian,Death,2011,114,86,132.56
DT Christian,Death,2012,76,47,161.7
DT Christian,Death,2017,79,49,161.22
DT Christian,Death,2018,20,21,95.24
DT Christian,Death,2021,11,15,73.33
DT Christian,Middle,2011,69,71,97.18
DT Christian,Middle,2012,67,67,100.0
DT Christian,Middle,2013,4,13,30.77
DT Christian,Middle,2018,6,11,54.55
DT Patil,Middle,2008,9,12,75.0
DW Steyn,Death,2010,13,17,76.47
DW Steyn,Death,2011,36,35,102.86
DW Steyn,Death,2012,17,18,94.44
DW Steyn,Death,2013,53,36,147.22
DW Steyn,Death,2014,20,23,86.96
DW Steyn,Death,2015,20,13,153.85
Dhruv Jurel,Death,2023,140,70,200.0
Dhruv Jurel,Death,2024,114,77,148.05
Dhruv Jurel,Death,2025,156,82,190.24
Dhruv Jurel,Death,2026,75,50,150.0
Dhruv Jurel,Middle,2023,12,15,80.0
Dhruv Jurel,Middle,2024,81,64,126.56
Dhruv Jurel,Middle,2025,154,121,127.27
Dhruv Jurel,Middle,2026,312,203,153.69
Dhruv Jurel,Powerplay,2025,23,10,230.0
Dhruv Jurel,Powerplay,2026,128,80,160.0
E Lewis,Death,2022,30,17,176.47
E Lewis,Middle,2018,132,105,125.71
E Lewis,Middle,2019,21,24,87.5
E Lewis,Middle,2021,17,16,106.25
E Lewis,Middle,2022,32,25,128.0
E Lewis,Powerplay,2018,248,167,148.5
E Lewis,Powerplay,2019,27,28,96.43
E Lewis,Powerplay,2021,134,77,174.03
E Lewis,Powerplay,2022,11,14,78.57
E Malinga,Death,2026,6,13,46.15
EJG Morgan,Death,2010,8,10,80.0
EJG Morgan,Death,2011,29,25,116.0
EJG Morgan,Death,2013,119,71,167.61
EJG Morgan,Death,2015,66,36,183.33
EJG Morgan,Death,2016,57,36,158.33
EJG Morgan,Death,2021,237,136,174.26
EJG Morgan,Middle,2010,27,20,135.0
EJG Morgan,Middle,2011,44,36,122.22
EJG Morgan,Middle,2013,174,153,113.73
EJG Morgan,Middle,2015,103,82,125.61
EJG Morgan,Middle,2016,59,58,101.72
EJG Morgan,Middle,2017,42,40,105.0
EJG Morgan,Middle,2021,265,252,105.16
EJG Morgan,Powerplay,2011,64,56,114.29
EJG Morgan,Powerplay,2013,14,16,87.5
EJG Morgan,Powerplay,2015,18,33,54.55
EJG Morgan,Powerplay,2016,7,11,63.64
EJG Morgan,Powerplay,2017,23,22,104.55
EJG Morgan,Powerplay,2021,50,54,92.59
F Behardien,Death,2016,14,12,116.67
F du Plessis,Death,2012,11,14,78.57
F du Plessis,Death,2014,78,47,165.96
F du Plessis,Death,2015,48,36,133.33
F du Plessis,Death,2016,27,14,192.86
F du Plessis,Death,2018,29,11,263.64
F du Plessis,Death,2019,48,20,240.0
F du Plessis,Death,2021,187,93,201.08
F du Plessis,Death,2022,73,40,182.5
F du Plessis,Death,2023,63,33,190.91
F du Plessis,Middle,2012,155,128,121.09
F du Plessis,Middle,2014,139,136,102.21
F du Plessis,Middle,2015,236,201,117.41
F du Plessis,Middle,2016,93,79,117.72
F du Plessis,Middle,2018,45,41,109.76
F du Plessis,Middle,2019,149,124,120.16
F du Plessis,Middle,2021,408,326,125.15
F du Plessis,Middle,2022,194,135,143.7
F du Plessis,Middle,2023,306,226,135.4
F du Plessis,Middle,2024,126,73,172.6
F du Plessis,Middle,2025,68,50,136.0
F du Plessis,Powerplay,2012,231,161,143.48
F du Plessis,Powerplay,2014,86,52,165.38
F du Plessis,Powerplay,2015,96,67,143.28
F du Plessis,Powerplay,2016,86,69,124.64
F du Plessis,Powerplay,2018,87,76,114.47
F du Plessis,Powerplay,2019,199,177,112.43
F du Plessis,Powerplay,2021,486,356,136.52
F du Plessis,Powerplay,2022,201,192,104.69
F du Plessis,Powerplay,2023,359,213,168.54
F du Plessis,Powerplay,2024,309,194,159.28
F du Plessis,Powerplay,2025,129,109,118.35
FH Allen,Middle,2026,142,50,284.0
FH Allen,Powerplay,2026,207,113,183.19
FY Fazal,Death,2010,38,32,118.75
FY Fazal,Middle,2010,68,61,111.48
FY Fazal,Powerplay,2010,58,60,96.67
FY Fazal,Powerplay,2011,18,18,100.0
G Coetzee,Death,2024,11,18,61.11
G Gambhir,Death,2008,22,15,146.67
G Gambhir,Death,2009,25,15,166.67
G Gambhir,Death,2010,43,28,153.57
G Gambhir,Death,2011,38,33,115.15
G Gambhir,Death,2012,41,28,146.43
G Gambhir,Death,2014,29,18,161.11
G Gambhir,Death,2016,37,21,176.19
G Gambhir,Death,2017,21,17,123.53
G Gambhir,Middle,2008,210,147,142.86
G Gambhir,Middle,2009,64,71,90.14
G Gambhir,Middle,2010,117,99,118.18
G Gambhir,Middle,2011,212,164,129.27
G Gambhir,Middle,2012,189,153,123.53
G Gambhir,Middle,2013,132,133,99.25
G Gambhir,Middle,2014,139,110,126.36
G Gambhir,Middle,2015,138,109,126.61
G Gambhir,Middle,2016,241,189,127.51
G Gambhir,Middle,2017,202,152,132.89
G Gambhir,Middle,2018,21,20,105.0
G Gambhir,Powerplay,2008,300,216,138.89
G Gambhir,Powerplay,2009,195,190,102.63
G Gambhir,Powerplay,2010,117,90,130.0
G Gambhir,Powerplay,2011,123,117,105.13
G Gambhir,Powerplay,2012,360,230,156.52
G Gambhir,Powerplay,2013,267,205,130.24
G Gambhir,Powerplay,2014,156,162,96.3
G Gambhir,Powerplay,2015,184,163,112.88
G Gambhir,Powerplay,2016,223,201,110.95
G Gambhir,Powerplay,2017,275,220,125.0
G Gambhir,Powerplay,2018,64,68,94.12
GB Hogg,Death,2012,15,16,93.75
GC Smith,Death,2008,56,31,180.65
GC Smith,Middle,2008,200,154,129.87
GC Smith,Middle,2009,87,77,112.99
GC Smith,Powerplay,2008,181,176,102.84
GC Smith,Powerplay,2009,111,128,86.72
GC Smith,Powerplay,2010,43,34,126.47
GC Smith,Powerplay,2011,39,48,81.25
GD Phillips,Death,2023,31,15,206.67
GD Phillips,Death,2026,31,23,134.78
GD Phillips,Middle,2021,12,18,66.67
GD Phillips,Middle,2026,32,26,123.08
GF Linde,Death,2026,31,21,147.62
GH Vihari,Death,2013,50,46,108.7
GH Vihari,Death,2015,23,14,164.29
GH Vihari,Middle,2013,139,149,93.29
GH Vihari,Middle,2015,6,12,50.0
GH Vihari,Powerplay,2013,50,82,60.98
GJ Bailey,Death,2014,205,118,173.73
GJ Bailey,Death,2015,119,65,183.08
GJ Bailey,Middle,2009,9,10,90.0
GJ Bailey,Middle,2010,11,13,84.62
GJ Bailey,Middle,2014,48,68,70.59
GJ Bailey,Middle,2015,84,86,97.67
GJ Bailey,Middle,2016,53,52,101.92
GJ Bailey,Powerplay,2009,36,29,124.14
GJ Bailey,Powerplay,2010,7,14,50.0
GJ Bailey,Powerplay,2015,56,39,143.59
GJ Bailey,Powerplay,2016,31,43,72.09
GJ Maxwell,Death,2014,57,28,203.57
GJ Maxwell,Death,2015,22,11,200.0
GJ Maxwell,Death,2016,55,33,166.67
GJ Maxwell,Death,2017,48,25,192.0
GJ Maxwell,Death,2018,40,31,129.03
GJ Maxwell,Death,2021,186,117,158.97
GJ Maxwell,Death,2022,90,41,219.51
GJ Maxwell,Death,2023,68,31,219.35
GJ Maxwell,Middle,2012,6,11,54.55
GJ Maxwell,Middle,2014,426,222,191.89
GJ Maxwell,Middle,2015,76,61,124.59
GJ Maxwell,Middle,2016,106,76,139.47
GJ Maxwell,Middle,2017,247,135,182.96
GJ Maxwell,Middle,2018,67,40,167.5
GJ Maxwell,Middle,2021,390,312,125.0
GJ Maxwell,Middle,2022,133,90,147.78
GJ Maxwell,Middle,2023,249,141,176.6
GJ Maxwell,Middle,2024,36,35,102.86
GJ Maxwell,Middle,2025,40,40,100.0
GJ Maxwell,Powerplay,2013,23,20,115.0
GJ Maxwell,Powerplay,2014,69,41,168.29
GJ Maxwell,Powerplay,2015,48,41,117.07
GJ Maxwell,Powerplay,2016,18,15,120.0
GJ Maxwell,Powerplay,2017,11,18,61.11
GJ Maxwell,Powerplay,2018,62,49,126.53
GJ Maxwell,Powerplay,2021,41,30,136.67
GJ Maxwell,Powerplay,2022,78,46,169.57
GJ Maxwell,Powerplay,2023,83,46,180.43
GR Napier,Middle,2009,10,12,83.33
Gulbadin Naib,Death,2024,15,10,150.0
Gurkeerat Singh,Death,2012,63,28,225.0
Gurkeerat Singh,Death,2013,42,27,155.56
Gurkeerat Singh,Death,2015,13,14,92.86
Gurkeerat Singh,Death,2016,49,30,163.33
Gurkeerat Singh,Death,2019,42,23,182.61
Gurkeerat Singh,Death,2021,42,40,105.0
Gurkeerat Singh,Middle,2012,23,24,95.83
Gurkeerat Singh,Middle,2013,50,48,104.17
Gurkeerat Singh,Middle,2015,17,21,80.95
Gurkeerat Singh,Middle,2016,63,53,118.87
Gurkeerat Singh,Middle,2019,43,37,116.22
Gurkeerat Singh,Middle,2021,29,40,72.5
Gurkeerat Singh,Powerplay,2013,16,20,80.0
Gurkeerat Singh,Powerplay,2019,13,10,130.0
H Klaasen,Death,2018,45,31,145.16
H Klaasen,Death,2023,162,86,188.37
H Klaasen,Death,2024,195,91,214.29
H Klaasen,Death,2025,149,69,215.94
H Klaasen,Death,2026,185,104,177.88
H Klaasen,Middle,2023,247,147,168.03
H Klaasen,Middle,2024,269,179,150.28
H Klaasen,Middle,2025,309,188,164.36
H Klaasen,Middle,2026,418,265,157.74
H Klaasen,Powerplay,2023,36,18,200.0
H Klaasen,Powerplay,2025,26,22,118.18
H Klaasen,Powerplay,2026,21,21,100.0
HC Brook,Death,2023,36,25,144.0
HC Brook,Middle,2023,54,44,122.73
HC Brook,Powerplay,2023,96,84,114.29
HE van der Dussen,Death,2022,12,10,120.0
HE van der Dussen,Middle,2022,10,14,71.43
HH Gibbs,Death,2009,47,26,180.77
HH Gibbs,Death,2012,18,13,138.46
HH Gibbs,Middle,2008,69,55,125.45
HH Gibbs,Middle,2009,152,150,101.33
HH Gibbs,Middle,2010,122,115,106.09
HH Gibbs,Middle,2012,24,24,100.0
HH Gibbs,Powerplay,2008,98,98,100.0
HH Gibbs,Powerplay,2009,172,154,111.69
HH Gibbs,Powerplay,2010,138,113,122.12
HH Gibbs,Powerplay,2012,39,51,76.47
HH Pandya,Death,2015,93,41,226.83
HH Pandya,Death,2016,17,20,85.0
HH Pandya,Death,2017,176,98,179.59
HH Pandya,Death,2018,146,105,139.05
HH Pandya,Death,2019,295,150,196.67
HH Pandya,Death,2021,297,164,181.1
HH Pandya,Death,2022,104,74,140.54
HH Pandya,Death,2023,100,59,169.49
HH Pandya,Death,2024,50,34,147.06
HH Pandya,Death,2025,140,82,170.73
HH Pandya,Death,2026,80,59,135.59
HH Pandya,Middle,2015,12,11,109.09
HH Pandya,Middle,2016,14,18,77.78
HH Pandya,Middle,2017,74,61,121.31
HH Pandya,Middle,2018,114,90,126.67
HH Pandya,Middle,2019,105,59,177.97
HH Pandya,Middle,2021,107,99,108.08
HH Pandya,Middle,2022,317,232,136.64
HH Pandya,Middle,2023,182,135,134.81
HH Pandya,Middle,2024,150,107,140.19
HH Pandya,Middle,2025,84,55,152.73
HH Pandya,Middle,2026,112,81,138.27
HH Pandya,Powerplay,2016,13,25,52.0
HH Pandya,Powerplay,2022,65,64,101.56
HH Pandya,Powerplay,2023,59,57,103.51
HH Pandya,Powerplay,2024,16,10,160.0
HM Amla,Death,2016,32,16,200.0
HM Amla,Death,2017,88,35,251.43
HM Amla,Middle,2016,39,30,130.0
HM Amla,Middle,2017,155,126,123.02
HM Amla,Powerplay,2016,86,73,117.81
HM Amla,Powerplay,2017,175,126,138.89
HR Shokeen,Death,2023,23,17,135.29
HR Shokeen,Middle,2022,42,43,97.67
HV Patel,Death,2012,13,12,108.33
HV Patel,Death,2015,19,12,158.33
HV Patel,Death,2018,35,15,233.33
HV Patel,Death,2021,63,44,143.18
HV Patel,Death,2022,39,30,130.0
HV Patel,Death,2025,20,25,80.0
HV Patel,Middle,2018,25,18,138.89
HV Patel,Middle,2021,17,26,65.38
HV Patel,Middle,2024,12,13,92.31
Harbhajan Singh,Death,2008,30,16,187.5
Harbhajan Singh,Death,2009,60,38,157.89
Harbhajan Singh,Death,2010,96,54,177.78
Harbhajan Singh,Death,2011,48,28,171.43
Harbhajan Singh,Death,2012,79,60,131.67
Harbhajan Singh,Death,2013,111,68,163.24
Harbhajan Singh,Death,2014,28,25,112.0
Harbhajan Singh,Death,2015,74,43,172.09
Harbhajan Singh,Death,2016,67,45,148.89
Harbhajan Singh,Death,2017,16,16,100.0
Harbhajan Singh,Middle,2011,15,14,107.14
Harbhajan Singh,Middle,2012,29,20,145.0
Harbhajan Singh,Middle,2013,5,11,45.45
Harbhajan Singh,Middle,2015,31,19,163.16
Harbhajan Singh,Middle,2016,25,39,64.1
Harbhajan Singh,Middle,2018,22,21,104.76
Harbhajan Singh,Powerplay,2011,40,29,137.93
Harbhajan Singh,Powerplay,2015,11,10,110.0
Harpreet Brar,Death,2019,20,12,166.67
Harpreet Brar,Death,2021,62,55,112.73
Harpreet Brar,Death,2023,44,31,141.94
Harpreet Brar,Death,2024,64,44,145.45
Harpreet Brar,Middle,2022,15,20,75.0
Harpreet Brar,Middle,2023,8,10,80.0
Harpreet Brar,Middle,2024,11,10,110.0
Harpreet Brar,Middle,2025,4,11,36.36
Harpreet Singh,Death,2011,8,10,80.0
Harpreet Singh,Death,2024,11,14,78.57
Harpreet Singh,Middle,2011,6,10,60.0
Harpreet Singh,Middle,2023,33,35,94.29
Harpreet Singh,Powerplay,2023,18,16,112.5
Harpreet Singh,Powerplay,2024,12,13,92.31
Harshit Rana,Death,2025,30,32,93.75
Harshit Rana,Middle,2025,27,20,135.0
Himmat Singh,Death,2026,63,37,170.27
Himmat Singh,Middle,2026,26,28,92.86
I Sharma,Death,2009,10,10,100.0
I Sharma,Death,2010,5,15,33.33
I Udana,Death,2021,15,11,136.36
IK Pathan,Death,2008,97,67,144.78
IK Pathan,Death,2009,93,70,132.86
IK Pathan,Death,2010,151,77,196.1
IK Pathan,Death,2011,101,62,162.9
IK Pathan,Death,2012,92,59,155.93
IK Pathan,Death,2013,84,68,123.53
IK Pathan,Death,2014,42,35,120.0
IK Pathan,Middle,2008,26,44,59.09
IK Pathan,Middle,2009,71,69,102.9
IK Pathan,Middle,2010,84,74,113.51
IK Pathan,Middle,2011,49,75,65.33
IK Pathan,Middle,2012,84,67,125.37
IK Pathan,Middle,2013,57,76,75.0
IK Pathan,Middle,2014,13,19,68.42
IK Pathan,Middle,2016,9,11,81.82
IK Pathan,Powerplay,2009,32,19,168.42
IK Pathan,Powerplay,2010,41,35,117.14
IK Pathan,Powerplay,2013,12,11,109.09
IR Jaggi,Death,2012,13,14,92.86
IR Jaggi,Middle,2011,9,13,69.23
IR Jaggi,Middle,2017,28,27,103.7
IR Jaggi,Powerplay,2011,19,24,79.17
IR Jaggi,Powerplay,2017,5,12,41.67
Imran Tahir,Death,2021,13,10,130.0
Iqbal Abdulla,Death,2011,15,12,125.0
Iqbal Abdulla,Death,2013,6,11,54.55
Iqbal Abdulla,Death,2015,16,13,123.08
Iqbal Abdulla,Death,2016,26,10,260.0
Iqbal Abdulla,Middle,2016,10,16,62.5
Ishan Kishan,Death,2016,13,14,92.86
Ishan Kishan,Death,2017,48,25,192.0
Ishan Kishan,Death,2021,137,70,195.71
Ishan Kishan,Death,2022,36,17,211.76
Ishan Kishan,Death,2025,99,46,215.22
Ishan Kishan,Death,2026,62,32,193.75
Ishan Kishan,Middle,2016,29,27,107.41
Ishan Kishan,Middle,2017,69,71,97.18
Ishan Kishan,Middle,2018,211,119,177.31
Ishan Kishan,Middle,2019,83,82,101.22
Ishan Kishan,Middle,2021,391,295,132.54
Ishan Kishan,Middle,2022,157,130,120.77
Ishan Kishan,Middle,2023,120,86,139.53
Ishan Kishan,Middle,2024,73,60,121.67
Ishan Kishan,Middle,2025,169,115,146.96
Ishan Kishan,Middle,2026,353,194,181.96
Ishan Kishan,Powerplay,2017,160,109,146.79
Ishan Kishan,Powerplay,2018,56,61,91.8
Ishan Kishan,Powerplay,2019,13,15,86.67
Ishan Kishan,Powerplay,2021,225,165,136.36
Ishan Kishan,Powerplay,2022,221,199,111.06
Ishan Kishan,Powerplay,2023,333,230,144.78
Ishan Kishan,Powerplay,2024,239,148,161.49
Ishan Kishan,Powerplay,2025,86,70,122.86
Ishan Kishan,Powerplay,2026,187,104,179.81
J Arunkumar,Powerplay,2008,23,23,100.0
J Botha,Death,2011,71,55,129.09
J Botha,Death,2012,48,38,126.32
J Botha,Death,2013,3,10,30.0
J Botha,Death,2015,31,15,206.67
J Botha,Middle,2009,29,21,138.1
J Botha,Middle,2011,150,127,118.11
J Botha,Middle,2012,10,16,62.5
J Botha,Middle,2013,15,19,78.95
J Botha,Powerplay,2009,11,13,84.62
J Botha,Powerplay,2011,9,16,56.25
J Botha,Powerplay,2013,25,23,108.7
J Fraser-McGurk,Middle,2024,64,35,182.86
J Fraser-McGurk,Middle,2025,23,14,164.29
J Fraser-McGurk,Powerplay,2024,260,104,250.0
J Fraser-McGurk,Powerplay,2025,32,38,84.21
J Overton,Death,2026,85,55,154.55
J Overton,Middle,2026,47,30,156.67
J Suchith,Death,2015,42,22,190.91
J Suchith,Middle,2015,6,10,60.0
J Suchith,Middle,2019,6,13,46.15
J Syed Mohammad,Death,2011,15,12,125.0
J Syed Mohammad,Middle,2013,9,11,81.82
J Yadav,Death,2016,6,10,60.0
J Yadav,Death,2021,25,17,147.06
JA Morkel,Death,2008,100,76,131.58
JA Morkel,Death,2009,91,62,146.77
JA Morkel,Death,2010,133,75,177.33
JA Morkel,Death,2011,123,87,141.38
JA Morkel,Death,2012,91,51,178.43
JA Morkel,Death,2013,27,18,150.0
JA Morkel,Death,2015,42,21,200.0
JA Morkel,Middle,2008,135,86,156.98
JA Morkel,Middle,2010,64,55,116.36
JA Morkel,Middle,2011,14,13,107.69
JA Morkel,Middle,2012,16,17,94.12
JA Morkel,Middle,2013,19,19,100.0
JA Morkel,Middle,2014,34,32,106.25
JA Morkel,Middle,2015,31,35,88.57
JA Richardson,Middle,2021,15,22,68.18
JC Archer,Death,2018,14,14,100.0
JC Archer,Death,2019,67,40,167.5
JC Archer,Death,2021,88,51,172.55
JC Archer,Death,2025,31,23,134.78
JC Archer,Death,2026,45,31,145.16
JC Archer,Middle,2025,32,27,118.52
JC Archer,Middle,2026,15,15,100.0
JC Buttler,Death,2016,122,57,214.04
JC Buttler,Death,2018,106,71,149.3
JC Buttler,Death,2021,65,31,209.68
JC Buttler,Death,2022,173,76,227.63
JC Buttler,Death,2023,49,27,181.48
JC Buttler,Death,2024,72,35,205.71
JC Buttler,Death,2025,133,71,187.32
JC Buttler,Death,2026,75,44,170.45
JC Buttler,Middle,2016,116,103,112.62
JC Buttler,Middle,2017,63,48,131.25
JC Buttler,Middle,2018,206,160,128.75
JC Buttler,Middle,2019,144,85,169.41
JC Buttler,Middle,2021,277,179,154.75
JC Buttler,Middle,2022,315,221,142.53
JC Buttler,Middle,2023,154,113,136.28
JC Buttler,Middle,2024,89,71,125.35
JC Buttler,Middle,2025,330,200,165.0
JC Buttler,Middle,2026,284,198,143.43
JC Buttler,Powerplay,2016,16,23,69.57
JC Buttler,Powerplay,2017,210,131,160.31
JC Buttler,Powerplay,2018,235,121,194.21
JC Buttler,Powerplay,2019,167,120,139.17
JC Buttler,Powerplay,2021,228,181,125.97
JC Buttler,Powerplay,2022,369,277,133.21
JC Buttler,Powerplay,2023,185,141,131.21
JC Buttler,Powerplay,2024,198,148,133.78
JC Buttler,Powerplay,2025,75,59,127.12
JC Buttler,Powerplay,2026,167,103,162.14
JD Ryder,Death,2012,45,28,160.71
JD Ryder,Middle,2011,59,34,173.53
JD Ryder,Middle,2012,57,63,90.48
JD Ryder,Powerplay,2009,53,41,129.27
JD Ryder,Powerplay,2011,229,162,141.36
JD Ryder,Powerplay,2012,150,120,125.0
JD Unadkat,Death,2018,36,30,120.0
JD Unadkat,Death,2021,42,34,123.53
JD Unadkat,Death,2022,57,34,167.65
JD Unadkat,Death,2024,24,21,114.29
JDP Oram,Death,2009,51,44,115.91
JDP Oram,Middle,2009,37,48,77.08
JDS Neesham,Death,2014,13,21,61.9
JDS Neesham,Death,2021,13,14,92.86
JDS Neesham,Death,2022,16,12,133.33
JDS Neesham,Middle,2014,29,25,116.0
JDS Neesham,Middle,2022,15,15,100.0
JE Root,Powerplay,2023,10,15,66.67
JEC Franklin,Death,2011,65,36,180.56
JEC Franklin,Death,2012,32,32,100.0
JEC Franklin,Middle,2011,36,34,105.88
JEC Franklin,Middle,2012,115,106,108.49
JEC Franklin,Powerplay,2012,73,84,86.9
JG Bethell,Middle,2025,13,10,130.0
JG Bethell,Middle,2026,13,16,81.25
JG Bethell,Powerplay,2025,54,29,186.21
JG Bethell,Powerplay,2026,83,61,136.07
JH Kallis,Death,2008,27,21,128.57
JH Kallis,Death,2009,44,36,122.22
JH Kallis,Death,2010,101,48,210.42
JH Kallis,Death,2011,47,24,195.83
JH Kallis,Death,2012,108,58,186.21
JH Kallis,Death,2013,39,25,156.0
JH Kallis,Death,2014,28,16,175.0
JH Kallis,Middle,2008,77,77,100.0
JH Kallis,Middle,2009,119,119,100.0
JH Kallis,Middle,2010,196,199,98.49
JH Kallis,Middle,2011,167,165,101.21
JH Kallis,Middle,2012,204,220,92.73
JH Kallis,Middle,2013,150,167,89.82
JH Kallis,Middle,2014,82,63,130.16
JH Kallis,Powerplay,2008,95,85,111.76
JH Kallis,Powerplay,2009,197,176,111.93
JH Kallis,Powerplay,2010,269,242,111.16
JH Kallis,Powerplay,2011,210,189,111.11
JH Kallis,Powerplay,2012,96,104,92.31
JH Kallis,Powerplay,2013,122,130,93.85
JH Kallis,Powerplay,2014,41,49,83.67
JJ Bumrah,Death,2017,16,12,133.33
JJ Bumrah,Death,2018,10,10,100.0
JJ Bumrah,Death,2021,21,20,105.0
JJ Bumrah,Death,2024,12,12,100.0
JJ Roy,Death,2018,27,16,168.75
JJ Roy,Middle,2018,27,19,142.11
JJ Roy,Middle,2021,58,44,131.82
JJ Roy,Middle,2023,108,67,161.19
JJ Roy,Powerplay,2017,45,33,136.36
JJ Roy,Powerplay,2018,66,59,111.86
JJ Roy,Powerplay,2021,92,76,121.05
JJ Roy,Powerplay,2023,177,120,147.5
JJ van der Wath,Death,2011,14,11,127.27
JL Pattinson,Death,2021,15,13,115.38
JM Bairstow,Death,2019,25,10,250.0
JM Bairstow,Death,2021,33,34,97.06
JM Bairstow,Middle,2019,225,142,158.45
JM Bairstow,Middle,2021,240,179,134.08
JM Bairstow,Middle,2022,65,63,103.17
JM Bairstow,Middle,2024,118,72,163.89
JM Bairstow,Powerplay,2019,194,129,150.39
JM Bairstow,Powerplay,2021,320,234,136.75
JM Bairstow,Powerplay,2022,181,105,172.38
JM Bairstow,Powerplay,2024,169,117,144.44
JM Bairstow,Powerplay,2025,80,38,210.53
JM Kemp,Middle,2010,20,13,153.85
JM Sharma,Death,2022,83,41,202.44
JM Sharma,Death,2023,111,60,185.0
JM Sharma,Death,2024,69,38,181.58
JM Sharma,Death,2025,160,80,200.0
JM Sharma,Death,2026,55,42,130.95
JM Sharma,Middle,2022,150,101,148.51
JM Sharma,Middle,2023,181,121,149.59
JM Sharma,Middle,2024,118,104,113.46
JM Sharma,Middle,2025,99,60,165.0
JM Sharma,Middle,2026,61,53,115.09
JM Sharma,Powerplay,2023,10,15,66.67
JO Holder,Death,2014,16,12,133.33
JO Holder,Death,2016,22,19,115.79
JO Holder,Death,2021,86,73,117.81
JO Holder,Death,2022,49,27,181.48
JO Holder,Death,2026,53,39,135.9
JO Holder,Middle,2021,61,46,132.61
JO Holder,Middle,2026,12,10,120.0
JO Holder,Powerplay,2022,8,14,57.14
JP Duminy,Death,2009,136,82,165.85
JP Duminy,Death,2010,87,49,177.55
JP Duminy,Death,2011,90,63,142.86
JP Duminy,Death,2012,166,94,176.6
JP Duminy,Death,2014,217,108,200.93
JP Duminy,Death,2015,98,59,166.1
JP Duminy,Death,2016,73,50,146.0
JP Duminy,Death,2018,13,11,118.18
JP Duminy,Middle,2009,168,174,96.55
JP Duminy,Middle,2010,46,65,70.77
JP Duminy,Middle,2011,114,110,103.64
JP Duminy,Middle,2012,76,90,84.44
JP Duminy,Middle,2014,181,176,102.84
JP Duminy,Middle,2015,203,152,133.55
JP Duminy,Middle,2016,113,96,117.71
JP Duminy,Middle,2018,10,13,76.92
JP Duminy,Powerplay,2009,68,69,98.55
JP Duminy,Powerplay,2010,24,17,141.18
JP Duminy,Powerplay,2014,10,18,55.56
JP Duminy,Powerplay,2015,113,104,108.65
JP Duminy,Powerplay,2018,13,16,81.25
JP Faulkner,Death,2012,14,13,107.69
JP Faulkner,Death,2013,43,38,113.16
JP Faulkner,Death,2014,168,80,210.0
JP Faulkner,Death,2015,97,66,146.97
JP Faulkner,Death,2016,67,44,152.27
JP Faulkner,Death,2017,47,38,123.68
JP Faulkner,Middle,2014,12,13,92.31
JP Faulkner,Middle,2015,46,41,112.2
JP Faulkner,Middle,2016,10,14,71.43
JP Faulkner,Middle,2017,6,18,33.33
JP Faulkner,Powerplay,2013,14,19,73.68
JP Inglis,Death,2025,28,18,155.56
JP Inglis,Middle,2025,122,76,160.53
JP Inglis,Middle,2026,84,61,137.7
JP Inglis,Powerplay,2025,128,77,166.23
JP Inglis,Powerplay,2026,175,77,227.27
JR Hazlewood,Death,2022,16,16,100.0
JR Hazlewood,Middle,2022,2,10,20.0
JR Hopes,Death,2011,63,45,140.0
JR Hopes,Middle,2008,76,45,168.89
JR Hopes,Middle,2011,111,82,135.37
JR Hopes,Powerplay,2008,145,103,140.78
JR Hopes,Powerplay,2011,22,30,73.33
JR Philippe,Middle,2021,26,20,130.0
JR Philippe,Powerplay,2021,51,55,92.73
Joginder Sharma,Death,2009,20,18,111.11
K Goel,Death,2009,14,10,140.0
K Goel,Death,2010,16,18,88.89
K Goel,Middle,2008,15,14,107.14
K Goel,Middle,2009,11,26,42.31
K Goel,Powerplay,2008,61,64,95.31
K Goel,Powerplay,2009,99,97,102.06
K Gowtham,Death,2018,95,42,226.19
K Gowtham,Death,2019,11,11,100.0
K Gowtham,Death,2021,22,14,157.14
K Gowtham,Death,2023,36,20,180.0
K Gowtham,Middle,2018,23,18,127.78
K Gowtham,Middle,2021,20,13,153.85
K Gowtham,Middle,2023,25,16,156.25
K Rabada,Death,2017,6,12,50.0
K Rabada,Death,2019,14,15,93.33
K Rabada,Death,2021,66,50,132.0
K Rabada,Death,2022,46,34,135.29
K Rabada,Death,2024,20,14,142.86
K Rabada,Death,2026,26,20,130.0
K Rabada,Middle,2017,48,49,97.96
K Rabada,Middle,2026,21,18,116.67
KA Jamieson,Death,2021,53,36,147.22
KA Jamieson,Middle,2021,12,19,63.16
KA Jamieson,Middle,2026,12,13,92.31
KA Pollard,Death,2010,205,89,230.34
KA Pollard,Death,2011,97,69,140.58
KA Pollard,Death,2012,102,70,145.71
KA Pollard,Death,2013,244,146,167.12
KA Pollard,Death,2014,172,115,149.57
KA Pollard,Death,2015,225,119,189.08
KA Pollard,Death,2016,136,76,178.95
KA Pollard,Death,2017,158,99,159.6
KA Pollard,Death,2018,25,26,96.15
KA Pollard,Death,2019,161,92,175.0
KA Pollard,Death,2021,381,200,190.5
KA Pollard,Death,2022,100,79,126.58
KA Pollard,Middle,2010,67,56,119.64
KA Pollard,Middle,2011,48,63,76.19
KA Pollard,Middle,2012,118,88,134.09
KA Pollard,Middle,2013,170,132,128.79
KA Pollard,Middle,2014,92,83,110.84
KA Pollard,Middle,2015,190,136,139.71
KA Pollard,Middle,2016,71,61,116.39
KA Pollard,Middle,2017,221,163,135.58
KA Pollard,Middle,2018,96,64,150.0
KA Pollard,Middle,2019,105,82,128.05
KA Pollard,Middle,2021,130,104,125.0
KA Pollard,Middle,2022,44,54,81.48
KA Pollard,Powerplay,2017,16,17,94.12
KB Arun Karthik,Death,2013,22,24,91.67
KB Arun Karthik,Middle,2013,19,14,135.71
KC Sangakkara,Death,2008,47,28,167.86
KC Sangakkara,Death,2009,61,47,129.79
KC Sangakkara,Death,2010,36,24,150.0
KC Sangakkara,Death,2011,12,11,109.09
KC Sangakkara,Death,2012,39,18,216.67
KC Sangakkara,Middle,2008,138,97,142.27
KC Sangakkara,Middle,2009,232,214,108.41
KC Sangakkara,Middle,2010,189,142,133.1
KC Sangakkara,Middle,2011,242,178,135.96
KC Sangakkara,Middle,2012,101,101,100.0
KC Sangakkara,Middle,2013,61,78,78.21
KC Sangakkara,Powerplay,2008,134,72,186.11
KC Sangakkara,Powerplay,2009,39,61,63.93
KC Sangakkara,Powerplay,2010,132,90,146.67
KC Sangakkara,Powerplay,2011,104,102,101.96
KC Sangakkara,Powerplay,2012,54,64,84.38
KC Sangakkara,Powerplay,2013,59,58,101.72
KD Karthik,Death,2008,45,29,155.17
KD Karthik,Death,2009,131,83,157.83
KD Karthik,Death,2010,93,49,189.8
KD Karthik,Death,2011,75,59,127.12
KD Karthik,Death,2012,34,27,125.93
KD Karthik,Death,2013,68,35,194.29
KD Karthik,Death,2014,30,23,130.43
KD Karthik,Death,2015,26,12,216.67
KD Karthik,Death,2016,71,43,165.12
KD Karthik,Death,2017,123,85,144.71
KD Karthik,Death,2018,224,127,176.38
KD Karthik,Death,2019,127,59,215.25
KD Karthik,Death,2021,241,150,160.67
KD Karthik,Death,2022,251,121,207.44
KD Karthik,Death,2023,107,74,144.59
KD Karthik,Death,2024,245,115,213.04
KD Karthik,Middle,2008,100,78,128.21
KD Karthik,Middle,2009,157,134,117.16
KD Karthik,Middle,2010,169,164,103.05
KD Karthik,Middle,2011,190,143,132.87
KD Karthik,Middle,2012,153,139,110.07
KD Karthik,Middle,2013,288,232,124.14
KD Karthik,Middle,2014,231,179,129.05
KD Karthik,Middle,2015,102,92,110.87
KD Karthik,Middle,2016,235,185,127.03
KD Karthik,Middle,2017,218,161,135.4
KD Karthik,Middle,2018,254,195,130.26
KD Karthik,Middle,2019,116,96,120.83
KD Karthik,Middle,2021,139,131,106.11
KD Karthik,Middle,2022,74,57,129.82
KD Karthik,Middle,2023,33,30,110.0
KD Karthik,Middle,2024,77,58,132.76
KD Karthik,Powerplay,2010,16,23,69.57
KD Karthik,Powerplay,2011,17,18,94.44
KD Karthik,Powerplay,2012,51,46,110.87
KD Karthik,Powerplay,2013,149,142,104.93
KD Karthik,Powerplay,2014,64,56,114.29
KD Karthik,Powerplay,2015,13,13,100.0
KD Karthik,Powerplay,2016,29,38,76.32
KD Karthik,Powerplay,2017,16,12,133.33
KD Karthik,Powerplay,2018,20,14,142.86
KD Karthik,Powerplay,2019,10,18,55.56
KD Karthik,Powerplay,2021,12,25,48.0
KH Pandya,Death,2016,80,44,181.82
KH Pandya,Death,2017,99,59,167.8
KH Pandya,Death,2018,119,75,158.67
KH Pandya,Death,2019,84,52,161.54
KH Pandya,Death,2021,122,79,154.43
KH Pandya,Death,2022,59,40,147.5
KH Pandya,Death,2023,20,13,153.85
KH Pandya,Death,2024,82,55,149.09
KH Pandya,Death,2025,37,30,123.33
KH Pandya,Death,2026,94,56,167.86
KH Pandya,Middle,2016,136,66,206.06
KH Pandya,Middle,2017,142,118,120.34
KH Pandya,Middle,2018,107,80,133.75
KH Pandya,Middle,2019,99,98,101.02
KH Pandya,Middle,2021,125,134,93.28
KH Pandya,Middle,2022,107,97,110.31
KH Pandya,Middle,2023,139,119,116.81
KH Pandya,Middle,2024,49,48,102.08
KH Pandya,Middle,2025,65,46,141.3
KH Pandya,Middle,2026,118,87,135.63
KH Pandya,Powerplay,2016,21,14,150.0
KH Pandya,Powerplay,2023,29,32,90.62
KH Pandya,Powerplay,2026,9,10,90.0
KK Cooper,Death,2012,37,19,194.74
KK Cooper,Death,2013,39,22,177.27
KK Cooper,Middle,2014,30,22,136.36
KK Nair,Death,2014,25,11,227.27
KK Nair,Death,2015,69,37,186.49
KK Nair,Death,2016,58,34,170.59
KK Nair,Death,2017,16,10,160.0
KK Nair,Death,2018,84,44,190.91
KK Nair,Middle,2014,169,115,146.96
KK Nair,Middle,2015,103,91,113.19
KK Nair,Middle,2016,177,158,112.03
KK Nair,Middle,2017,61,71,85.92
KK Nair,Middle,2018,192,149,128.86
KK Nair,Middle,2022,13,13,100.0
KK Nair,Middle,2025,89,50,178.0
KK Nair,Powerplay,2014,136,106,128.3
KK Nair,Powerplay,2015,9,17,52.94
KK Nair,Powerplay,2016,117,103,113.59
KK Nair,Powerplay,2017,204,145,140.69
KK Nair,Powerplay,2018,25,28,89.29
KK Nair,Powerplay,2025,109,64,170.31
KL Nagarkoti,Death,2021,16,20,80.0
KL Nagarkoti,Middle,2021,6,13,46.15
KL Rahul,Death,2014,23,17,135.29
KL Rahul,Death,2015,34,21,161.9
KL Rahul,Death,2016,49,29,168.97
KL Rahul,Death,2018,116,45,257.78
KL Rahul,Death,2019,128,78,164.1
KL Rahul,Death,2021,198,107,185.05
KL Rahul,Death,2022,141,74,190.54
KL Rahul,Death,2023,30,30,100.0
KL Rahul,Death,2024,24,19,126.32
KL Rahul,Death,2025,87,48,181.25
KL Rahul,Death,2026,68,30,226.67
KL Rahul,Middle,2014,94,103,91.26
KL Rahul,Middle,2015,99,89,111.24
KL Rahul,Middle,2016,185,126,146.83
KL Rahul,Middle,2018,179,139,128.78
KL Rahul,Middle,2019,232,167,138.92
KL Rahul,Middle,2021,535,391,136.83
KL Rahul,Middle,2022,271,184,147.28
KL Rahul,Middle,2023,107,96,111.46
KL Rahul,Middle,2024,217,155,140.0
KL Rahul,Middle,2025,273,185,147.57
KL Rahul,Middle,2026,283,149,189.93
KL Rahul,Powerplay,2013,12,12,100.0
KL Rahul,Powerplay,2014,49,44,111.36
KL Rahul,Powerplay,2015,8,14,57.14
KL Rahul,Powerplay,2016,163,116,140.52
KL Rahul,Powerplay,2018,364,231,157.58
KL Rahul,Powerplay,2019,232,192,120.83
KL Rahul,Powerplay,2021,569,473,120.3
KL Rahul,Powerplay,2022,203,196,103.57
KL Rahul,Powerplay,2023,137,115,119.13
KL Rahul,Powerplay,2024,273,206,132.52
KL Rahul,Powerplay,2025,186,130,143.08
KL Rahul,Powerplay,2026,241,160,150.62
KM Jadhav,Death,2010,38,23,165.22
KM Jadhav,Death,2011,6,10,60.0
KM Jadhav,Death,2013,92,63,146.03
KM Jadhav,Death,2014,138,86,160.47
KM Jadhav,Death,2015,77,54,142.59
KM Jadhav,Death,2016,36,30,120.0
KM Jadhav,Death,2017,89,57,156.14
KM Jadhav,Death,2019,33,36,91.67
KM Jadhav,Death,2021,26,30,86.67
KM Jadhav,Middle,2010,36,31,116.13
KM Jadhav,Middle,2011,12,11,109.09
KM Jadhav,Middle,2013,55,57,96.49
KM Jadhav,Middle,2015,112,82,136.59
KM Jadhav,Middle,2017,144,98,146.94
KM Jadhav,Middle,2018,14,16,87.5
KM Jadhav,Middle,2019,95,95,100.0
KM Jadhav,Middle,2021,89,85,104.71
KM Jadhav,Powerplay,2017,32,28,114.29
KM Jadhav,Powerplay,2019,31,35,88.57
KMA Paul,Death,2019,18,24,75.0
KP Pietersen,Death,2010,43,25,172.0
KP Pietersen,Death,2012,59,27,218.52
KP Pietersen,Death,2014,20,15,133.33
KP Pietersen,Middle,2009,45,40,112.5
KP Pietersen,Middle,2010,109,84,129.76
KP Pietersen,Middle,2012,169,113,149.56
KP Pietersen,Middle,2014,118,100,118.0
KP Pietersen,Middle,2016,45,43,104.65
KP Pietersen,Powerplay,2009,46,42,109.52
KP Pietersen,Powerplay,2010,84,48,175.0
KP Pietersen,Powerplay,2012,77,67,114.93
KP Pietersen,Powerplay,2014,156,118,132.2
KP Pietersen,Powerplay,2016,28,18,155.56
KR Mayers,Middle,2023,97,58,167.24
KR Mayers,Powerplay,2023,276,200,138.0
KS Bharat,Death,2021,32,19,168.42
KS Bharat,Middle,2021,102,85,120.0
KS Bharat,Powerplay,2021,56,50,112.0
KS Sharma,Middle,2023,6,10,60.0
KS Sharma,Powerplay,2023,6,11,54.55
KS Williamson,Death,2015,25,17,147.06
KS Williamson,Death,2016,29,23,126.09
KS Williamson,Death,2017,75,36,208.33
KS Williamson,Death,2018,61,46,132.61
KS Williamson,Death,2019,54,27,200.0
KS Williamson,Death,2021,194,113,171.68
KS Williamson,Death,2022,19,13,146.15
KS Williamson,Middle,2015,6,10,60.0
KS Williamson,Middle,2016,83,77,107.79
KS Williamson,Middle,2017,157,106,148.11
KS Williamson,Middle,2018,494,320,154.38
KS Williamson,Middle,2019,83,81,102.47
KS Williamson,Middle,2021,267,255,104.71
KS Williamson,Middle,2022,87,74,117.57
KS Williamson,Middle,2024,11,14,78.57
KS Williamson,Powerplay,2016,12,22,54.55
KS Williamson,Powerplay,2017,24,26,92.31
KS Williamson,Powerplay,2018,180,149,120.81
KS Williamson,Powerplay,2019,17,21,80.95
KS Williamson,Powerplay,2021,124,105,118.1
KS Williamson,Powerplay,2022,110,144,76.39
KS Williamson,Powerplay,2024,16,13,123.08
KV Sharma,Death,2013,32,30,106.67
KV Sharma,Death,2014,39,26,150.0
KV Sharma,Death,2015,71,51,139.22
KV Sharma,Death,2016,36,30,120.0
KV Sharma,Death,2017,35,23,152.17
KV Sharma,Death,2024,31,15,206.67
KV Sharma,Middle,2013,46,47,97.87
KV Sharma,Middle,2015,33,34,97.06
KV Sharma,Middle,2017,14,18,77.78
KW Richardson,Death,2013,15,18,83.33
KW Richardson,Middle,2013,19,18,105.56
Kamran Akmal,Death,2008,26,17,152.94
Kamran Akmal,Middle,2008,51,20,255.0
Kamran Akmal,Powerplay,2008,47,40,117.5
Kartik Sharma,Death,2026,77,44,175.0
Kartik Sharma,Middle,2026,187,149,125.5
Kartik Sharma,Powerplay,2026,31,23,134.78
Kartik Tyagi,Death,2021,6,10,60.0
Krish Bhagat,Death,2026,6,13,46.15
Kuldeep Yadav,Death,2017,18,19,94.74
Kuldeep Yadav,Death,2018,12,19,63.16
Kuldeep Yadav,Death,2021,10,14,71.43
Kuldeep Yadav,Death,2022,43,37,116.22
Kuldeep Yadav,Death,2023,31,48,64.58
Kuldeep Yadav,Death,2024,37,35,105.71
Kuldeep Yadav,Death,2025,18,16,112.5
Kuldeep Yadav,Death,2026,6,13,46.15
Kuldeep Yadav,Middle,2022,5,15,33.33
Kumar Kushagra,Powerplay,2026,17,12,141.67
L Balaji,Death,2009,4,10,40.0
L Balaji,Death,2010,17,16,106.25
L Balaji,Death,2013,9,10,90.0
L Ronchi,Powerplay,2008,34,32,106.25
LA Carseldine,Death,2009,19,12,158.33
LA Carseldine,Middle,2009,23,20,115.0
LA Carseldine,Powerplay,2009,38,34,111.76
LA Pomersbach,Death,2008,41,24,170.83
LA Pomersbach,Death,2011,7,10,70.0
LA Pomersbach,Death,2013,19,15,126.67
LA Pomersbach,Middle,2008,76,54,140.74
LA Pomersbach,Middle,2009,13,23,56.52
LA Pomersbach,Middle,2011,28,15,186.67
LA Pomersbach,Middle,2013,14,25,56.0
LA Pomersbach,Powerplay,2008,35,21,166.67
LA Pomersbach,Powerplay,2009,27,23,117.39
LA Pomersbach,Powerplay,2011,16,14,114.29
LA Pomersbach,Powerplay,2013,25,19,131.58
LH Ferguson,Death,2021,57,39,146.15
LJ Wright,Death,2013,80,36,222.22
LJ Wright,Middle,2013,14,15,93.33
LMP Simmons,Death,2014,21,17,123.53
LMP Simmons,Death,2015,35,19,184.21
LMP Simmons,Middle,2014,185,131,141.22
LMP Simmons,Middle,2015,246,194,126.8
LMP Simmons,Middle,2017,50,31,161.29
LMP Simmons,Powerplay,2014,188,142,132.39
LMP Simmons,Powerplay,2015,259,225,115.11
LMP Simmons,Powerplay,2017,87,81,107.41
LPC Silva,Death,2008,23,10,230.0
LR Shukla,Death,2008,108,72,150.0
LR Shukla,Death,2009,33,29,113.79
LR Shukla,Death,2010,17,10,170.0
LR Shukla,Death,2011,14,10,140.0
LR Shukla,Death,2012,40,31,129.03
LR Shukla,Middle,2008,54,48,112.5
LR Shukla,Middle,2009,49,53,92.45
LR Shukla,Middle,2010,19,16,118.75
LR Shukla,Middle,2012,35,26,134.62
LR Shukla,Middle,2014,25,29,86.21
LRPL Taylor,Death,2009,84,49,171.43
LRPL Taylor,Death,2010,32,21,152.38
LRPL Taylor,Death,2011,125,76,164.47
LRPL Taylor,Death,2012,34,24,141.67
LRPL Taylor,Death,2014,22,16,137.5
LRPL Taylor,Middle,2008,55,36,152.78
LRPL Taylor,Middle,2009,159,117,135.9
LRPL Taylor,Middle,2010,56,54,103.7
LRPL Taylor,Middle,2011,55,74,74.32
LRPL Taylor,Middle,2012,144,125,115.2
LRPL Taylor,Middle,2013,50,60,83.33
LRPL Taylor,Middle,2014,31,35,88.57
LRPL Taylor,Powerplay,2008,94,44,213.64
LRPL Taylor,Powerplay,2009,31,40,77.5
LRPL Taylor,Powerplay,2012,19,22,86.36
LS Livingstone,Death,2022,105,45,233.33
LS Livingstone,Death,2023,93,39,238.46
LS Livingstone,Death,2024,71,38,186.84
LS Livingstone,Death,2025,60,23,260.87
LS Livingstone,Middle,2021,32,28,114.29
LS Livingstone,Middle,2022,261,160,163.12
LS Livingstone,Middle,2023,147,100,147.0
LS Livingstone,Middle,2024,39,38,102.63
LS Livingstone,Middle,2025,48,51,94.12
LS Livingstone,Powerplay,2019,57,37,154.05
LS Livingstone,Powerplay,2022,70,33,212.12
LS Livingstone,Powerplay,2023,24,27,88.89
LS Livingstone,Powerplay,2025,4,10,40.0
LS Livingstone,Powerplay,2026,12,16,75.0
Lalit Yadav,Death,2021,31,25,124.0
Lalit Yadav,Death,2022,31,19,163.16
Lalit Yadav,Death,2023,24,29,82.76
Lalit Yadav,Middle,2021,32,45,71.11
Lalit Yadav,Middle,2022,101,96,105.21
Lalit Yadav,Middle,2023,40,28,142.86
Lalit Yadav,Powerplay,2022,23,29,79.31
M Ashwin,Death,2021,15,19,78.95
M Ashwin,Death,2022,12,12,100.0
M Jansen,Death,2023,32,32,100.0
M Jansen,Death,2025,66,53,124.53
M Jansen,Death,2026,47,38,123.68
M Jansen,Middle,2023,7,11,63.64
M Jansen,Middle,2024,16,10,160.0
M Jansen,Middle,2025,9,10,90.0
M Kaif,Death,2008,37,29,127.59
M Kaif,Middle,2008,117,104,112.5
M Kaif,Middle,2010,23,25,92.0
M Kaif,Middle,2011,30,24,125.0
M Kaif,Middle,2012,13,14,92.86
M Kaif,Powerplay,2008,22,37,59.46
M Kartik,Death,2008,13,15,86.67
M Kartik,Death,2009,21,20,105.0
M Kartik,Death,2010,15,15,100.0
M Kartik,Death,2012,26,21,123.81
M Kartik,Middle,2008,17,12,141.67
M Kartik,Middle,2011,10,12,83.33
M Klinger,Middle,2011,22,27,81.48
M Klinger,Powerplay,2011,50,48,104.17
M Manhas,Death,2009,49,37,132.43
M Manhas,Death,2010,64,55,116.36
M Manhas,Death,2011,23,20,115.0
M Manhas,Death,2012,72,48,150.0
M Manhas,Death,2013,11,12,91.67
M Manhas,Death,2014,25,13,192.31
M Manhas,Middle,2009,26,23,113.04
M Manhas,Middle,2010,82,86,95.35
M Manhas,Middle,2011,56,60,93.33
M Manhas,Middle,2012,48,48,100.0
M Manhas,Middle,2014,10,10,100.0
M Manhas,Powerplay,2011,35,43,81.4
M Markande,Death,2018,21,23,91.3
M Markande,Death,2023,21,13,161.54
M Morkel,Death,2010,9,16,56.25
M Morkel,Death,2011,36,24,150.0
M Morkel,Death,2013,55,27,203.7
M Ntini,Death,2008,11,18,61.11
M Prasidh Krishna,Death,2022,6,12,50.0
M Rawat,Death,2008,24,27,88.89
M Rawat,Death,2009,12,12,100.0
M Rawat,Middle,2008,10,10,100.0
M Shahrukh Khan,Death,2021,95,59,161.02
M Shahrukh Khan,Death,2022,41,33,124.24
M Shahrukh Khan,Death,2023,143,79,181.01
M Shahrukh Khan,Death,2024,24,15,160.0
M Shahrukh Khan,Death,2025,88,45,195.56
M Shahrukh Khan,Middle,2021,58,50,116.0
M Shahrukh Khan,Middle,2022,61,68,89.71
M Shahrukh Khan,Middle,2023,13,14,92.86
M Shahrukh Khan,Middle,2024,95,55,172.73
M Shahrukh Khan,Middle,2025,91,51,178.43
M Shahrukh Khan,Middle,2026,36,25,144.0
M Theekshana,Death,2025,8,18,44.44
M Vijay,Death,2010,64,23,278.26
M Vijay,Death,2012,16,12,133.33
M Vijay,Death,2013,19,13,146.15
M Vijay,Death,2016,20,15,133.33
M Vijay,Middle,2009,16,18,88.89
M Vijay,Middle,2010,153,102,150.0
M Vijay,Middle,2011,206,121,170.25
M Vijay,Middle,2012,124,87,142.53
M Vijay,Middle,2013,70,78,89.74
M Vijay,Middle,2014,105,66,159.09
M Vijay,Middle,2015,48,47,102.13
M Vijay,Middle,2016,170,145,117.24
M Vijay,Middle,2019,26,34,76.47
M Vijay,Powerplay,2009,44,49,89.8
M Vijay,Powerplay,2010,241,167,144.31
M Vijay,Powerplay,2011,222,210,105.71
M Vijay,Powerplay,2012,196,166,118.07
M Vijay,Powerplay,2013,223,195,114.36
M Vijay,Powerplay,2014,102,126,80.95
M Vijay,Powerplay,2015,203,181,112.15
M Vijay,Powerplay,2016,263,204,128.92
M Vijay,Powerplay,2018,12,10,120.0
M Vijay,Powerplay,2019,38,27,140.74
M Vijay,Powerplay,2021,30,39,76.92
M Vohra,Death,2017,36,12,300.0
M Vohra,Middle,2013,76,60,126.67
M Vohra,Middle,2014,108,88,122.73
M Vohra,Middle,2015,22,21,104.76
M Vohra,Middle,2016,60,39,153.85
M Vohra,Middle,2017,52,41,126.83
M Vohra,Middle,2018,12,12,100.0
M Vohra,Powerplay,2013,65,48,135.42
M Vohra,Powerplay,2014,210,138,152.17
M Vohra,Powerplay,2015,60,60,100.0
M Vohra,Powerplay,2016,101,92,109.78
M Vohra,Powerplay,2017,141,106,133.02
M Vohra,Powerplay,2018,43,35,122.86
M Vohra,Powerplay,2021,42,39,107.69
M Vohra,Powerplay,2022,19,11,172.73
M Vohra,Powerplay,2023,10,11,90.91
MA Agarwal,Death,2012,75,27,277.78
MA Agarwal,Death,2015,14,10,140.0
MA Agarwal,Death,2021,112,51,219.61
MA Agarwal,Middle,2011,42,37,113.51
MA Agarwal,Middle,2012,52,55,94.55
MA Agarwal,Middle,2013,14,10,140.0
MA Agarwal,Middle,2014,25,20,125.0
MA Agarwal,Middle,2015,81,63,128.57
MA Agarwal,Middle,2018,66,54,122.22
MA Agarwal,Middle,2019,231,146,158.22
MA Agarwal,Middle,2021,350,218,160.55
MA Agarwal,Middle,2022,51,49,104.08
MA Agarwal,Middle,2023,114,88,129.55
MA Agarwal,Middle,2025,61,36,169.44
MA Agarwal,Powerplay,2011,95,80,118.75
MA Agarwal,Powerplay,2012,98,75,130.67
MA Agarwal,Powerplay,2013,49,47,104.26
MA Agarwal,Powerplay,2014,84,69,121.74
MA Agarwal,Powerplay,2015,118,103,114.56
MA Agarwal,Powerplay,2016,27,25,108.0
MA Agarwal,Powerplay,2017,26,27,96.3
MA Agarwal,Powerplay,2018,43,33,130.3
MA Agarwal,Powerplay,2019,86,79,108.86
MA Agarwal,Powerplay,2021,401,312,128.53
MA Agarwal,Powerplay,2022,145,111,130.63
MA Agarwal,Powerplay,2023,142,114,124.56
MA Agarwal,Powerplay,2024,59,52,113.46
MA Agarwal,Powerplay,2025,29,23,126.09
MA Khote,Death,2008,18,15,120.0
MA Starc,Death,2014,48,49,97.96
MA Starc,Death,2015,11,14,78.57
MA Starc,Death,2024,9,11,81.82
MA Starc,Death,2025,6,10,60.0
MA Starc,Middle,2014,37,35,105.71
MC Henriques,Death,2009,27,15,180.0
MC Henriques,Death,2013,87,52,167.31
MC Henriques,Death,2015,67,37,181.08
MC Henriques,Death,2016,58,39,148.72
MC Henriques,Death,2017,77,43,179.07
MC Henriques,Middle,2009,11,25,44.0
MC Henriques,Middle,2013,75,69,108.7
MC Henriques,Middle,2014,9,11,81.82
MC Henriques,Middle,2015,167,132,126.52
MC Henriques,Middle,2016,82,71,115.49
MC Henriques,Middle,2017,137,112,122.32
MC Henriques,Middle,2021,19,23,82.61
MC Henriques,Powerplay,2015,49,41,119.51
MC Henriques,Powerplay,2016,42,47,89.36
MC Henriques,Powerplay,2017,63,48,131.25
MC Juneja,Death,2013,17,16,106.25
MC Juneja,Middle,2013,88,94,93.62
MC Juneja,Powerplay,2013,20,18,111.11
MD Choudhary,Death,2026,115,77,149.35
MD Choudhary,Middle,2026,55,43,127.91
MD Mishra,Death,2011,27,19,142.11
MD Mishra,Middle,2010,57,44,129.55
MD Mishra,Middle,2011,23,20,115.0
MD Mishra,Powerplay,2010,107,98,109.18
MD Mishra,Powerplay,2011,17,21,80.95
MD Shanaka,Death,2026,23,17,135.29
MD Shanaka,Middle,2023,17,16,106.25
MD Shanaka,Middle,2026,40,29,137.93
MDKJ Perera,Powerplay,2013,14,13,107.69
MEK Hussey,Death,2008,66,26,253.85
MEK Hussey,Death,2010,13,13,100.0
MEK Hussey,Death,2011,67,37,181.08
MEK Hussey,Death,2013,98,50,196.0
MEK Hussey,Middle,2008,78,50,156.0
MEK Hussey,Middle,2010,20,27,74.07
MEK Hussey,Middle,2011,235,187,125.67
MEK Hussey,Middle,2012,114,90,126.67
MEK Hussey,Middle,2013,327,253,129.25
MEK Hussey,Middle,2014,83,75,110.67
MEK Hussey,Middle,2015,30,26,115.38
MEK Hussey,Powerplay,2008,24,24,100.0
MEK Hussey,Powerplay,2011,190,189,100.53
MEK Hussey,Powerplay,2012,145,143,101.4
MEK Hussey,Powerplay,2013,307,262,117.18
MEK Hussey,Powerplay,2014,126,107,117.76
MEK Hussey,Powerplay,2015,32,37,86.49
MF Maharoof,Death,2008,111,63,176.19
MF Maharoof,Death,2009,21,21,100.0
MF Maharoof,Middle,2008,14,16,87.5
MF Maharoof,Middle,2010,28,18,155.56
MG Bracewell,Death,2023,13,13,100.0
MG Bracewell,Middle,2023,43,32,134.38
MG Johnson,Death,2013,34,31,109.68
MG Johnson,Death,2014,56,50,112.0
MG Johnson,Death,2015,29,30,96.67
MG Johnson,Death,2017,19,13,146.15
MG Johnson,Death,2018,15,10,150.0
MJ Clarke,Middle,2012,22,30,73.33
MJ Clarke,Powerplay,2012,76,64,118.75
MJ Guptill,Middle,2016,34,26,130.77
MJ Guptill,Powerplay,2016,23,29,79.31
MJ Guptill,Powerplay,2017,110,78,141.03
MJ Guptill,Powerplay,2019,80,49,163.27
MJ Lumb,Middle,2010,53,40,132.5
MJ Lumb,Powerplay,2010,225,149,151.01
MJ McClenaghan,Death,2017,15,13,115.38
MJ McClenaghan,Death,2019,11,16,68.75
MJ McClenaghan,Middle,2016,28,17,164.71
MJ Santner,Death,2019,26,11,236.36
MJ Santner,Death,2025,36,27,133.33
MJ Santner,Death,2026,26,19,136.84
MJ Santner,Middle,2019,5,11,45.45
MJ Santner,Middle,2024,12,12,100.0
MJ Santner,Powerplay,2022,20,24,83.33
MK Lomror,Death,2018,17,17,100.0
MK Lomror,Death,2021,46,25,184.0
MK Lomror,Death,2022,43,25,172.0
MK Lomror,Death,2023,38,32,118.75
MK Lomror,Death,2024,86,43,200.0
MK Lomror,Middle,2021,93,80,116.25
MK Lomror,Middle,2022,37,29,127.59
MK Lomror,Middle,2023,93,54,172.22
MK Lomror,Middle,2024,39,25,156.0
MK Lomror,Powerplay,2021,14,22,63.64
MK Lomror,Powerplay,2023,3,10,30.0
MK Pandey,Death,2009,35,19,184.21
MK Pandey,Death,2011,19,10,190.0
MK Pandey,Death,2012,31,20,155.0
MK Pandey,Death,2013,44,29,151.72
MK Pandey,Death,2014,58,38,152.63
MK Pandey,Death,2016,18,18,100.0
MK Pandey,Death,2017,119,71,167.61
MK Pandey,Death,2018,118,86,137.21
MK Pandey,Death,2019,68,43,158.14
MK Pandey,Death,2021,127,88,144.32
MK Pandey,Death,2023,12,13,92.31
MK Pandey,Death,2025,40,18,222.22
MK Pandey,Middle,2009,84,60,140.0
MK Pandey,Middle,2010,71,68,104.41
MK Pandey,Middle,2011,120,115,104.35
MK Pandey,Middle,2012,39,31,125.81
MK Pandey,Middle,2013,70,68,102.94
MK Pandey,Middle,2014,230,190,121.05
MK Pandey,Middle,2015,131,107,122.43
MK Pandey,Middle,2016,188,129,145.74
MK Pandey,Middle,2017,244,208,117.31
MK Pandey,Middle,2018,139,125,111.2
MK Pandey,Middle,2019,203,175,116.0
MK Pandey,Middle,2021,326,291,112.03
MK Pandey,Middle,2022,57,46,123.91
MK Pandey,Middle,2023,110,97,113.4
MK Pandey,Middle,2024,34,26,130.77
MK Pandey,Middle,2025,52,47,110.64
MK Pandey,Middle,2026,41,29,141.38
MK Pandey,Powerplay,2009,48,38,126.32
MK Pandey,Powerplay,2010,177,157,112.74
MK Pandey,Powerplay,2011,107,102,104.9
MK Pandey,Powerplay,2012,68,59,115.25
MK Pandey,Powerplay,2013,22,40,55.0
MK Pandey,Powerplay,2014,121,115,105.22
MK Pandey,Powerplay,2015,91,74,122.97
MK Pandey,Powerplay,2016,42,36,116.67
MK Pandey,Powerplay,2017,28,27,103.7
MK Pandey,Powerplay,2018,27,35,77.14
MK Pandey,Powerplay,2019,74,46,160.87
MK Pandey,Powerplay,2021,258,189,136.51
MK Pandey,Powerplay,2022,31,34,91.18
MK Pandey,Powerplay,2023,37,35,105.71
MK Pandey,Powerplay,2026,29,20,145.0
MK Tiwary,Death,2008,32,19,168.42
MK Tiwary,Death,2009,9,10,90.0
MK Tiwary,Death,2010,62,33,187.88
MK Tiwary,Death,2011,82,59,138.98
MK Tiwary,Death,2012,89,72,123.61
MK Tiwary,Death,2013,53,43,123.26
MK Tiwary,Death,2014,78,53,147.17
MK Tiwary,Death,2017,183,117,156.41
MK Tiwary,Middle,2008,58,54,107.41
MK Tiwary,Middle,2010,115,108,106.48
MK Tiwary,Middle,2011,207,205,100.98
MK Tiwary,Middle,2012,148,131,112.98
MK Tiwary,Middle,2013,79,85,92.94
MK Tiwary,Middle,2014,73,60,121.67
MK Tiwary,Middle,2015,36,32,112.5
MK Tiwary,Middle,2017,119,98,121.43
MK Tiwary,Middle,2018,35,30,116.67
MK Tiwary,Powerplay,2008,14,12,116.67
MK Tiwary,Powerplay,2010,59,44,134.09
MK Tiwary,Powerplay,2011,65,58,112.07
MK Tiwary,Powerplay,2012,23,43,53.49
MK Tiwary,Powerplay,2013,14,12,116.67
MK Tiwary,Powerplay,2015,21,24,87.5
MK Tiwary,Powerplay,2017,18,20,90.0
MK Tiwary,Powerplay,2018,8,11,72.73
ML Hayden,Death,2008,39,20,195.0
ML Hayden,Death,2009,53,29,182.76
ML Hayden,Middle,2008,68,45,151.11
ML Hayden,Middle,2009,234,174,134.48
ML Hayden,Middle,2010,109,74,147.3
ML Hayden,Powerplay,2008,72,62,116.13
ML Hayden,Powerplay,2009,284,190,149.47
ML Hayden,Powerplay,2010,237,205,115.61
MM Ali,Death,2019,90,43,209.3
MM Ali,Death,2021,75,42,178.57
MM Ali,Death,2022,37,29,127.59
MM Ali,Death,2023,37,21,176.19
MM Ali,Death,2024,38,19,200.0
MM Ali,Middle,2018,74,39,189.74
MM Ali,Middle,2019,106,67,158.21
MM Ali,Middle,2021,244,179,136.31
MM Ali,Middle,2022,96,81,118.52
MM Ali,Middle,2023,62,50,124.0
MM Ali,Middle,2024,72,67,107.46
MM Ali,Powerplay,2019,24,23,104.35
MM Ali,Powerplay,2021,50,55,90.91
MM Ali,Powerplay,2022,111,67,165.67
MM Ali,Powerplay,2023,23,16,143.75
MM Ali,Powerplay,2024,18,12,150.0
MM Ali,Powerplay,2025,4,11,36.36
MM Patel,Death,2009,33,24,137.5
MM Sharma,Death,2015,28,18,155.56
MM Sharma,Death,2016,18,14,128.57
MM Sharma,Death,2017,34,37,91.89
MM Sharma,Middle,2016,14,12,116.67
MM Sharma,Middle,2017,17,13,130.77
MM Sharma,Middle,2024,2,14,14.29
MN Samuels,Death,2012,25,17,147.06
MN Samuels,Middle,2012,91,87,104.6
MN Samuels,Middle,2013,7,14,50.0
MN Samuels,Middle,2017,29,29,100.0
MN Samuels,Powerplay,2012,8,19,42.11
MN van Wyk,Death,2009,66,43,153.49
MN van Wyk,Middle,2009,69,63,109.52
MN van Wyk,Powerplay,2009,28,25,112.0
MP Breetzke,Powerplay,2025,14,12,116.67
MP Stoinis,Death,2016,48,27,177.78
MP Stoinis,Death,2017,7,11,63.64
MP Stoinis,Death,2018,70,50,140.0
MP Stoinis,Death,2019,145,87,166.67
MP Stoinis,Death,2021,180,103,174.76
MP Stoinis,Death,2022,129,82,157.32
MP Stoinis,Death,2023,120,57,210.53
MP Stoinis,Death,2024,45,26,173.08
MP Stoinis,Death,2025,107,37,289.19
MP Stoinis,Death,2026,123,56,219.64
MP Stoinis,Middle,2016,60,46,130.43
MP Stoinis,Middle,2018,27,24,112.5
MP Stoinis,Middle,2019,66,68,97.06
MP Stoinis,Middle,2021,201,152,132.24
MP Stoinis,Middle,2022,27,24,112.5
MP Stoinis,Middle,2023,239,183,130.6
MP Stoinis,Middle,2024,205,138,148.55
MP Stoinis,Middle,2025,38,29,131.03
MP Stoinis,Middle,2026,71,54,131.48
MP Stoinis,Powerplay,2016,38,35,108.57
MP Stoinis,Powerplay,2021,59,51,115.69
MP Stoinis,Powerplay,2023,49,31,158.06
MP Stoinis,Powerplay,2024,130,97,134.02
MP Stoinis,Powerplay,2025,15,19,78.95
MR Marsh,Death,2010,14,12,116.67
MR Marsh,Death,2011,36,29,124.14
MR Marsh,Death,2013,75,44,170.45
MR Marsh,Death,2016,7,11,63.64
MR Marsh,Death,2022,36,20,180.0
MR Marsh,Death,2025,40,18,222.22
MR Marsh,Death,2026,28,21,133.33
MR Marsh,Middle,2010,14,18,77.78
MR Marsh,Middle,2011,14,20,70.0
MR Marsh,Middle,2013,65,62,104.84
MR Marsh,Middle,2022,100,84,119.05
MR Marsh,Middle,2023,63,49,128.57
MR Marsh,Middle,2024,18,12,150.0
MR Marsh,Middle,2025,292,175,166.86
MR Marsh,Middle,2026,210,135,155.56
MR Marsh,Powerplay,2022,115,85,135.29
MR Marsh,Powerplay,2023,65,48,135.42
MR Marsh,Powerplay,2024,43,26,165.38
MR Marsh,Powerplay,2025,295,188,156.91
MR Marsh,Powerplay,2026,317,187,169.52
MS Bisla,Death,2013,45,24,187.5
MS Bisla,Middle,2010,61,51,119.61
MS Bisla,Middle,2011,12,20,60.0
MS Bisla,Middle,2012,138,110,125.45
MS Bisla,Middle,2013,57,53,107.55
MS Bisla,Powerplay,2010,146,117,124.79
MS Bisla,Powerplay,2011,60,69,86.96
MS Bisla,Powerplay,2012,75,50,150.0
MS Bisla,Powerplay,2013,153,158,96.84
MS Bisla,Powerplay,2015,37,30,123.33
MS Dhoni,Death,2008,185,105,176.19
MS Dhoni,Death,2009,131,84,155.95
MS Dhoni,Death,2010,91,46,197.83
MS Dhoni,Death,2011,264,127,207.87
MS Dhoni,Death,2012,222,142,156.34
MS Dhoni,Death,2013,284,140,202.86
MS Dhoni,Death,2014,301,166,181.33
MS Dhoni,Death,2015,236,140,168.57
MS Dhoni,Death,2016,190,113,168.14
MS Dhoni,Death,2017,168,107,157.01
MS Dhoni,Death,2018,297,147,202.04
MS Dhoni,Death,2019,254,153,166.01
MS Dhoni,Death,2021,212,150,141.33
MS Dhoni,Death,2022,168,104,161.54
MS Dhoni,Death,2023,102,53,192.45
MS Dhoni,Death,2024,161,72,223.61
MS Dhoni,Death,2025,176,116,151.72
MS Dhoni,Middle,2008,229,204,112.25
MS Dhoni,Middle,2009,197,175,112.57
MS Dhoni,Middle,2010,190,156,121.79
MS Dhoni,Middle,2011,127,118,107.63
MS Dhoni,Middle,2012,129,128,100.78
MS Dhoni,Middle,2013,168,137,122.63
MS Dhoni,Middle,2014,70,81,86.42
MS Dhoni,Middle,2015,136,164,82.93
MS Dhoni,Middle,2016,86,85,101.18
MS Dhoni,Middle,2017,122,143,85.31
MS Dhoni,Middle,2018,151,143,105.59
MS Dhoni,Middle,2019,143,145,98.62
MS Dhoni,Middle,2021,89,112,79.46
MS Dhoni,Middle,2022,51,77,66.23
MS Dhoni,Middle,2025,20,29,68.97
MS Dhoni,Powerplay,2016,8,12,66.67
MS Dhoni,Powerplay,2018,7,11,63.64
MS Dhoni,Powerplay,2021,13,17,76.47
MS Gony,Death,2008,35,21,166.67
MS Gony,Death,2013,45,22,204.55
MS Wade,Middle,2011,20,26,76.92
MS Wade,Middle,2022,46,47,97.87
MS Wade,Powerplay,2022,111,91,121.98
MV Boucher,Death,2008,114,65,175.38
MV Boucher,Death,2009,97,67,144.78
MV Boucher,Middle,2008,89,88,101.14
MV Boucher,Middle,2009,46,47,97.87
MV Boucher,Powerplay,2008,22,24,91.67
MW Short,Middle,2023,10,14,71.43
MW Short,Middle,2026,27,24,112.5
MW Short,Powerplay,2023,107,78,137.18
MW Short,Powerplay,2026,31,25,124.0
Mandeep Singh,Death,2011,40,33,121.21
Mandeep Singh,Death,2012,25,22,113.64
Mandeep Singh,Death,2013,19,14,135.71
Mandeep Singh,Death,2015,25,14,178.57
Mandeep Singh,Death,2018,167,97,172.16
Mandeep Singh,Death,2019,110,75,146.67
Mandeep Singh,Death,2021,23,15,153.33
Mandeep Singh,Middle,2012,187,146,128.08
Mandeep Singh,Middle,2013,64,55,116.36
Mandeep Singh,Middle,2015,100,62,161.29
Mandeep Singh,Middle,2017,87,91,95.6
Mandeep Singh,Middle,2018,79,85,92.94
Mandeep Singh,Middle,2019,55,45,122.22
Mandeep Singh,Middle,2021,73,59,123.73
Mandeep Singh,Powerplay,2010,4,11,36.36
Mandeep Singh,Powerplay,2012,219,173,126.59
Mandeep Singh,Powerplay,2013,177,154,114.94
Mandeep Singh,Powerplay,2014,24,25,96.0
Mandeep Singh,Powerplay,2015,32,24,133.33
Mandeep Singh,Powerplay,2017,100,82,121.95
Mandeep Singh,Powerplay,2021,49,48,102.08
Mandeep Singh,Powerplay,2022,18,23,78.26
Misbah-ul-Haq,Death,2008,42,20,210.0
Misbah-ul-Haq,Middle,2008,48,42,114.29
Misbah-ul-Haq,Powerplay,2008,27,19,142.11
Mohammad Ashraful,Powerplay,2009,2,10,20.0
Mohammad Hafeez,Middle,2008,26,38,68.42
Mohammad Hafeez,Powerplay,2008,28,36,77.78
Mohammad Nabi,Death,2019,85,54,157.41
Mohammad Nabi,Death,2021,20,13,153.85
Mohammad Nabi,Death,2024,12,14,85.71
Mohammad Nabi,Middle,2018,14,10,140.0
Mohammad Nabi,Middle,2019,24,21,114.29
Mohammad Nabi,Middle,2021,25,15,166.67
Mohammad Nabi,Powerplay,2024,20,13,153.85
Mohammed Shami,Death,2013,5,10,50.0
Mohammed Shami,Death,2017,29,20,145.0
Mohammed Shami,Death,2021,15,19,78.95
Mohammed Shami,Death,2025,10,10,100.0
Mohammed Shami,Death,2026,30,21,142.86
Mohammed Siraj,Death,2018,25,22,113.64
Mohammed Siraj,Death,2019,4,12,33.33
Mohammed Siraj,Death,2021,37,40,92.5
Mohammed Siraj,Death,2022,30,33,90.91
Mohammed Siraj,Middle,2026,5,10,50.0
Mohsin Khan,Death,2022,22,13,169.23
Mustafizur Rahman,Death,2021,8,14,57.14
N Jagadeesan,Death,2022,11,13,84.62
N Jagadeesan,Middle,2021,32,26,123.08
N Jagadeesan,Middle,2022,29,24,120.83
N Jagadeesan,Middle,2023,26,23,113.04
N Jagadeesan,Powerplay,2023,63,58,108.62
N Pooran,Death,2019,40,36,111.11
N Pooran,Death,2021,144,80,180.0
N Pooran,Death,2022,135,78,173.08
N Pooran,Death,2023,175,100,175.0
N Pooran,Death,2024,220,125,176.0
N Pooran,Death,2025,119,57,208.77
N Pooran,Death,2026,41,15,273.33
N Pooran,Middle,2019,112,62,180.65
N Pooran,Middle,2021,276,187,147.59
N Pooran,Middle,2022,171,125,136.8
N Pooran,Middle,2023,176,104,169.23
N Pooran,Middle,2024,247,143,172.73
N Pooran,Middle,2025,294,143,205.59
N Pooran,Middle,2026,144,130,110.77
N Pooran,Powerplay,2021,18,18,100.0
N Pooran,Powerplay,2024,32,11,290.91
N Pooran,Powerplay,2025,106,65,163.08
N Pooran,Powerplay,2026,49,38,128.95
N Rana,Death,2017,43,21,204.76
N Rana,Death,2018,66,36,183.33
N Rana,Death,2019,63,30,210.0
N Rana,Death,2021,122,75,162.67
N Rana,Death,2022,41,27,151.85
N Rana,Death,2023,50,29,172.41
N Rana,Middle,2016,73,54,135.19
N Rana,Middle,2017,196,166,118.07
N Rana,Middle,2018,166,134,123.88
N Rana,Middle,2019,225,150,150.0
N Rana,Middle,2021,387,295,131.19
N Rana,Middle,2022,231,162,142.59
N Rana,Middle,2023,269,192,140.1
N Rana,Middle,2024,30,20,150.0
N Rana,Middle,2025,111,78,142.31
N Rana,Middle,2026,135,74,182.43
N Rana,Powerplay,2016,13,13,100.0
N Rana,Powerplay,2017,94,76,123.68
N Rana,Powerplay,2018,72,62,116.13
N Rana,Powerplay,2019,56,55,101.82
N Rana,Powerplay,2021,225,197,114.21
N Rana,Powerplay,2022,83,60,138.33
N Rana,Powerplay,2023,90,70,128.57
N Rana,Powerplay,2024,12,14,85.71
N Rana,Powerplay,2025,85,48,177.08
N Rana,Powerplay,2026,71,67,105.97
N Saini,Middle,2012,53,49,108.16
N Saini,Powerplay,2012,80,83,96.39
N Sindhu,Middle,2026,34,27,125.93
N Sindhu,Powerplay,2026,29,23,126.09
N Wadhera,Death,2023,77,42,183.33
N Wadhera,Death,2024,22,13,169.23
N Wadhera,Death,2025,34,21,161.9
N Wadhera,Death,2026,21,14,150.0
N Wadhera,Middle,2023,144,105,137.14
N Wadhera,Middle,2024,86,68,126.47
N Wadhera,Middle,2025,302,206,146.6
N Wadhera,Middle,2026,44,39,112.82
N Wadhera,Powerplay,2023,20,18,111.11
N Wadhera,Powerplay,2025,32,24,133.33
NA Saini,Death,2021,26,25,104.0
ND Doshi,Death,2011,0,13,0.0
NJ Maddinson,Powerplay,2014,16,14,114.29
NL McCullum,Death,2011,20,17,117.65
NLTC Perera,Death,2013,146,98,148.98
NLTC Perera,Death,2016,114,64,178.12
NLTC Perera,Middle,2011,8,13,61.54
NLTC Perera,Middle,2013,82,60,136.67
NLTC Perera,Middle,2015,12,15,80.0
NLTC Perera,Middle,2016,35,28,125.0
NLTC Perera,Powerplay,2011,14,10,140.0
NM Coulter-Nile,Death,2015,16,10,160.0
NM Coulter-Nile,Death,2017,14,12,116.67
NM Coulter-Nile,Death,2021,29,20,145.0
NS Naik,Death,2016,12,19,63.16
NS Naik,Middle,2016,11,12,91.67
NS Naik,Powerplay,2019,7,16,43.75
NT Ellis,Death,2021,18,16,112.5
NV Ojha,Death,2010,46,25,184.0
NV Ojha,Death,2011,35,19,184.21
NV Ojha,Death,2012,56,43,130.23
NV Ojha,Death,2014,89,51,174.51
NV Ojha,Death,2015,50,31,161.29
NV Ojha,Death,2016,70,66,106.06
NV Ojha,Death,2017,44,44,100.0
NV Ojha,Middle,2009,79,57,138.6
NV Ojha,Middle,2010,122,92,132.61
NV Ojha,Middle,2011,33,42,78.57
NV Ojha,Middle,2012,118,88,134.09
NV Ojha,Middle,2014,103,78,132.05
NV Ojha,Middle,2015,87,86,101.16
NV Ojha,Middle,2016,59,62,95.16
NV Ojha,Middle,2017,35,21,166.67
NV Ojha,Powerplay,2009,76,79,96.2
NV Ojha,Powerplay,2010,208,166,125.3
NV Ojha,Powerplay,2011,92,100,92.0
NV Ojha,Powerplay,2012,77,92,83.7
NV Ojha,Powerplay,2014,34,31,109.68
NV Ojha,Powerplay,2016,7,10,70.0
Naman Dhir,Death,2024,57,24,237.5
Naman Dhir,Death,2025,190,97,195.88
Naman Dhir,Death,2026,49,31,158.06
Naman Dhir,Middle,2024,45,19,236.84
Naman Dhir,Middle,2025,27,26,103.85
Naman Dhir,Middle,2026,177,119,148.74
Naman Dhir,Powerplay,2024,38,35,108.57
Naman Dhir,Powerplay,2025,35,15,233.33
Naman Dhir,Powerplay,2026,92,66,139.39
Naveen-ul-Haq,Death,2023,15,15,100.0
Niraj Patel,Death,2008,37,22,168.18
Niraj Patel,Middle,2008,31,25,124.0
Niraj Patel,Middle,2009,8,17,47.06
Niraj Patel,Powerplay,2008,35,34,102.94
Niraj Patel,Powerplay,2009,10,21,47.62
Nithish Kumar Reddy,Death,2024,53,30,176.67
Nithish Kumar Reddy,Death,2025,46,26,176.92
Nithish Kumar Reddy,Death,2026,136,63,215.87
Nithish Kumar Reddy,Middle,2024,213,142,150.0
Nithish Kumar Reddy,Middle,2025,101,92,109.78
Nithish Kumar Reddy,Middle,2026,162,103,157.28
Nithish Kumar Reddy,Powerplay,2024,37,40,92.5
Nithish Kumar Reddy,Powerplay,2025,34,34,100.0
Nithish Kumar Reddy,Powerplay,2026,4,10,40.0
Noor Ahmad,Death,2025,7,17,41.18
Noor Ahmad,Middle,2026,2,14,14.29
OA Shah,Death,2010,68,48,141.67
OA Shah,Death,2011,26,15,173.33
OA Shah,Death,2012,160,93,172.04
OA Shah,Death,2013,15,15,100.0
OA Shah,Middle,2010,42,42,100.0
OA Shah,Middle,2012,161,149,108.05
OA Shah,Powerplay,2012,18,13,138.46
OF Smith,Death,2022,48,35,137.14
P Dogra,Death,2010,57,40,142.5
P Dogra,Death,2012,11,14,78.57
P Dogra,Middle,2010,50,66,75.76
P Dogra,Middle,2012,4,10,40.0
P Dubey,Death,2021,7,13,53.85
P Dubey,Middle,2023,13,16,81.25
P Kumar,Death,2008,73,57,128.07
P Kumar,Death,2009,65,43,151.16
P Kumar,Death,2011,27,31,87.1
P Kumar,Death,2012,35,29,120.69
P Kumar,Death,2013,45,38,118.42
P Kumar,Death,2015,12,22,54.55
P Kumar,Death,2016,23,22,104.55
P Kumar,Middle,2008,33,36,91.67
P Negi,Death,2012,26,18,144.44
P Negi,Death,2015,103,65,158.46
P Negi,Death,2016,32,26,123.08
P Negi,Death,2017,90,62,145.16
P Negi,Middle,2012,10,11,90.91
P Negi,Middle,2016,25,30,83.33
P Negi,Middle,2017,54,49,110.2
P Nissanka,Middle,2026,43,36,119.44
P Nissanka,Powerplay,2026,234,137,170.8
P Ray Barman,Middle,2019,19,23,82.61
P Sahu,Death,2016,19,13,146.15
P Simran Singh,Death,2019,15,11,136.36
P Simran Singh,Death,2023,34,16,212.5
P Simran Singh,Middle,2023,105,68,154.41
P Simran Singh,Middle,2024,98,65,150.77
P Simran Singh,Middle,2025,201,119,168.91
P Simran Singh,Middle,2026,229,133,172.18
P Simran Singh,Powerplay,2021,30,31,96.77
P Simran Singh,Powerplay,2022,14,11,127.27
P Simran Singh,Powerplay,2023,219,154,142.21
P Simran Singh,Powerplay,2024,230,147,156.46
P Simran Singh,Powerplay,2025,372,240,155.0
P Simran Singh,Powerplay,2026,270,166,162.65
PA Patel,Death,2010,10,10,100.0
PA Patel,Death,2012,14,14,100.0
PA Patel,Death,2019,22,17,129.41
PA Patel,Middle,2008,103,97,106.19
PA Patel,Middle,2009,14,16,87.5
PA Patel,Middle,2010,33,27,122.22
PA Patel,Middle,2011,116,97,119.59
PA Patel,Middle,2012,70,56,125.0
PA Patel,Middle,2013,67,77,87.01
PA Patel,Middle,2014,56,51,109.8
PA Patel,Middle,2015,108,70,154.29
PA Patel,Middle,2016,72,48,150.0
PA Patel,Middle,2017,87,80,108.75
PA Patel,Middle,2018,35,31,112.9
PA Patel,Middle,2019,85,68,125.0
PA Patel,Powerplay,2008,194,198,97.98
PA Patel,Powerplay,2009,128,110,116.36
PA Patel,Powerplay,2010,29,42,69.05
PA Patel,Powerplay,2011,84,78,107.69
PA Patel,Powerplay,2012,109,94,115.96
PA Patel,Powerplay,2013,210,170,123.53
PA Patel,Powerplay,2014,130,126,103.17
PA Patel,Powerplay,2015,231,176,131.25
PA Patel,Powerplay,2016,94,96,97.92
PA Patel,Powerplay,2017,308,213,144.6
PA Patel,Powerplay,2018,118,78,151.28
PA Patel,Powerplay,2019,265,180,147.22
PA Reddy,Middle,2012,21,23,91.3
PA Reddy,Middle,2013,25,28,89.29
PA Reddy,Powerplay,2012,37,31,119.35
PA Reddy,Powerplay,2013,66,73,90.41
PBB Rajapaksa,Middle,2022,145,94,154.26
PBB Rajapaksa,Middle,2023,48,40,120.0
PBB Rajapaksa,Powerplay,2022,56,29,193.1
PBB Rajapaksa,Powerplay,2023,21,19,110.53
PC Valthaty,Death,2011,46,22,209.09
PC Valthaty,Middle,2011,143,106,134.91
PC Valthaty,Middle,2013,4,11,36.36
PC Valthaty,Powerplay,2009,6,11,54.55
PC Valthaty,Powerplay,2011,268,206,130.1
PC Valthaty,Powerplay,2012,30,51,58.82
PD Collingwood,Death,2010,81,45,180.0
PD Collingwood,Middle,2010,96,92,104.35
PD Collingwood,Powerplay,2010,26,19,136.84
PD Salt,Death,2023,30,16,187.5
PD Salt,Middle,2023,80,46,173.91
PD Salt,Middle,2024,133,74,179.73
PD Salt,Middle,2025,85,47,180.85
PD Salt,Middle,2026,84,45,186.67
PD Salt,Powerplay,2023,108,71,152.11
PD Salt,Powerplay,2024,296,158,187.34
PD Salt,Powerplay,2025,314,180,174.44
PD Salt,Powerplay,2026,118,75,157.33
PHKD Mendis,Death,2025,25,24,104.17
PHKD Mendis,Middle,2025,61,35,174.29
PJ Cummins,Death,2017,59,38,155.26
PJ Cummins,Death,2021,181,109,166.06
PJ Cummins,Death,2022,35,13,269.23
PJ Cummins,Death,2024,90,70,128.57
PJ Cummins,Death,2025,81,37,218.92
PJ Cummins,Middle,2017,18,14,128.57
PJ Cummins,Middle,2021,58,61,95.08
PJ Cummins,Middle,2022,26,10,260.0
PJ Cummins,Middle,2024,43,24,179.17
PJ Cummins,Middle,2025,16,21,76.19
PJ Cummins,Middle,2026,20,11,181.82
PJ Sangwan,Death,2009,6,10,60.0
PK Garg,Death,2021,60,36,166.67
PK Garg,Middle,2021,124,130,95.38
PK Garg,Middle,2022,22,13,169.23
PK Garg,Powerplay,2021,17,17,100.0
PK Garg,Powerplay,2022,24,20,120.0
PK Garg,Powerplay,2023,10,13,76.92
PN Mankad,Death,2023,14,10,140.0
PN Mankad,Middle,2023,34,24,141.67
PN Mankad,Powerplay,2023,45,37,121.62
PP Chawla,Death,2008,77,43,179.07
PP Chawla,Death,2009,25,30,83.33
PP Chawla,Death,2010,54,48,112.5
PP Chawla,Death,2011,33,29,113.79
PP Chawla,Death,2012,78,60,130.0
PP Chawla,Death,2013,34,33,103.03
PP Chawla,Death,2014,31,17,182.35
PP Chawla,Death,2015,32,28,114.29
PP Chawla,Death,2018,16,19,84.21
PP Chawla,Death,2019,34,26,130.77
PP Chawla,Death,2023,17,17,100.0
PP Chawla,Middle,2008,12,15,80.0
PP Chawla,Middle,2010,8,11,72.73
PP Chawla,Middle,2011,15,26,57.69
PP Chawla,Middle,2012,28,28,100.0
PP Chawla,Middle,2013,30,24,125.0
PP Chawla,Middle,2015,22,19,115.79
PP Chawla,Middle,2018,11,15,73.33
PP Chawla,Middle,2019,8,11,72.73
PP Chawla,Powerplay,2016,15,13,115.38
PP Ojha,Death,2012,4,13,30.77
PP Shaw,Death,2019,30,19,157.89
PP Shaw,Middle,2018,63,42,150.0
PP Shaw,Middle,2019,102,72,141.67
PP Shaw,Middle,2021,198,134,147.76
PP Shaw,Middle,2022,66,40,165.0
PP Shaw,Middle,2023,28,20,140.0
PP Shaw,Middle,2024,58,33,175.76
PP Shaw,Powerplay,2018,182,118,154.24
PP Shaw,Powerplay,2019,220,172,127.91
PP Shaw,Powerplay,2021,509,331,153.78
PP Shaw,Powerplay,2022,217,144,150.69
PP Shaw,Powerplay,2023,77,64,120.31
PP Shaw,Powerplay,2024,140,88,159.09
PR Shah,Death,2008,14,11,127.27
PR Shah,Middle,2008,19,22,86.36
PR Shah,Middle,2009,11,12,91.67
PR Shah,Powerplay,2009,30,30,100.0
PR Veer,Death,2026,47,39,120.51
PR Veer,Middle,2026,43,28,153.57
PSP Handscomb,Middle,2016,6,12,50.0
PV Tambe,Death,2016,1,10,10.0
PVD Chameera,Death,2022,43,28,153.57
PVD Chameera,Death,2025,9,13,69.23
PWH de Silva,Death,2022,21,20,105.0
PWH de Silva,Death,2023,33,28,117.86
PWH de Silva,Middle,2022,17,23,73.91
PWH de Silva,Middle,2025,8,11,72.73
Prince Yadav,Death,2025,5,10,50.0
Priyansh Arya,Middle,2025,161,81,198.77
Priyansh Arya,Middle,2026,70,35,200.0
Priyansh Arya,Powerplay,2025,384,217,176.96
Priyansh Arya,Powerplay,2026,294,136,216.18
Q de Kock,Death,2016,27,14,192.86
Q de Kock,Death,2019,45,26,173.08
Q de Kock,Death,2021,14,12,116.67
Q de Kock,Death,2022,81,28,289.29
Q de Kock,Death,2025,24,11,218.18
Q de Kock,Death,2026,30,13,230.77
Q de Kock,Middle,2014,37,30,123.33
Q de Kock,Middle,2015,44,27,162.96
Q de Kock,Middle,2016,175,129,135.66
Q de Kock,Middle,2018,71,55,129.09
Q de Kock,Middle,2019,165,135,122.22
Q de Kock,Middle,2021,304,234,129.91
Q de Kock,Middle,2022,164,124,132.26
Q de Kock,Middle,2023,64,49,130.61
Q de Kock,Middle,2024,101,74,136.49
Q de Kock,Middle,2025,40,29,137.93
Q de Kock,Middle,2026,67,36,186.11
Q de Kock,Powerplay,2013,6,15,40.0
Q de Kock,Powerplay,2014,116,100,116.0
Q de Kock,Powerplay,2015,78,50,156.0
Q de Kock,Powerplay,2016,242,183,132.24
Q de Kock,Powerplay,2018,130,107,121.5
Q de Kock,Powerplay,2019,319,235,135.74
Q de Kock,Powerplay,2021,484,370,130.81
Q de Kock,Powerplay,2022,257,188,136.7
Q de Kock,Powerplay,2023,70,48,145.83
Q de Kock,Powerplay,2024,139,104,133.65
Q de Kock,Powerplay,2025,88,76,115.79
Q de Kock,Powerplay,2026,35,32,109.38
R Ashwin,Death,2009,8,13,61.54
R Ashwin,Death,2010,24,27,88.89
R Ashwin,Death,2012,18,15,120.0
R Ashwin,Death,2013,18,19,94.74
R Ashwin,Death,2014,23,20,115.0
R Ashwin,Death,2015,52,32,162.5
R Ashwin,Death,2016,12,13,92.31
R Ashwin,Death,2018,79,51,154.9
R Ashwin,Death,2019,36,22,163.64
R Ashwin,Death,2021,74,63,117.46
R Ashwin,Death,2022,89,48,185.42
R Ashwin,Death,2023,35,19,184.21
R Ashwin,Middle,2010,6,13,46.15
R Ashwin,Middle,2013,5,12,41.67
R Ashwin,Middle,2014,22,25,88.0
R Ashwin,Middle,2016,29,19,152.63
R Ashwin,Middle,2018,23,18,127.78
R Ashwin,Middle,2021,7,13,53.85
R Ashwin,Middle,2022,55,56,98.21
R Ashwin,Middle,2023,32,28,114.29
R Ashwin,Middle,2024,81,68,119.12
R Ashwin,Middle,2025,13,16,81.25
R Ashwin,Powerplay,2013,12,18,66.67
R Ashwin,Powerplay,2022,46,30,153.33
R Ashwin,Powerplay,2025,20,12,166.67
R Bhatia,Death,2008,29,18,161.11
R Bhatia,Death,2009,7,16,43.75
R Bhatia,Death,2010,23,12,191.67
R Bhatia,Death,2011,25,22,113.64
R Bhatia,Death,2012,20,11,181.82
R Bhatia,Death,2013,71,43,165.12
R Bhatia,Death,2014,42,29,144.83
R Bhatia,Death,2016,34,20,170.0
R Bhatia,Middle,2008,5,10,50.0
R Bhatia,Middle,2012,15,17,88.24
R Bhatia,Middle,2013,28,37,75.68
R Bhatia,Middle,2014,25,24,104.17
R Bhatia,Middle,2017,16,17,94.12
R Bishnoi,Powerplay,2009,18,14,128.57
R Dhawan,Death,2013,10,12,83.33
R Dhawan,Death,2014,62,54,114.81
R Dhawan,Death,2015,34,28,121.43
R Dhawan,Death,2022,33,22,150.0
R Dhawan,Death,2023,15,10,150.0
R Dhawan,Middle,2014,20,21,95.24
R Dhawan,Middle,2022,4,18,22.22
R Dravid,Death,2008,113,58,194.83
R Dravid,Death,2009,33,23,143.48
R Dravid,Death,2010,15,10,150.0
R Dravid,Death,2012,15,11,136.36
R Dravid,Death,2013,21,14,150.0
R Dravid,Middle,2008,220,193,113.99
R Dravid,Middle,2009,194,174,111.49
R Dravid,Middle,2010,147,110,133.64
R Dravid,Middle,2011,165,129,127.91
R Dravid,Middle,2012,124,136,91.18
R Dravid,Middle,2013,218,188,115.96
R Dravid,Powerplay,2008,37,46,80.43
R Dravid,Powerplay,2009,44,37,118.92
R Dravid,Powerplay,2010,94,79,118.99
R Dravid,Powerplay,2011,175,180,97.22
R Dravid,Powerplay,2012,323,265,121.89
R Dravid,Powerplay,2013,232,222,104.5
R McLaren,Death,2010,24,20,120.0
R McLaren,Death,2011,43,35,122.86
R McLaren,Middle,2010,30,31,96.77
R McLaren,Middle,2011,47,61,77.05
R McLaren,Powerplay,2010,12,18,66.67
R Minz,Middle,2025,6,15,40.0
R Parag,Death,2019,70,39,179.49
R Parag,Death,2021,105,69,152.17
R Parag,Death,2022,133,93,143.01
R Parag,Death,2023,34,24,141.67
R Parag,Death,2024,141,76,185.53
R Parag,Death,2025,73,42,173.81
R Parag,Death,2026,14,10,140.0
R Parag,Middle,2019,90,83,108.43
R Parag,Middle,2021,74,83,89.16
R Parag,Middle,2022,50,39,128.21
R Parag,Middle,2023,44,41,107.32
R Parag,Middle,2024,382,268,142.54
R Parag,Middle,2025,235,148,158.78
R Parag,Middle,2026,241,145,166.21
R Parag,Powerplay,2024,50,39,128.21
R Parag,Powerplay,2025,84,46,182.61
R Parag,Powerplay,2026,53,40,132.5
R Powell,Death,2022,134,63,212.7
R Powell,Death,2024,95,52,182.69
R Powell,Death,2026,72,41,175.61
R Powell,Middle,2022,116,104,111.54
R Powell,Middle,2024,8,16,50.0
R Powell,Middle,2026,103,86,119.77
R Powell,Powerplay,2026,15,13,115.38
R Rampaul,Death,2013,35,33,106.06
R Rampaul,Middle,2014,13,13,100.0
R Ravindra,Middle,2024,49,27,181.48
R Ravindra,Middle,2025,61,50,122.0
R Ravindra,Powerplay,2024,169,110,153.64
R Ravindra,Powerplay,2025,105,88,119.32
R Sai Kishore,Death,2025,5,10,50.0
R Sathish,Death,2010,59,40,147.5
R Sathish,Death,2011,20,19,105.26
R Sathish,Death,2013,67,42,159.52
R Sathish,Death,2016,18,17,105.88
R Sathish,Middle,2010,53,56,94.64
R Sathish,Middle,2013,41,34,120.59
R Sharma,Death,2010,29,26,111.54
R Sharma,Death,2011,23,19,121.05
R Sharma,Death,2012,2,11,18.18
R Sharma,Death,2013,11,17,64.71
R Shepherd,Death,2022,34,22,154.55
R Shepherd,Death,2024,57,21,271.43
R Shepherd,Death,2025,64,23,278.26
R Shepherd,Death,2026,34,32,106.25
R Shepherd,Middle,2022,24,18,133.33
R Shepherd,Middle,2026,49,33,148.48
R Shukla,Death,2014,17,20,85.0
R Smaran,Powerplay,2026,10,19,52.63
R Tewatia,Death,2018,35,27,129.63
R Tewatia,Death,2019,21,15,140.0
R Tewatia,Death,2021,222,142,156.34
R Tewatia,Death,2022,181,99,182.83
R Tewatia,Death,2023,70,39,179.49
R Tewatia,Death,2024,156,88,177.27
R Tewatia,Death,2025,85,50,170.0
R Tewatia,Death,2026,110,71,154.93
R Tewatia,Middle,2014,9,10,90.0
R Tewatia,Middle,2018,15,16,93.75
R Tewatia,Middle,2021,186,183,101.64
R Tewatia,Middle,2022,36,48,75.0
R Tewatia,Middle,2023,17,18,94.44
R Tewatia,Middle,2024,30,38,78.95
R Tewatia,Middle,2026,79,58,136.21
R Vinay Kumar,Death,2008,17,15,113.33
R Vinay Kumar,Death,2009,40,34,117.65
R Vinay Kumar,Death,2010,27,32,84.38
R Vinay Kumar,Death,2011,33,31,106.45
R Vinay Kumar,Death,2012,59,51,115.69
R Vinay Kumar,Death,2013,63,40,157.5
R Vinay Kumar,Death,2016,13,12,108.33
R Vinay Kumar,Middle,2009,7,10,70.0
R Vinay Kumar,Middle,2011,17,16,106.25
R Vinay Kumar,Middle,2012,9,11,81.82
RA Bawa,Death,2026,16,14,114.29
RA Bawa,Middle,2022,11,13,84.62
RA Jadeja,Death,2008,55,39,141.03
RA Jadeja,Death,2009,79,62,127.42
RA Jadeja,Death,2011,92,67,137.31
RA Jadeja,Death,2012,86,64,134.38
RA Jadeja,Death,2013,100,57,175.44
RA Jadeja,Death,2014,83,64,129.69
RA Jadeja,Death,2015,71,65,109.23
RA Jadeja,Death,2016,104,84,123.81
RA Jadeja,Death,2017,77,46,167.39
RA Jadeja,Death,2018,68,46,147.83
RA Jadeja,Death,2019,96,74,129.73
RA Jadeja,Death,2021,354,183,193.44
RA Jadeja,Death,2022,95,63,150.79
RA Jadeja,Death,2023,163,110,148.18
RA Jadeja,Death,2024,141,84,167.86
RA Jadeja,Death,2025,138,87,158.62
RA Jadeja,Death,2026,104,73,142.47
RA Jadeja,Middle,2008,79,61,129.51
RA Jadeja,Middle,2009,207,191,108.38
RA Jadeja,Middle,2011,171,150,114.0
RA Jadeja,Middle,2012,105,87,120.69
RA Jadeja,Middle,2013,100,77,129.87
RA Jadeja,Middle,2014,63,45,140.0
RA Jadeja,Middle,2015,61,61,100.0
RA Jadeja,Middle,2016,66,75,88.0
RA Jadeja,Middle,2017,81,67,120.9
RA Jadeja,Middle,2018,21,28,75.0
RA Jadeja,Middle,2019,9,13,69.23
RA Jadeja,Middle,2021,90,100,90.0
RA Jadeja,Middle,2022,21,32,65.62
RA Jadeja,Middle,2023,26,22,118.18
RA Jadeja,Middle,2024,118,93,126.88
RA Jadeja,Middle,2025,119,105,113.33
RA Jadeja,Middle,2026,109,101,107.92
RA Jadeja,Powerplay,2009,7,12,58.33
RA Jadeja,Powerplay,2011,19,10,190.0
RA Jadeja,Powerplay,2016,19,16,118.75
RA Jadeja,Powerplay,2024,8,10,80.0
RA Jadeja,Powerplay,2025,44,30,146.67
RA Jadeja,Powerplay,2026,53,22,240.91
RA Tripathi,Death,2018,41,24,170.83
RA Tripathi,Death,2019,30,30,100.0
RA Tripathi,Death,2021,68,50,136.0
RA Tripathi,Death,2022,41,17,241.18
RA Tripathi,Death,2023,24,19,126.32
RA Tripathi,Middle,2017,91,74,122.97
RA Tripathi,Middle,2018,98,83,118.07
RA Tripathi,Middle,2019,73,59,123.73
RA Tripathi,Middle,2021,332,234,141.88
RA Tripathi,Middle,2022,230,146,157.53
RA Tripathi,Middle,2023,155,117,132.48
RA Tripathi,Middle,2024,61,48,127.08
RA Tripathi,Middle,2025,19,24,79.17
RA Tripathi,Powerplay,2017,290,184,157.61
RA Tripathi,Powerplay,2018,86,59,145.76
RA Tripathi,Powerplay,2019,34,28,121.43
RA Tripathi,Powerplay,2021,227,179,126.82
RA Tripathi,Powerplay,2022,138,97,142.27
RA Tripathi,Powerplay,2023,90,76,118.42
RA Tripathi,Powerplay,2024,94,65,144.62
RA Tripathi,Powerplay,2025,36,33,109.09
RD Chahar,Death,2019,12,11,109.09
RD Chahar,Death,2021,16,19,84.21
RD Chahar,Death,2022,74,61,121.31
RD Chahar,Death,2024,20,14,142.86
RD Gaikwad,Death,2021,141,73,193.15
RD Gaikwad,Death,2022,22,18,122.22
RD Gaikwad,Death,2023,15,12,125.0
RD Gaikwad,Death,2024,75,45,166.67
RD Gaikwad,Death,2026,33,18,183.33
RD Gaikwad,Middle,2021,360,253,142.29
RD Gaikwad,Middle,2022,160,109,146.79
RD Gaikwad,Middle,2023,230,153,150.33
RD Gaikwad,Middle,2024,243,182,133.52
RD Gaikwad,Middle,2025,48,35,137.14
RD Gaikwad,Middle,2026,106,102,103.92
RD Gaikwad,Powerplay,2021,335,305,109.84
RD Gaikwad,Powerplay,2022,185,162,114.2
RD Gaikwad,Powerplay,2023,345,233,148.07
RD Gaikwad,Powerplay,2024,261,185,141.08
RD Gaikwad,Powerplay,2025,68,44,154.55
RD Gaikwad,Powerplay,2026,194,152,127.63
RD Rickelton,Death,2026,24,13,184.62
RD Rickelton,Middle,2025,91,62,146.77
RD Rickelton,Middle,2026,167,78,214.1
RD Rickelton,Powerplay,2025,297,193,153.89
RD Rickelton,Powerplay,2026,257,149,172.48
RE Levi,Middle,2012,21,16,131.25
RE Levi,Powerplay,2012,62,57,108.77
RE van der Merwe,Death,2009,39,30,130.0
RE van der Merwe,Death,2011,13,14,92.86
RE van der Merwe,Middle,2009,55,40,137.5
RE van der Merwe,Middle,2013,14,16,87.5
RE van der Merwe,Powerplay,2009,28,28,100.0
RG Sharma,Death,2008,156,71,219.72
RG Sharma,Death,2009,117,77,151.95
RG Sharma,Death,2010,144,87,165.52
RG Sharma,Death,2011,135,78,173.08
RG Sharma,Death,2012,91,52,175.0
RG Sharma,Death,2013,228,113,201.77
RG Sharma,Death,2014,171,91,187.91
RG Sharma,Death,2015,95,54,175.93
RG Sharma,Death,2016,75,41,182.93
RG Sharma,Death,2017,87,57,152.63
RG Sharma,Death,2018,111,57,194.74
RG Sharma,Death,2021,35,24,145.83
RG Sharma,Death,2024,28,14,200.0
RG Sharma,Middle,2008,231,182,126.92
RG Sharma,Middle,2009,204,190,107.37
RG Sharma,Middle,2010,245,181,135.36
RG Sharma,Middle,2011,197,181,108.84
RG Sharma,Middle,2012,215,182,118.13
RG Sharma,Middle,2013,275,251,109.56
RG Sharma,Middle,2014,193,178,108.43
RG Sharma,Middle,2015,298,220,135.45
RG Sharma,Middle,2016,171,151,113.25
RG Sharma,Middle,2017,193,161,119.88
RG Sharma,Middle,2018,133,110,120.91
RG Sharma,Middle,2019,114,97,117.53
RG Sharma,Middle,2021,253,193,131.09
RG Sharma,Middle,2022,37,39,94.87
RG Sharma,Middle,2023,88,64,137.5
RG Sharma,Middle,2024,120,87,137.93
RG Sharma,Middle,2025,155,108,143.52
RG Sharma,Middle,2026,102,61,167.21
RG Sharma,Powerplay,2008,12,17,70.59
RG Sharma,Powerplay,2009,33,46,71.74
RG Sharma,Powerplay,2010,14,32,43.75
RG Sharma,Powerplay,2011,40,38,105.26
RG Sharma,Powerplay,2012,126,107,117.76
RG Sharma,Powerplay,2013,29,44,65.91
RG Sharma,Powerplay,2014,26,33,78.79
RG Sharma,Powerplay,2015,89,59,150.85
RG Sharma,Powerplay,2016,241,174,138.51
RG Sharma,Powerplay,2017,53,55,96.36
RG Sharma,Powerplay,2018,41,47,87.23
RG Sharma,Powerplay,2019,265,208,127.4
RG Sharma,Powerplay,2021,425,344,123.55
RG Sharma,Powerplay,2022,227,183,124.04
RG Sharma,Powerplay,2023,234,179,130.73
RG Sharma,Powerplay,2024,269,175,153.71
RG Sharma,Powerplay,2025,247,164,150.61
RG Sharma,Powerplay,2026,180,118,152.54
RJ Harris,Death,2009,20,14,142.86
RJ Harris,Death,2010,36,31,116.13
RJ Harris,Death,2011,20,25,80.0
RJ Harris,Death,2012,18,11,163.64
RJ Harris,Middle,2011,10,13,76.92
RJ Peterson,Death,2012,19,16,118.75
RJ Peterson,Middle,2012,13,14,92.86
RJ Quiney,Middle,2009,37,28,132.14
RJ Quiney,Powerplay,2009,65,71,91.55
RK Bhui,Middle,2019,7,11,63.64
RK Singh,Death,2019,15,12,125.0
RK Singh,Death,2022,114,60,190.0
RK Singh,Death,2023,268,147,182.31
RK Singh,Death,2024,85,46,184.78
RK Singh,Death,2025,109,48,227.08
RK Singh,Death,2026,183,94,194.68
RK Singh,Middle,2018,25,27,92.59
RK Singh,Middle,2019,22,22,100.0
RK Singh,Middle,2021,11,11,100.0
RK Singh,Middle,2022,51,50,102.0
RK Singh,Middle,2023,175,155,112.9
RK Singh,Middle,2024,73,58,125.86
RK Singh,Middle,2025,95,83,114.46
RK Singh,Middle,2026,112,103,108.74
RK Singh,Powerplay,2023,18,11,163.64
RM Patidar,Death,2022,52,18,288.89
RM Patidar,Death,2024,20,12,166.67
RM Patidar,Death,2025,53,37,143.24
RM Patidar,Death,2026,142,57,249.12
RM Patidar,Middle,2021,51,38,134.21
RM Patidar,Middle,2022,193,124,155.65
RM Patidar,Middle,2024,312,172,181.4
RM Patidar,Middle,2025,223,146,152.74
RM Patidar,Middle,2026,321,159,201.89
RM Patidar,Powerplay,2021,20,24,83.33
RM Patidar,Powerplay,2022,87,75,116.0
RM Patidar,Powerplay,2024,63,39,161.54
RM Patidar,Powerplay,2025,36,34,105.88
RM Patidar,Powerplay,2026,37,43,86.05
RN ten Doeschate,Death,2011,65,40,162.5
RN ten Doeschate,Death,2012,21,21,100.0
RN ten Doeschate,Death,2013,37,26,142.31
RN ten Doeschate,Death,2014,52,32,162.5
RN ten Doeschate,Death,2015,37,21,176.19
RN ten Doeschate,Middle,2011,37,30,123.33
RN ten Doeschate,Middle,2013,47,33,142.42
RN ten Doeschate,Middle,2015,24,24,100.0
RP Singh,Death,2008,27,24,112.5
RP Singh,Death,2009,6,11,54.55
RP Singh,Death,2010,9,19,47.37
RP Singh,Death,2012,6,12,50.0
RR Pant,Death,2016,29,19,152.63
RR Pant,Death,2017,57,29,196.55
RR Pant,Death,2018,167,68,245.59
RR Pant,Death,2019,211,90,234.44
RR Pant,Death,2021,241,154,156.49
RR Pant,Death,2022,74,32,231.25
RR Pant,Death,2024,133,59,225.42
RR Pant,Death,2025,77,41,187.8
RR Pant,Death,2026,95,45,211.11
RR Pant,Middle,2016,126,95,132.63
RR Pant,Middle,2017,249,148,168.24
RR Pant,Middle,2018,403,253,159.29
RR Pant,Middle,2019,267,195,136.92
RR Pant,Middle,2021,438,388,112.89
RR Pant,Middle,2022,210,160,131.25
RR Pant,Middle,2024,287,209,137.32
RR Pant,Middle,2025,141,108,130.56
RR Pant,Middle,2026,169,130,130.0
RR Pant,Powerplay,2016,43,38,113.16
RR Pant,Powerplay,2017,59,43,137.21
RR Pant,Powerplay,2018,114,73,156.16
RR Pant,Powerplay,2019,11,17,64.71
RR Pant,Powerplay,2021,82,86,95.35
RR Pant,Powerplay,2022,54,30,180.0
RR Pant,Powerplay,2024,26,19,136.84
RR Pant,Powerplay,2025,51,53,96.23
RR Pant,Powerplay,2026,49,52,94.23
RR Powar,Death,2008,28,17,164.71
RR Powar,Death,2009,23,22,104.55
RR Powar,Death,2011,11,13,84.62
RR Rossouw,Death,2014,21,11,190.91
RR Rossouw,Death,2023,46,21,219.05
RR Rossouw,Middle,2014,12,16,75.0
RR Rossouw,Middle,2023,124,89,139.33
RR Rossouw,Middle,2024,114,62,183.87
RR Rossouw,Powerplay,2014,6,14,42.86
RR Rossouw,Powerplay,2023,37,30,123.33
RR Rossouw,Powerplay,2024,82,46,178.26
RR Sarwan,Middle,2008,28,35,80.0
RR Sarwan,Powerplay,2008,45,40,112.5
RS Bopara,Death,2009,37,14,264.29
RS Bopara,Death,2010,55,30,183.33
RS Bopara,Death,2015,87,60,145.0
RS Bopara,Middle,2009,32,30,106.67
RS Bopara,Middle,2010,132,115,114.78
RS Bopara,Middle,2015,58,60,96.67
RS Bopara,Powerplay,2009,69,75,92.0
RS Bopara,Powerplay,2010,61,69,88.41
RT Ponting,Middle,2008,34,38,89.47
RT Ponting,Middle,2013,12,15,80.0
RT Ponting,Powerplay,2008,5,15,33.33
RT Ponting,Powerplay,2013,40,60,66.67
RV Gomez,Death,2011,46,43,106.98
RV Patel,Death,2023,45,35,128.57
RV Patel,Middle,2021,18,20,90.0
RV Uthappa,Death,2008,53,38,139.47
RV Uthappa,Death,2009,28,19,147.37
RV Uthappa,Death,2010,130,50,260.0
RV Uthappa,Death,2011,48,32,150.0
RV Uthappa,Death,2012,50,35,142.86
RV Uthappa,Death,2014,73,37,197.3
RV Uthappa,Death,2015,19,14,135.71
RV Uthappa,Death,2016,19,12,158.33
RV Uthappa,Death,2017,34,19,178.95
RV Uthappa,Death,2019,34,29,117.24
RV Uthappa,Death,2021,13,10,130.0
RV Uthappa,Death,2022,31,14,221.43
RV Uthappa,Middle,2008,209,185,112.97
RV Uthappa,Middle,2009,90,75,120.0
RV Uthappa,Middle,2010,220,155,141.94
RV Uthappa,Middle,2011,176,144,122.22
RV Uthappa,Middle,2012,212,172,123.26
RV Uthappa,Middle,2013,134,122,109.84
RV Uthappa,Middle,2014,297,227,130.84
RV Uthappa,Middle,2015,67,64,104.69
RV Uthappa,Middle,2016,122,98,124.49
RV Uthappa,Middle,2017,263,143,183.92
RV Uthappa,Middle,2018,183,131,139.69
RV Uthappa,Middle,2019,162,148,109.46
RV Uthappa,Middle,2021,145,120,120.83
RV Uthappa,Middle,2022,65,45,144.44
RV Uthappa,Powerplay,2008,54,51,105.88
RV Uthappa,Powerplay,2009,57,76,75.0
RV Uthappa,Powerplay,2010,24,13,184.62
RV Uthappa,Powerplay,2011,39,29,134.48
RV Uthappa,Powerplay,2012,142,135,105.19
RV Uthappa,Powerplay,2013,275,238,115.55
RV Uthappa,Powerplay,2014,289,214,135.05
RV Uthappa,Powerplay,2015,278,199,139.7
RV Uthappa,Powerplay,2016,253,178,142.13
RV Uthappa,Powerplay,2017,91,73,124.66
RV Uthappa,Powerplay,2018,155,127,122.05
RV Uthappa,Powerplay,2019,88,70,125.71
RV Uthappa,Powerplay,2021,153,118,129.66
RV Uthappa,Powerplay,2022,134,111,120.72
Rahmanullah Gurbaz,Middle,2023,82,57,143.86
Rahmanullah Gurbaz,Middle,2024,18,10,180.0
Rahmanullah Gurbaz,Powerplay,2023,139,111,125.23
Rahmanullah Gurbaz,Powerplay,2024,44,36,122.22
Rahmanullah Gurbaz,Powerplay,2025,63,47,134.04
Ramandeep Singh,Death,2022,27,11,245.45
Ramandeep Singh,Death,2024,68,28,242.86
Ramandeep Singh,Death,2025,26,22,118.18
Ramandeep Singh,Death,2026,51,28,182.14
Ramandeep Singh,Middle,2022,16,25,64.0
Ramandeep Singh,Middle,2024,51,33,154.55
Ramandeep Singh,Middle,2025,21,13,161.54
Ramandeep Singh,Middle,2026,31,40,77.5
Rashid Khan,Death,2018,53,22,240.91
Rashid Khan,Death,2019,34,23,147.83
Rashid Khan,Death,2021,113,95,118.95
Rashid Khan,Death,2022,87,38,228.95
Rashid Khan,Death,2023,102,47,217.02
Rashid Khan,Death,2024,66,42,157.14
Rashid Khan,Death,2025,28,20,140.0
Rashid Khan,Death,2026,31,20,155.0
Rashid Khan,Middle,2023,28,13,215.38
Rashid Khan,Middle,2024,32,27,118.52
Rashid Khan,Middle,2026,19,21,90.48
Rasikh Salam,Death,2024,17,15,113.33
Rasikh Salam,Middle,2024,11,15,73.33
Ravi Bishnoi,Death,2021,8,15,53.33
Ravi Bishnoi,Death,2023,12,11,109.09
Ravi Bishnoi,Death,2025,13,16,81.25
Ravi Bishnoi,Middle,2023,8,16,50.0
S Anirudha,Death,2010,30,17,176.47
S Anirudha,Death,2011,24,23,104.35
S Anirudha,Middle,2011,34,32,106.25
S Anirudha,Powerplay,2011,25,19,131.58
S Aravind,Death,2017,22,28,78.57
S Aravind,Middle,2017,10,12,83.33
S Arora,Death,2026,88,48,183.33
S Arora,Middle,2026,31,28,110.71
S Badree,Death,2017,8,14,57.14
S Badrinath,Death,2008,97,48,202.08
S Badrinath,Death,2009,56,39,143.59
S Badrinath,Death,2010,137,100,137.0
S Badrinath,Death,2011,124,75,165.33
S Badrinath,Middle,2008,61,49,124.49
S Badrinath,Middle,2009,98,107,91.59
S Badrinath,Middle,2010,194,164,118.29
S Badrinath,Middle,2011,248,184,134.78
S Badrinath,Middle,2012,122,94,129.79
S Badrinath,Middle,2013,114,99,115.15
S Badrinath,Powerplay,2008,34,33,103.03
S Badrinath,Powerplay,2009,23,18,127.78
S Badrinath,Powerplay,2010,24,37,64.86
S Badrinath,Powerplay,2011,22,53,41.51
S Badrinath,Powerplay,2012,69,78,88.46
S Badrinath,Powerplay,2013,10,17,58.82
S Chanderpaul,Powerplay,2008,25,31,80.65
S Dhawan,Death,2008,77,53,145.28
S Dhawan,Death,2009,12,10,120.0
S Dhawan,Death,2011,65,38,171.05
S Dhawan,Death,2012,47,28,167.86
S Dhawan,Death,2013,35,19,184.21
S Dhawan,Death,2014,23,15,153.33
S Dhawan,Death,2015,20,18,111.11
S Dhawan,Death,2016,70,41,170.73
S Dhawan,Death,2017,31,18,172.22
S Dhawan,Death,2018,26,21,123.81
S Dhawan,Death,2019,18,16,112.5
S Dhawan,Death,2021,107,69,155.07
S Dhawan,Death,2022,49,25,196.0
S Dhawan,Death,2023,80,44,181.82
S Dhawan,Middle,2008,198,158,125.32
S Dhawan,Middle,2009,24,27,88.89
S Dhawan,Middle,2010,44,36,122.22
S Dhawan,Middle,2011,110,97,113.4
S Dhawan,Middle,2012,212,179,118.44
S Dhawan,Middle,2013,156,114,136.84
S Dhawan,Middle,2014,119,106,112.26
S Dhawan,Middle,2015,107,83,128.92
S Dhawan,Middle,2016,219,195,112.31
S Dhawan,Middle,2017,188,151,124.5
S Dhawan,Middle,2018,218,146,149.32
S Dhawan,Middle,2019,165,132,125.0
S Dhawan,Middle,2021,565,412,137.14
S Dhawan,Middle,2022,169,141,119.86
S Dhawan,Middle,2023,130,100,130.0
S Dhawan,Middle,2024,51,38,134.21
S Dhawan,Powerplay,2008,65,84,77.38
S Dhawan,Powerplay,2010,143,133,107.52
S Dhawan,Powerplay,2011,225,174,129.31
S Dhawan,Powerplay,2012,309,231,133.77
S Dhawan,Powerplay,2013,120,120,100.0
S Dhawan,Powerplay,2014,231,196,117.86
S Dhawan,Powerplay,2015,220,184,119.57
S Dhawan,Powerplay,2016,208,191,108.9
S Dhawan,Powerplay,2017,259,206,125.73
S Dhawan,Powerplay,2018,252,195,129.23
S Dhawan,Powerplay,2019,337,234,144.02
S Dhawan,Powerplay,2021,528,415,127.23
S Dhawan,Powerplay,2022,241,206,116.99
S Dhawan,Powerplay,2023,158,114,138.6
S Dhawan,Powerplay,2024,99,80,123.75
S Dube,Death,2021,106,79,134.18
S Dube,Death,2022,99,49,202.04
S Dube,Death,2023,130,75,173.33
S Dube,Death,2024,177,89,198.88
S Dube,Death,2025,100,75,133.33
S Dube,Death,2026,131,81,161.73
S Dube,Middle,2019,31,28,110.71
S Dube,Middle,2021,231,186,124.19
S Dube,Middle,2022,180,128,140.62
S Dube,Middle,2023,288,189,152.38
S Dube,Middle,2024,218,154,141.56
S Dube,Middle,2025,239,188,127.13
S Dube,Middle,2026,138,88,156.82
S Dube,Powerplay,2021,22,33,66.67
S Gopal,Death,2014,11,10,110.0
S Gopal,Death,2018,49,41,119.51
S Gopal,Death,2019,33,20,165.0
S Gopal,Death,2021,32,25,128.0
S Gopal,Middle,2016,2,16,12.5
S Gopal,Middle,2019,30,22,136.36
S Gopal,Middle,2021,12,19,63.16
S Kaul,Death,2018,3,14,21.43
S Nadeem,Death,2013,14,27,51.85
S Nadeem,Middle,2014,3,13,23.08
S Narwal,Death,2013,23,15,153.33
S Rana,Death,2011,15,12,125.0
S Rana,Death,2014,49,36,136.11
S Rana,Powerplay,2014,20,22,90.91
S Sohal,Middle,2011,85,63,134.92
S Sohal,Powerplay,2009,115,91,126.37
S Sohal,Powerplay,2011,164,126,130.16
S Sreesanth,Death,2009,5,18,27.78
S Sreesanth,Death,2010,27,21,128.57
S Sriram,Middle,2010,14,18,77.78
S Sriram,Powerplay,2010,13,11,118.18
S Vidyut,Middle,2008,42,30,140.0
S Vidyut,Powerplay,2008,103,76,135.53
SA Abbott,Death,2015,15,11,136.36
SA Asnodkar,Middle,2008,103,97,106.19
SA Asnodkar,Middle,2009,42,32,131.25
SA Asnodkar,Powerplay,2008,208,134,155.22
SA Asnodkar,Powerplay,2009,56,61,91.8
SA Yadav,Death,2014,117,79,148.1
SA Yadav,Death,2015,57,31,183.87
SA Yadav,Death,2016,44,26,169.23
SA Yadav,Death,2017,56,42,133.33
SA Yadav,Death,2018,16,13,123.08
SA Yadav,Death,2019,42,30,140.0
SA Yadav,Death,2021,121,57,212.28
SA Yadav,Death,2022,89,45,197.78
SA Yadav,Death,2023,103,50,206.0
SA Yadav,Death,2024,37,16,231.25
SA Yadav,Death,2025,127,62,204.84
SA Yadav,Death,2026,13,12,108.33
SA Yadav,Middle,2014,43,32,134.38
SA Yadav,Middle,2015,79,72,109.72
SA Yadav,Middle,2016,92,80,115.0
SA Yadav,Middle,2017,49,46,106.52
SA Yadav,Middle,2018,208,169,123.08
SA Yadav,Middle,2019,279,218,127.98
SA Yadav,Middle,2021,446,332,134.34
SA Yadav,Middle,2022,170,132,128.79
SA Yadav,Middle,2023,446,245,182.04
SA Yadav,Middle,2024,222,133,166.92
SA Yadav,Middle,2025,513,307,167.1
SA Yadav,Middle,2026,176,117,150.43
SA Yadav,Powerplay,2015,21,10,210.0
SA Yadav,Powerplay,2016,44,35,125.71
SA Yadav,Powerplay,2018,288,202,142.57
SA Yadav,Powerplay,2019,103,76,135.53
SA Yadav,Powerplay,2021,229,161,142.24
SA Yadav,Powerplay,2022,42,29,144.83
SA Yadav,Powerplay,2023,46,37,124.32
SA Yadav,Powerplay,2024,86,56,153.57
SA Yadav,Powerplay,2025,77,58,132.76
SA Yadav,Powerplay,2026,81,54,150.0
SB Bangar,Death,2008,32,23,139.13
SB Bangar,Middle,2008,15,26,57.69
SB Dubey,Death,2025,79,40,197.5
SB Dubey,Death,2026,60,41,146.34
SB Dubey,Middle,2024,22,13,169.23
SB Dubey,Middle,2025,12,19,63.16
SB Dubey,Middle,2026,21,17,123.53
SB Jakati,Death,2009,20,15,133.33
SB Jakati,Death,2012,7,12,58.33
SB Joshi,Middle,2008,6,13,46.15
SB Styris,Death,2008,27,22,122.73
SB Styris,Middle,2008,77,88,87.5
SB Styris,Powerplay,2008,8,12,66.67
SC Ganguly,Death,2008,62,21,295.24
SC Ganguly,Death,2009,32,22,145.45
SC Ganguly,Death,2010,61,35,174.29
SC Ganguly,Death,2012,21,15,140.0
SC Ganguly,Middle,2008,159,163,97.55
SC Ganguly,Middle,2009,100,112,89.29
SC Ganguly,Middle,2010,213,189,112.7
SC Ganguly,Middle,2011,38,36,105.56
SC Ganguly,Middle,2012,120,138,86.96
SC Ganguly,Powerplay,2008,128,121,105.79
SC Ganguly,Powerplay,2009,51,71,71.83
SC Ganguly,Powerplay,2010,219,194,112.89
SC Ganguly,Powerplay,2011,4,13,30.77
SC Ganguly,Powerplay,2012,127,118,107.63
SD Chitnis,Death,2012,10,10,100.0
SD Chitnis,Middle,2012,55,46,119.57
SD Hope,Death,2024,11,10,110.0
SD Hope,Middle,2024,94,52,180.77
SD Hope,Powerplay,2024,78,60,130.0
SD Lad,Powerplay,2019,15,13,115.38
SE Marsh,Death,2008,49,36,136.11
SE Marsh,Death,2010,22,10,220.0
SE Marsh,Death,2011,63,42,150.0
SE Marsh,Death,2012,39,18,216.67
SE Marsh,Death,2013,53,36,147.22
SE Marsh,Death,2016,21,13,161.54
SE Marsh,Middle,2008,353,226,156.19
SE Marsh,Middle,2010,87,56,155.36
SE Marsh,Middle,2011,352,212,166.04
SE Marsh,Middle,2012,170,135,125.93
SE Marsh,Middle,2013,140,106,132.08
SE Marsh,Middle,2014,55,35,157.14
SE Marsh,Middle,2015,48,26,184.62
SE Marsh,Middle,2016,104,84,123.81
SE Marsh,Middle,2017,139,91,152.75
SE Marsh,Powerplay,2008,212,178,119.1
SE Marsh,Powerplay,2010,38,48,79.17
SE Marsh,Powerplay,2011,85,89,95.51
SE Marsh,Powerplay,2012,127,127,100.0
SE Marsh,Powerplay,2013,107,107,100.0
SE Marsh,Powerplay,2014,15,17,88.24
SE Marsh,Powerplay,2015,41,36,113.89
SE Marsh,Powerplay,2016,34,37,91.89
SE Marsh,Powerplay,2017,112,94,119.15
SE Rutherford,Death,2019,63,35,180.0
SE Rutherford,Death,2025,130,86,151.16
SE Rutherford,Death,2026,69,35,197.14
SE Rutherford,Middle,2019,10,19,52.63
SE Rutherford,Middle,2022,26,31,83.87
SE Rutherford,Middle,2025,160,94,170.21
SE Rutherford,Middle,2026,54,39,138.46
SE Rutherford,Powerplay,2022,4,12,33.33
SK Raina,Death,2008,47,34,138.24
SK Raina,Death,2009,76,43,176.74
SK Raina,Death,2010,88,58,151.72
SK Raina,Death,2011,107,61,175.41
SK Raina,Death,2012,45,25,180.0
SK Raina,Death,2013,191,85,224.71
SK Raina,Death,2014,81,57,142.11
SK Raina,Death,2016,38,27,140.74
SK Raina,Death,2017,69,40,172.5
SK Raina,Death,2018,83,41,202.44
SK Raina,Death,2019,15,16,93.75
SK Raina,Death,2021,34,26,130.77
SK Raina,Middle,2008,281,193,145.6
SK Raina,Middle,2009,216,170,127.06
SK Raina,Middle,2010,275,206,133.5
SK Raina,Middle,2011,225,161,139.75
SK Raina,Middle,2012,279,207,134.78
SK Raina,Middle,2013,277,207,133.82
SK Raina,Middle,2014,275,198,138.89
SK Raina,Middle,2015,248,195,127.18
SK Raina,Middle,2016,183,160,114.38
SK Raina,Middle,2017,240,172,139.53
SK Raina,Middle,2018,234,198,118.18
SK Raina,Middle,2019,233,190,122.63
SK Raina,Middle,2021,108,82,131.71
SK Raina,Powerplay,2008,92,67,137.31
SK Raina,Powerplay,2009,141,93,151.61
SK Raina,Powerplay,2010,157,100,157.0
SK Raina,Powerplay,2011,105,101,103.96
SK Raina,Powerplay,2012,116,92,126.09
SK Raina,Powerplay,2013,78,72,108.33
SK Raina,Powerplay,2014,163,102,159.8
SK Raina,Powerplay,2015,112,100,112.0
SK Raina,Powerplay,2016,178,125,142.4
SK Raina,Powerplay,2017,129,92,140.22
SK Raina,Powerplay,2018,128,96,133.33
SK Raina,Powerplay,2019,134,106,126.42
SK Raina,Powerplay,2021,18,19,94.74
SK Rasheed,Powerplay,2025,69,60,115.0
SK Trivedi,Death,2008,5,12,41.67
SK Trivedi,Death,2009,9,17,52.94
SK Trivedi,Death,2010,20,14,142.86
SK Warne,Death,2008,60,48,125.0
SK Warne,Death,2009,60,59,101.69
SK Warne,Death,2010,10,18,55.56
SK Warne,Middle,2008,9,10,90.0
SK Warne,Middle,2009,48,57,84.21
SK Warne,Middle,2011,4,14,28.57
SL Malinga,Death,2012,54,51,105.88
SL Malinga,Death,2013,9,18,50.0
SL Malinga,Death,2015,6,10,60.0
SM Curran,Death,2019,71,34,208.82
SM Curran,Death,2021,140,80,175.0
SM Curran,Death,2023,142,74,191.89
SM Curran,Death,2024,67,46,145.65
SM Curran,Death,2025,30,14,214.29
SM Curran,Middle,2019,4,11,36.36
SM Curran,Middle,2021,54,48,112.5
SM Curran,Middle,2023,115,118,97.46
SM Curran,Middle,2024,158,128,123.44
SM Curran,Middle,2025,58,43,134.88
SM Curran,Powerplay,2019,20,10,200.0
SM Curran,Powerplay,2021,48,42,114.29
SM Curran,Powerplay,2024,41,43,95.35
SM Curran,Powerplay,2025,24,25,96.0
SM Harwood,Death,2009,8,13,61.54
SM Katich,Death,2008,20,16,125.0
SM Katich,Middle,2008,40,31,129.03
SM Katich,Middle,2009,35,30,116.67
SM Katich,Powerplay,2008,35,21,166.67
SM Katich,Powerplay,2009,110,87,126.44
SM Pollock,Death,2008,80,42,190.48
SM Pollock,Middle,2008,66,63,104.76
SMSM Senanayake,Death,2013,10,16,62.5
SN Khan,Death,2015,88,48,183.33
SN Khan,Death,2016,61,27,225.93
SN Khan,Death,2018,39,26,150.0
SN Khan,Death,2019,30,23,130.43
SN Khan,Death,2021,21,18,116.67
SN Khan,Death,2022,20,14,142.86
SN Khan,Death,2023,14,12,116.67
SN Khan,Death,2026,27,10,270.0
SN Khan,Middle,2015,22,22,100.0
SN Khan,Middle,2018,12,15,80.0
SN Khan,Middle,2019,108,90,120.0
SN Khan,Middle,2021,12,12,100.0
SN Khan,Middle,2022,32,32,100.0
SN Khan,Middle,2023,25,33,75.76
SN Khan,Middle,2026,51,41,124.39
SN Khan,Powerplay,2019,36,28,128.57
SN Khan,Powerplay,2022,39,21,185.71
SN Khan,Powerplay,2023,14,16,87.5
SN Khan,Powerplay,2026,79,43,183.72
SN Thakur,Death,2022,87,58,150.0
SN Thakur,Death,2023,52,39,133.33
SN Thakur,Death,2024,21,17,123.53
SN Thakur,Death,2025,18,12,150.0
SN Thakur,Death,2026,13,17,76.47
SN Thakur,Middle,2021,11,21,52.38
SN Thakur,Middle,2022,33,29,113.79
SN Thakur,Middle,2023,61,27,225.93
SN Thakur,Middle,2026,11,13,84.62
SO Hetmyer,Death,2021,249,137,181.75
SO Hetmyer,Death,2022,241,129,186.82
SO Hetmyer,Death,2023,193,109,177.06
SO Hetmyer,Death,2024,96,50,192.0
SO Hetmyer,Death,2025,142,100,142.0
SO Hetmyer,Death,2026,23,19,121.05
SO Hetmyer,Middle,2019,48,38,126.32
SO Hetmyer,Middle,2021,153,104,147.12
SO Hetmyer,Middle,2022,73,75,97.33
SO Hetmyer,Middle,2023,99,82,120.73
SO Hetmyer,Middle,2024,17,18,94.44
SO Hetmyer,Middle,2025,97,63,153.97
SO Hetmyer,Middle,2026,47,40,117.5
SO Hetmyer,Powerplay,2019,30,26,115.38
SO Hetmyer,Powerplay,2021,23,25,92.0
SO Hetmyer,Powerplay,2026,8,10,80.0
SP Fleming,Middle,2008,76,54,140.74
SP Fleming,Powerplay,2008,116,108,107.41
SP Goswami,Death,2012,26,20,130.0
SP Goswami,Middle,2008,48,39,123.08
SP Goswami,Middle,2009,14,21,66.67
SP Goswami,Middle,2012,32,37,86.49
SP Goswami,Powerplay,2008,34,45,75.56
SP Goswami,Powerplay,2009,39,39,100.0
SP Goswami,Powerplay,2010,8,10,80.0
SP Goswami,Powerplay,2011,29,28,103.57
SP Goswami,Powerplay,2012,11,10,110.0
SP Goswami,Powerplay,2018,41,30,136.67
SP Jackson,Death,2017,19,13,146.15
SP Jackson,Death,2022,15,17,88.24
SP Narine,Death,2013,21,19,110.53
SP Narine,Death,2014,7,10,70.0
SP Narine,Death,2016,7,13,53.85
SP Narine,Death,2021,33,26,126.92
SP Narine,Death,2022,26,12,216.67
SP Narine,Death,2023,16,14,114.29
SP Narine,Death,2024,30,12,250.0
SP Narine,Death,2026,4,11,36.36
SP Narine,Middle,2018,70,42,166.67
SP Narine,Middle,2019,24,17,141.18
SP Narine,Middle,2021,119,68,175.0
SP Narine,Middle,2022,34,20,170.0
SP Narine,Middle,2024,177,93,190.32
SP Narine,Middle,2025,42,23,182.61
SP Narine,Powerplay,2017,222,126,176.19
SP Narine,Powerplay,2018,282,142,198.59
SP Narine,Powerplay,2019,117,68,172.06
SP Narine,Powerplay,2021,31,38,81.58
SP Narine,Powerplay,2024,281,164,171.34
SP Narine,Powerplay,2025,204,121,168.6
SP Narine,Powerplay,2026,24,17,141.18
SPD Smith,Death,2012,187,113,165.49
SPD Smith,Death,2013,60,30,200.0
SPD Smith,Death,2014,76,46,165.22
SPD Smith,Death,2015,55,34,161.76
SPD Smith,Death,2016,52,30,173.33
SPD Smith,Death,2017,86,52,165.38
SPD Smith,Death,2019,76,64,118.75
SPD Smith,Death,2021,87,57,152.63
SPD Smith,Middle,2012,152,137,110.95
SPD Smith,Middle,2013,85,88,96.59
SPD Smith,Middle,2014,65,63,103.17
SPD Smith,Middle,2015,185,145,127.59
SPD Smith,Middle,2016,127,91,139.56
SPD Smith,Middle,2017,255,223,114.35
SPD Smith,Middle,2019,193,166,116.27
SPD Smith,Middle,2021,214,178,120.22
SPD Smith,Powerplay,2012,11,12,91.67
SPD Smith,Powerplay,2013,14,14,100.0
SPD Smith,Powerplay,2015,52,41,126.83
SPD Smith,Powerplay,2016,91,54,168.52
SPD Smith,Powerplay,2017,131,112,116.96
SPD Smith,Powerplay,2019,48,43,111.63
SPD Smith,Powerplay,2021,154,135,114.07
SR Tendulkar,Death,2008,21,12,175.0
SR Tendulkar,Death,2009,22,16,137.5
SR Tendulkar,Death,2010,88,47,187.23
SR Tendulkar,Death,2011,73,44,165.91
SR Tendulkar,Death,2012,10,10,100.0
SR Tendulkar,Middle,2008,75,82,91.46
SR Tendulkar,Middle,2009,211,154,137.01
SR Tendulkar,Middle,2010,203,181,112.15
SR Tendulkar,Middle,2011,234,224,104.46
SR Tendulkar,Middle,2012,146,114,128.07
SR Tendulkar,Middle,2013,98,73,134.25
SR Tendulkar,Powerplay,2008,92,83,110.84
SR Tendulkar,Powerplay,2009,130,129,100.78
SR Tendulkar,Powerplay,2010,325,235,138.3
SR Tendulkar,Powerplay,2011,246,220,111.82
SR Tendulkar,Powerplay,2012,168,159,105.66
SR Tendulkar,Powerplay,2013,179,151,118.54
SR Watson,Death,2008,63,34,185.29
SR Watson,Death,2013,86,42,204.76
SR Watson,Death,2014,46,26,176.92
SR Watson,Death,2015,34,20,170.0
SR Watson,Death,2016,76,38,200.0
SR Watson,Death,2017,17,16,106.25
SR Watson,Death,2018,35,21,166.67
SR Watson,Death,2019,58,24,241.67
SR Watson,Middle,2008,347,223,155.61
SR Watson,Middle,2010,118,65,181.54
SR Watson,Middle,2011,152,95,160.0
SR Watson,Middle,2012,144,96,150.0
SR Watson,Middle,2013,274,190,144.21
SR Watson,Middle,2014,160,117,136.75
SR Watson,Middle,2015,136,84,161.9
SR Watson,Middle,2016,96,84,114.29
SR Watson,Middle,2017,33,41,80.49
SR Watson,Middle,2018,246,122,201.64
SR Watson,Middle,2019,151,91,165.93
SR Watson,Middle,2021,140,94,148.94
SR Watson,Powerplay,2008,57,50,114.0
SR Watson,Powerplay,2010,57,43,132.56
SR Watson,Powerplay,2011,169,153,110.46
SR Watson,Powerplay,2012,100,68,147.06
SR Watson,Powerplay,2013,182,146,124.66
SR Watson,Powerplay,2014,39,55,70.91
SR Watson,Powerplay,2015,173,153,113.07
SR Watson,Powerplay,2016,7,12,58.33
SR Watson,Powerplay,2017,21,21,100.0
SR Watson,Powerplay,2018,274,215,127.44
SR Watson,Powerplay,2019,189,196,96.43
SR Watson,Powerplay,2021,151,145,104.14
SS Iyer,Death,2015,23,13,176.92
SS Iyer,Death,2017,69,39,176.92
SS Iyer,Death,2018,90,44,204.55
SS Iyer,Death,2019,31,33,93.94
SS Iyer,Death,2021,142,94,151.06
SS Iyer,Death,2022,20,13,153.85
SS Iyer,Death,2024,113,56,201.79
SS Iyer,Death,2025,180,78,230.77
SS Iyer,Death,2026,151,70,215.71
SS Iyer,Middle,2015,219,142,154.23
SS Iyer,Middle,2017,213,148,143.92
SS Iyer,Middle,2018,228,176,129.55
SS Iyer,Middle,2019,269,231,116.45
SS Iyer,Middle,2021,397,335,118.51
SS Iyer,Middle,2022,214,167,128.14
SS Iyer,Middle,2024,220,157,140.13
SS Iyer,Middle,2025,324,196,165.31
SS Iyer,Middle,2026,289,181,159.67
SS Iyer,Powerplay,2015,197,187,105.35
SS Iyer,Powerplay,2016,29,40,72.5
SS Iyer,Powerplay,2017,55,55,100.0
SS Iyer,Powerplay,2018,92,89,103.37
SS Iyer,Powerplay,2019,166,122,136.07
SS Iyer,Powerplay,2021,150,161,93.17
SS Iyer,Powerplay,2022,167,118,141.53
SS Iyer,Powerplay,2024,18,26,69.23
SS Iyer,Powerplay,2025,99,69,143.48
SS Iyer,Powerplay,2026,57,42,135.71
SS Prabhudessai,Death,2023,19,13,146.15
SS Prabhudessai,Middle,2022,59,46,128.26
SS Prabhudessai,Middle,2023,16,16,100.0
SS Prabhudessai,Middle,2024,19,11,172.73
SS Prabhudessai,Powerplay,2022,8,12,66.67
SS Tiwary,Death,2008,9,10,90.0
SS Tiwary,Death,2009,13,12,108.33
SS Tiwary,Death,2010,90,49,183.67
SS Tiwary,Death,2011,102,78,130.77
SS Tiwary,Death,2012,74,46,160.87
SS Tiwary,Death,2013,24,25,96.0
SS Tiwary,Death,2015,90,60,150.0
SS Tiwary,Death,2021,44,26,169.23
SS Tiwary,Middle,2008,17,10,170.0
SS Tiwary,Middle,2010,284,225,126.22
SS Tiwary,Middle,2011,79,97,81.44
SS Tiwary,Middle,2012,94,95,98.95
SS Tiwary,Middle,2013,72,63,114.29
SS Tiwary,Middle,2015,19,18,105.56
SS Tiwary,Middle,2016,121,96,126.04
SS Tiwary,Middle,2017,26,23,113.04
SS Tiwary,Middle,2021,157,137,114.6
SS Tiwary,Powerplay,2010,43,33,130.3
SS Tiwary,Powerplay,2011,6,11,54.55
SS Tiwary,Powerplay,2012,21,26,80.77
SS Tiwary,Powerplay,2013,13,18,72.22
SS Tiwary,Powerplay,2016,43,38,113.16
SS Tiwary,Powerplay,2017,25,19,131.58
SS Tiwary,Powerplay,2021,17,14,121.43
ST Jayasuriya,Middle,2008,164,94,174.47
ST Jayasuriya,Middle,2009,89,71,125.35
ST Jayasuriya,Powerplay,2008,344,214,160.75
ST Jayasuriya,Powerplay,2009,130,119,109.24
ST Jayasuriya,Powerplay,2010,33,31,106.45
STR Binny,Death,2012,24,19,126.32
STR Binny,Death,2013,96,65,147.69
STR Binny,Death,2014,38,32,118.75
STR Binny,Death,2015,51,35,145.71
STR Binny,Death,2016,42,24,175.0
STR Binny,Death,2017,47,28,167.86
STR Binny,Death,2018,24,19,126.32
STR Binny,Death,2019,59,28,210.71
STR Binny,Middle,2011,26,18,144.44
STR Binny,Middle,2012,66,42,157.14
STR Binny,Middle,2013,192,130,147.69
STR Binny,Middle,2014,85,88,96.59
STR Binny,Middle,2015,22,30,73.33
STR Binny,Middle,2016,20,13,153.85
STR Binny,Middle,2017,23,42,54.76
STR Binny,Middle,2018,20,20,100.0
STR Binny,Middle,2019,11,12,91.67
SU Parakh,Middle,2026,22,19,115.79
SU Parakh,Powerplay,2026,24,14,171.43
SV Samson,Death,2013,63,46,136.96
SV Samson,Death,2014,19,18,105.56
SV Samson,Death,2015,68,29,234.48
SV Samson,Death,2016,39,25,156.0
SV Samson,Death,2017,41,16,256.25
SV Samson,Death,2018,92,40,230.0
SV Samson,Death,2019,83,38,218.42
SV Samson,Death,2021,161,85,189.41
SV Samson,Death,2022,66,35,188.57
SV Samson,Death,2023,44,23,191.3
SV Samson,Death,2024,104,52,200.0
SV Samson,Death,2026,72,35,205.71
SV Samson,Middle,2013,114,103,110.68
SV Samson,Middle,2014,198,144,137.5
SV Samson,Middle,2015,80,69,115.94
SV Samson,Middle,2016,172,131,131.3
SV Samson,Middle,2017,141,110,128.18
SV Samson,Middle,2018,250,204,122.55
SV Samson,Middle,2019,151,114,132.46
SV Samson,Middle,2021,514,341,150.73
SV Samson,Middle,2022,269,193,139.38
SV Samson,Middle,2023,242,159,152.2
SV Samson,Middle,2024,281,191,147.12
SV Samson,Middle,2025,124,90,137.78
SV Samson,Middle,2026,166,96,172.92
SV Samson,Powerplay,2013,29,29,100.0
SV Samson,Powerplay,2014,122,111,109.91
SV Samson,Powerplay,2015,56,64,87.5
SV Samson,Powerplay,2016,80,102,78.43
SV Samson,Powerplay,2017,204,147,138.78
SV Samson,Powerplay,2018,99,75,132.0
SV Samson,Powerplay,2019,107,77,138.96
SV Samson,Powerplay,2021,179,159,112.58
SV Samson,Powerplay,2022,123,83,148.19
SV Samson,Powerplay,2023,76,54,140.74
SV Samson,Powerplay,2024,145,100,145.0
SV Samson,Powerplay,2025,160,111,144.14
SV Samson,Powerplay,2026,235,154,152.6
SW Billings,Death,2016,20,13,153.85
SW Billings,Death,2018,57,33,172.73
SW Billings,Death,2022,41,24,170.83
SW Billings,Middle,2016,68,49,138.78
SW Billings,Middle,2017,37,29,127.59
SW Billings,Middle,2018,39,34,114.71
SW Billings,Middle,2022,110,102,107.84
SW Billings,Powerplay,2017,101,74,136.49
SW Billings,Powerplay,2018,12,11,109.09
SW Billings,Powerplay,2022,12,11,109.09
Sachin Baby,Death,2016,80,45,177.78
Sachin Baby,Middle,2016,38,29,131.03
Sachin Baby,Middle,2021,6,16,37.5
Salil Arora,Middle,2026,35,21,166.67
Salman Butt,Middle,2008,73,57,128.07
Salman Butt,Powerplay,2008,103,97,106.19
Sameer Rizvi,Death,2024,33,16,206.25
Sameer Rizvi,Death,2025,35,15,233.33
Sameer Rizvi,Death,2026,63,34,185.29
Sameer Rizvi,Middle,2024,18,27,66.67
Sameer Rizvi,Middle,2025,77,53,145.28
Sameer Rizvi,Middle,2026,180,116,155.17
Sameer Rizvi,Powerplay,2025,9,11,81.82
Sameer Rizvi,Powerplay,2026,9,21,42.86
Sandeep Sharma,Death,2021,20,22,90.91
Sanvir Singh,Death,2024,14,11,127.27
Saurav Chauhan,Death,2024,17,13,130.77
Sediqullah Atal,Middle,2025,22,16,137.5
Shahbaz Ahmed,Death,2021,33,31,106.45
Shahbaz Ahmed,Death,2022,69,42,164.29
Shahbaz Ahmed,Death,2023,26,17,152.94
Shahbaz Ahmed,Death,2024,129,85,151.76
Shahbaz Ahmed,Death,2026,49,31,158.06
Shahbaz Ahmed,Middle,2021,13,14,92.86
Shahbaz Ahmed,Middle,2022,149,132,112.88
Shahbaz Ahmed,Middle,2023,12,13,92.31
Shahbaz Ahmed,Middle,2024,83,78,106.41
Shahbaz Ahmed,Middle,2026,9,10,90.0
Shahid Afridi,Death,2008,22,10,220.0
Shahid Afridi,Middle,2008,16,18,88.89
Shahid Afridi,Powerplay,2008,43,18,238.89
Shakib Al Hasan,Death,2012,38,29,131.03
Shakib Al Hasan,Death,2014,118,71,166.2
Shakib Al Hasan,Death,2016,72,42,171.43
Shakib Al Hasan,Death,2018,53,43,123.26
Shakib Al Hasan,Death,2019,9,10,90.0
Shakib Al Hasan,Death,2021,16,20,80.0
Shakib Al Hasan,Middle,2011,18,13,138.46
Shakib Al Hasan,Middle,2012,51,44,115.91
Shakib Al Hasan,Middle,2014,108,79,136.71
Shakib Al Hasan,Middle,2015,32,20,160.0
Shakib Al Hasan,Middle,2016,39,52,75.0
Shakib Al Hasan,Middle,2018,150,130,115.38
Shakib Al Hasan,Middle,2021,31,28,110.71
Shakib Al Hasan,Powerplay,2016,3,12,25.0
Shakib Al Hasan,Powerplay,2018,32,22,145.45
Shashank Singh,Death,2022,47,32,146.88
Shashank Singh,Death,2024,135,61,221.31
Shashank Singh,Death,2025,242,126,192.06
Shashank Singh,Death,2026,88,43,204.65
Shashank Singh,Middle,2022,22,15,146.67
Shashank Singh,Middle,2024,185,129,143.41
Shashank Singh,Middle,2025,108,102,105.88
Shashank Singh,Middle,2026,44,27,162.96
Shashank Singh,Powerplay,2024,34,25,136.0
Shivam Mavi,Death,2018,13,15,86.67
Shivam Mavi,Death,2021,35,34,102.94
Shivang Kumar,Death,2026,40,28,142.86
Shivang Kumar,Middle,2026,12,17,70.59
Shoaib Malik,Middle,2008,26,26,100.0
Shoaib Malik,Powerplay,2008,17,13,130.77
Shubman Gill,Death,2018,75,48,156.25
Shubman Gill,Death,2019,47,42,111.9
Shubman Gill,Death,2021,39,37,105.41
Shubman Gill,Death,2022,52,34,152.94
Shubman Gill,Death,2023,104,54,192.59
Shubman Gill,Death,2024,53,29,182.76
Shubman Gill,Death,2025,66,33,200.0
Shubman Gill,Death,2026,37,25,148.0
Shubman Gill,Middle,2018,104,75,138.67
Shubman Gill,Middle,2019,148,103,143.69
Shubman Gill,Middle,2021,336,299,112.37
Shubman Gill,Middle,2022,216,148,145.95
Shubman Gill,Middle,2023,429,272,157.72
Shubman Gill,Middle,2024,179,112,159.82
Shubman Gill,Middle,2025,301,184,163.59
Shubman Gill,Middle,2026,365,215,169.77
Shubman Gill,Powerplay,2018,24,16,150.0
Shubman Gill,Powerplay,2019,100,92,108.7
Shubman Gill,Powerplay,2021,542,437,124.03
Shubman Gill,Powerplay,2022,211,180,117.22
Shubman Gill,Powerplay,2023,352,234,150.43
Shubman Gill,Powerplay,2024,194,148,131.08
Shubman Gill,Powerplay,2025,282,197,143.15
Shubman Gill,Powerplay,2026,330,209,157.89
Sikandar Raza,Death,2023,47,34,138.24
Sikandar Raza,Middle,2023,84,57,147.37
Sikandar Raza,Middle,2024,43,36,119.44
Sohail Tanvir,Death,2008,11,10,110.0
Sohail Tanvir,Middle,2008,11,10,110.0
Sumit Kumar,Death,2024,2,10,20.0
Sumit Kumar,Middle,2024,16,12,133.33
Sunny Singh,Middle,2011,21,14,150.0
Suryansh Shedge,Death,2026,40,22,181.82
Suryansh Shedge,Middle,2026,102,59,172.88
Swapnil Singh,Death,2024,22,12,183.33
Swapnil Singh,Middle,2017,10,17,58.82
T Banton,Powerplay,2021,18,20,90.0
T Dahiya,Death,2026,11,12,91.67
T Kohler-Cadmore,Powerplay,2024,47,51,92.16
T Kohli,Powerplay,2008,7,12,58.33
T Stubbs,Death,2023,16,15,106.67
T Stubbs,Death,2024,246,95,258.95
T Stubbs,Death,2025,169,87,194.25
T Stubbs,Death,2026,107,75,142.67
T Stubbs,Middle,2023,9,16,56.25
T Stubbs,Middle,2024,116,94,123.4
T Stubbs,Middle,2025,129,109,118.35
T Stubbs,Middle,2026,140,113,123.89
T Stubbs,Powerplay,2026,28,28,100.0
T Taibu,Middle,2008,19,18,105.56
T Thushara,Death,2010,10,11,90.91
TA Boult,Death,2022,40,29,137.93
TA Boult,Death,2024,14,16,87.5
TD Paine,Powerplay,2011,10,26,38.46
TG Southee,Death,2016,27,14,192.86
TG Southee,Death,2018,46,33,139.39
TG Southee,Middle,2018,6,13,46.15
TH David,Death,2022,147,62,237.1
TH David,Death,2023,187,103,181.55
TH David,Death,2024,198,111,178.38
TH David,Death,2025,132,71,185.92
TH David,Death,2026,167,76,219.74
TH David,Middle,2022,39,24,162.5
TH David,Middle,2023,44,42,104.76
TH David,Middle,2024,36,39,92.31
TH David,Middle,2025,45,28,160.71
TH David,Middle,2026,137,83,165.06
TK Curran,Death,2018,11,15,73.33
TK Curran,Death,2021,58,35,165.71
TK Curran,Middle,2018,12,13,92.31
TK Curran,Middle,2021,46,44,104.55
TL Seifert,Powerplay,2022,24,19,126.32
TL Seifert,Powerplay,2026,19,18,105.56
TL Suman,Death,2009,29,24,120.83
TL Suman,Death,2010,98,67,146.27
TL Suman,Death,2011,17,15,113.33
TL Suman,Middle,2009,128,105,121.9
TL Suman,Middle,2010,167,143,116.78
TL Suman,Middle,2011,39,26,150.0
TL Suman,Middle,2013,13,12,108.33
TL Suman,Powerplay,2009,80,61,131.15
TL Suman,Powerplay,2010,42,45,93.33
TL Suman,Powerplay,2011,9,10,90.0
TL Suman,Powerplay,2012,15,19,78.95
TL Suman,Powerplay,2013,39,46,84.78
TM Dilshan,Death,2008,32,15,213.33
TM Dilshan,Death,2009,92,53,173.58
TM Dilshan,Death,2011,20,11,181.82
TM Dilshan,Death,2012,47,35,134.29
TM Dilshan,Middle,2008,62,54,114.81
TM Dilshan,Middle,2009,171,185,92.43
TM Dilshan,Middle,2010,8,13,61.54
TM Dilshan,Middle,2011,69,65,106.15
TM Dilshan,Middle,2012,131,115,113.91
TM Dilshan,Middle,2013,22,16,137.5
TM Dilshan,Powerplay,2009,151,101,149.5
TM Dilshan,Powerplay,2010,36,40,90.0
TM Dilshan,Powerplay,2011,137,104,131.73
TM Dilshan,Powerplay,2012,99,109,90.83
TM Dilshan,Powerplay,2013,53,76,69.74
TM Head,Death,2016,43,28,153.57
TM Head,Death,2017,56,27,207.41
TM Head,Middle,2016,10,11,90.91
TM Head,Middle,2017,85,64,132.81
TM Head,Middle,2024,165,103,160.19
TM Head,Middle,2025,113,69,163.77
TM Head,Middle,2026,73,43,169.77
TM Head,Powerplay,2017,10,17,58.82
TM Head,Powerplay,2024,398,191,208.38
TM Head,Powerplay,2025,260,157,165.61
TM Head,Powerplay,2026,337,197,171.07
TR Birt,Death,2011,60,36,166.67
TR Birt,Middle,2011,15,21,71.43
TU Deshpande,Death,2021,21,12,175.0
TU Deshpande,Death,2026,26,13,200.0
Tanush Kotian,Middle,2024,6,11,54.55
Tanush Kotian,Powerplay,2024,18,20,90.0
Tilak Varma,Death,2022,98,61,160.66
Tilak Varma,Death,2023,125,60,208.33
Tilak Varma,Death,2024,73,42,173.81
Tilak Varma,Death,2025,92,49,187.76
Tilak Varma,Death,2026,154,60,256.67
Tilak Varma,Middle,2022,280,214,130.84
Tilak Varma,Middle,2023,167,131,127.48
Tilak Varma,Middle,2024,302,191,158.12
Tilak Varma,Middle,2025,208,167,124.55
Tilak Varma,Middle,2026,164,141,116.31
Tilak Varma,Powerplay,2022,19,27,70.37
Tilak Varma,Powerplay,2023,50,17,294.12
Tilak Varma,Powerplay,2024,40,44,90.91
Tilak Varma,Powerplay,2025,36,29,124.14
Tilak Varma,Powerplay,2026,41,45,91.11
UBT Chand,Middle,2013,80,76,105.26
UBT Chand,Middle,2015,65,54,120.37
UBT Chand,Powerplay,2012,33,28,117.86
UBT Chand,Powerplay,2013,71,72,98.61
UBT Chand,Powerplay,2015,14,20,70.0
UT Khawaja,Middle,2016,20,25,80.0
UT Khawaja,Powerplay,2016,107,74,144.59
UT Yadav,Death,2013,38,38,100.0
UT Yadav,Death,2015,29,14,207.14
UT Yadav,Death,2017,10,13,76.92
UT Yadav,Death,2019,25,22,113.64
UT Yadav,Death,2022,54,38,142.11
UT Yadav,Death,2023,18,17,105.88
UT Yadav,Death,2024,12,14,85.71
Umar Gul,Death,2008,39,19,205.26
Urvil Patel,Middle,2025,26,11,236.36
Urvil Patel,Middle,2026,27,17,158.82
Urvil Patel,Powerplay,2025,42,21,200.0
Urvil Patel,Powerplay,2026,102,47,217.02
V Kohli,Death,2008,22,13,169.23
V Kohli,Death,2009,96,60,160.0
V Kohli,Death,2010,155,86,180.23
V Kohli,Death,2011,124,59,210.17
V Kohli,Death,2012,84,46,182.61
V Kohli,Death,2013,149,75,198.67
V Kohli,Death,2014,58,32,181.25
V Kohli,Death,2015,48,21,228.57
V Kohli,Death,2016,233,106,219.81
V Kohli,Death,2017,23,22,104.55
V Kohli,Death,2018,82,44,186.36
V Kohli,Death,2019,77,33,233.33
V Kohli,Death,2021,113,66,171.21
V Kohli,Death,2022,29,26,111.54
V Kohli,Death,2023,74,40,185.0
V Kohli,Death,2024,97,50,194.0
V Kohli,Death,2025,38,24,158.33
V Kohli,Death,2026,66,27,244.44
V Kohli,Middle,2008,90,76,118.42
V Kohli,Middle,2009,129,134,96.27
V Kohli,Middle,2010,149,120,124.17
V Kohli,Middle,2011,282,241,117.01
V Kohli,Middle,2012,181,174,104.02
V Kohli,Middle,2013,329,257,128.02
V Kohli,Middle,2014,256,195,131.28
V Kohli,Middle,2015,253,191,132.46
V Kohli,Middle,2016,455,302,150.66
V Kohli,Middle,2017,134,105,127.62
V Kohli,Middle,2018,200,158,126.58
V Kohli,Middle,2019,148,123,120.33
V Kohli,Middle,2021,433,396,109.34
V Kohli,Middle,2022,152,131,116.03
V Kohli,Middle,2023,264,197,134.01
V Kohli,Middle,2024,271,198,136.87
V Kohli,Middle,2025,301,228,132.02
V Kohli,Middle,2026,248,173,143.35
V Kohli,Powerplay,2008,53,68,77.94
V Kohli,Powerplay,2009,21,25,84.0
V Kohli,Powerplay,2011,151,159,94.97
V Kohli,Powerplay,2012,99,105,94.29
V Kohli,Powerplay,2013,158,122,129.51
V Kohli,Powerplay,2014,45,67,67.16
V Kohli,Powerplay,2015,204,174,117.24
V Kohli,Powerplay,2016,278,229,121.4
V Kohli,Powerplay,2017,151,125,120.8
V Kohli,Powerplay,2018,247,177,139.55
V Kohli,Powerplay,2019,239,171,139.77
V Kohli,Powerplay,2021,323,259,124.71
V Kohli,Powerplay,2022,160,137,116.79
V Kohli,Powerplay,2023,301,220,136.82
V Kohli,Powerplay,2024,373,231,161.47
V Kohli,Powerplay,2025,318,202,157.43
V Kohli,Powerplay,2026,360,206,174.76
V Nigam,Death,2025,69,38,181.58
V Nigam,Death,2026,15,10,150.0
V Nigam,Middle,2025,53,33,160.61
V Sehwag,Death,2011,26,12,216.67
V Sehwag,Death,2014,24,11,218.18
V Sehwag,Middle,2008,163,76,214.47
V Sehwag,Middle,2009,61,43,141.86
V Sehwag,Middle,2010,116,64,181.25
V Sehwag,Middle,2011,208,96,216.67
V Sehwag,Middle,2012,226,136,166.18
V Sehwag,Middle,2013,93,69,134.78
V Sehwag,Middle,2014,151,97,155.67
V Sehwag,Middle,2015,36,30,120.0
V Sehwag,Powerplay,2008,236,140,168.57
V Sehwag,Powerplay,2009,134,91,147.25
V Sehwag,Powerplay,2010,236,153,154.25
V Sehwag,Powerplay,2011,190,131,145.04
V Sehwag,Powerplay,2012,257,166,154.82
V Sehwag,Powerplay,2013,190,155,122.58
V Sehwag,Powerplay,2014,280,206,135.92
V Sehwag,Powerplay,2015,63,54,116.67
V Shankar,Death,2017,38,32,118.75
V Shankar,Death,2018,124,67,185.07
V Shankar,Death,2019,86,53,162.26
V Shankar,Death,2021,84,64,131.25
V Shankar,Death,2023,118,46,256.52
V Shankar,Death,2024,35,29,120.69
V Shankar,Death,2025,25,17,147.06
V Shankar,Middle,2017,56,36,155.56
V Shankar,Middle,2018,84,77,109.09
V Shankar,Middle,2019,144,120,120.0
V Shankar,Middle,2021,69,78,88.46
V Shankar,Middle,2023,128,108,118.52
V Shankar,Middle,2024,40,35,114.29
V Shankar,Middle,2025,69,54,127.78
V Shankar,Powerplay,2019,14,20,70.0
V Shankar,Powerplay,2022,19,34,55.88
V Shankar,Powerplay,2023,51,33,154.55
V Shankar,Powerplay,2025,23,19,121.05
V Suryavanshi,Death,2026,29,10,290.0
V Suryavanshi,Middle,2025,108,51,211.76
V Suryavanshi,Middle,2026,222,93,238.71
V Suryavanshi,Powerplay,2025,144,70,205.71
V Suryavanshi,Powerplay,2026,521,223,233.63
VG Arora,Death,2022,5,13,38.46
VH Zol,Powerplay,2014,22,21,104.76
VR Aaron,Death,2014,34,32,106.25
VR Aaron,Death,2017,4,10,40.0
VR Aaron,Death,2021,1,10,10.0
VR Iyer,Death,2023,28,22,127.27
VR Iyer,Death,2024,60,43,139.53
VR Iyer,Death,2025,53,21,252.38
VR Iyer,Death,2026,73,45,162.22
VR Iyer,Middle,2021,158,122,129.51
VR Iyer,Middle,2022,52,44,118.18
VR Iyer,Middle,2023,228,145,157.24
VR Iyer,Middle,2024,199,140,142.14
VR Iyer,Middle,2025,85,70,121.43
VR Iyer,Middle,2026,41,25,164.0
VR Iyer,Powerplay,2021,212,166,127.71
VR Iyer,Powerplay,2022,127,121,104.96
VR Iyer,Powerplay,2023,142,109,130.28
VR Iyer,Powerplay,2024,111,50,222.0
VR Iyer,Powerplay,2025,4,11,36.36
VR Iyer,Powerplay,2026,95,42,226.19
VVS Laxman,Middle,2008,74,54,137.04
VVS Laxman,Middle,2011,13,10,130.0
VVS Laxman,Powerplay,2008,78,72,108.33
VVS Laxman,Powerplay,2009,14,24,58.33
VVS Laxman,Powerplay,2010,64,60,106.67
VVS Laxman,Powerplay,2011,25,31,80.65
VY Mahesh,Death,2008,12,19,63.16
Virat Singh,Middle,2021,15,24,62.5
Vishnu Vinod,Middle,2023,34,25,136.0
Vishnu Vinod,Powerplay,2017,10,21,47.62
Vivrant Sharma,Middle,2023,42,23,182.61
Vivrant Sharma,Powerplay,2023,27,24,112.5
W Jaffer,Middle,2008,53,32,165.62
W Jaffer,Powerplay,2008,62,72,86.11
W Jaffer,Powerplay,2009,15,17,88.24
WA Mota,Death,2008,14,12,116.67
WA Mota,Death,2009,9,15,60.0
WA Mota,Middle,2008,12,15,80.0
WA Mota,Middle,2009,21,33,63.64
WD Parnell,Death,2011,32,31,103.23
WD Parnell,Death,2012,8,13,61.54
WD Parnell,Powerplay,2012,11,14,78.57
WG Jacks,Death,2026,44,19,231.58
WG Jacks,Middle,2024,123,76,161.84
WG Jacks,Middle,2025,115,92,125.0
WG Jacks,Middle,2026,47,30,156.67
WG Jacks,Powerplay,2024,73,49,148.98
WG Jacks,Powerplay,2025,117,79,148.1
WG Jacks,Powerplay,2026,47,26,180.77
WP Saha,Death,2008,73,40,182.5
WP Saha,Death,2009,60,30,200.0
WP Saha,Death,2010,37,32,115.62
WP Saha,Death,2011,27,15,180.0
WP Saha,Death,2014,90,43,209.3
WP Saha,Death,2015,65,43,151.16
WP Saha,Death,2016,67,46,145.65
WP Saha,Death,2017,63,40,157.5
WP Saha,Death,2018,24,17,141.18
WP Saha,Death,2021,31,29,106.9
WP Saha,Death,2022,15,13,115.38
WP Saha,Middle,2008,49,46,106.52
WP Saha,Middle,2009,12,11,109.09
WP Saha,Middle,2011,35,44,79.55
WP Saha,Middle,2012,6,14,42.86
WP Saha,Middle,2013,13,12,108.33
WP Saha,Middle,2014,164,125,131.2
WP Saha,Middle,2015,91,86,105.81
WP Saha,Middle,2016,147,131,112.21
WP Saha,Middle,2017,107,100,107.0
WP Saha,Middle,2018,17,11,154.55
WP Saha,Middle,2021,164,144,113.89
WP Saha,Middle,2022,85,84,101.19
WP Saha,Middle,2023,83,71,116.9
WP Saha,Middle,2024,6,10,60.0
WP Saha,Powerplay,2008,37,33,112.12
WP Saha,Powerplay,2010,22,13,169.23
WP Saha,Powerplay,2013,57,44,129.55
WP Saha,Powerplay,2014,108,81,133.33
WP Saha,Powerplay,2015,93,68,136.76
WP Saha,Powerplay,2016,56,35,160.0
WP Saha,Powerplay,2017,60,46,130.43
WP Saha,Powerplay,2018,81,74,109.46
WP Saha,Powerplay,2019,81,47,172.34
WP Saha,Powerplay,2021,150,119,126.05
WP Saha,Powerplay,2022,217,162,133.95
WP Saha,Powerplay,2023,287,214,134.11
WP Saha,Powerplay,2024,130,105,123.81
WPUJC Vaas,Death,2008,13,15,86.67
WPUJC Vaas,Death,2010,27,28,96.43
WPUJC Vaas,Middle,2009,17,12,141.67
Washington Sundar,Death,2017,9,12,75.0
Washington Sundar,Death,2018,56,27,207.41
Washington Sundar,Death,2021,49,42,116.67
Washington Sundar,Death,2022,92,57,161.4
Washington Sundar,Death,2023,46,34,135.29
Washington Sundar,Death,2025,28,17,164.71
Washington Sundar,Death,2026,199,115,173.04
Washington Sundar,Middle,2018,9,11,81.82
Washington Sundar,Middle,2021,76,75,101.33
Washington Sundar,Middle,2022,9,12,75.0
Washington Sundar,Middle,2023,14,26,53.85
Washington Sundar,Middle,2025,82,54,151.85
Washington Sundar,Middle,2026,154,121,127.27
Washington Sundar,Powerplay,2021,16,24,66.67
Washington Sundar,Powerplay,2026,20,13,153.85
X Thalaivan Sargunam,Middle,2013,8,14,57.14
XC Bartlett,Death,2026,29,13,223.08
XC Bartlett,Middle,2025,10,14,71.43
Y Gnaneswara Rao,Powerplay,2011,15,13,115.38
Y Nagar,Death,2011,60,38,157.89
Y Nagar,Death,2012,109,78,139.74
Y Nagar,Middle,2009,11,15,73.33
Y Nagar,Middle,2011,51,61,83.61
Y Nagar,Middle,2012,42,53,79.25
Y Venugopal Rao,Death,2008,136,73,186.3
Y Venugopal Rao,Death,2009,107,91,117.58
Y Venugopal Rao,Death,2011,99,56,176.79
Y Venugopal Rao,Death,2012,18,12,150.0
Y Venugopal Rao,Death,2014,20,13,153.85
Y Venugopal Rao,Middle,2008,112,93,120.43
Y Venugopal Rao,Middle,2009,17,23,73.91
Y Venugopal Rao,Middle,2010,32,39,82.05
Y Venugopal Rao,Middle,2011,226,193,117.1
Y Venugopal Rao,Middle,2012,93,94,98.94
Y Venugopal Rao,Middle,2014,42,45,93.33
Y Venugopal Rao,Powerplay,2008,35,41,85.37
Y Venugopal Rao,Powerplay,2011,11,30,36.67
Y Venugopal Rao,Powerplay,2012,21,20,105.0
YBK Jaiswal,Death,2023,47,18,261.11
YBK Jaiswal,Death,2024,17,12,141.67
YBK Jaiswal,Death,2025,24,12,200.0
YBK Jaiswal,Middle,2021,95,64,148.44
YBK Jaiswal,Middle,2022,86,70,122.86
YBK Jaiswal,Middle,2023,217,158,137.34
YBK Jaiswal,Middle,2024,136,84,161.9
YBK Jaiswal,Middle,2025,166,130,127.69
YBK Jaiswal,Middle,2026,125,92,135.87
YBK Jaiswal,Powerplay,2021,194,148,131.08
YBK Jaiswal,Powerplay,2022,167,121,138.02
YBK Jaiswal,Powerplay,2023,355,205,173.17
YBK Jaiswal,Powerplay,2024,281,182,154.4
YBK Jaiswal,Powerplay,2025,369,208,177.4
YBK Jaiswal,Powerplay,2026,302,188,160.64
YK Pathan,Death,2008,110,49,224.49
YK Pathan,Death,2009,71,33,215.15
YK Pathan,Death,2010,36,11,327.27
YK Pathan,Death,2011,108,66,163.64
YK Pathan,Death,2012,128,101,126.73
YK Pathan,Death,2013,95,66,143.94
YK Pathan,Death,2014,73,44,165.91
YK Pathan,Death,2015,125,77,162.34
YK Pathan,Death,2016,143,83,172.29
YK Pathan,Death,2017,36,24,150.0
YK Pathan,Death,2018,158,104,151.92
YK Pathan,Death,2019,38,38,100.0
YK Pathan,Middle,2008,205,117,175.21
YK Pathan,Middle,2009,127,123,103.25
YK Pathan,Middle,2010,294,180,163.33
YK Pathan,Middle,2011,171,125,136.8
YK Pathan,Middle,2012,62,60,103.33
YK Pathan,Middle,2013,176,129,136.43
YK Pathan,Middle,2014,183,113,161.95
YK Pathan,Middle,2015,171,140,122.14
YK Pathan,Middle,2016,169,140,120.71
YK Pathan,Middle,2017,86,79,108.86
YK Pathan,Middle,2018,83,81,102.47
YK Pathan,Powerplay,2008,115,73,157.53
YK Pathan,Powerplay,2009,63,31,203.23
YK Pathan,Powerplay,2013,60,44,136.36
YK Pathan,Powerplay,2015,14,12,116.67
YK Pathan,Powerplay,2016,49,25,196.0
YK Pathan,Powerplay,2017,21,12,175.0
YK Pathan,Powerplay,2018,19,15,126.67
YS Chahal,Death,2017,13,24,54.17
YS Chahal,Death,2021,11,21,52.38
YS Chahal,Middle,2019,4,12,33.33
YV Dhull,Middle,2023,14,14,100.0
YV Takawale,Death,2008,28,12,233.33
YV Takawale,Middle,2014,33,24,137.5
YV Takawale,Powerplay,2008,32,43,74.42
YV Takawale,Powerplay,2009,18,22,81.82
YV Takawale,Powerplay,2014,71,67,105.97
Yashpal Singh,Death,2009,17,13,130.77
Yashpal Singh,Middle,2009,13,17,76.47
Yashpal Singh,Powerplay,2009,17,35,48.57
Yudhvir Singh,Death,2024,19,10,190.0
Yuvraj Singh,Death,2008,109,53,205.66
Yuvraj Singh,Death,2009,66,40,165.0
Yuvraj Singh,Death,2010,86,54,159.26
Yuvraj Singh,Death,2011,125,75,166.67
Yuvraj Singh,Death,2013,76,45,168.89
Yuvraj Singh,Death,2014,146,67,217.91
Yuvraj Singh,Death,2015,77,40,192.5
Yuvraj Singh,Death,2016,75,41,182.93
Yuvraj Singh,Death,2017,111,64,173.44
Yuvraj Singh,Death,2019,20,10,200.0
Yuvraj Singh,Middle,2008,163,115,141.74
Yuvraj Singh,Middle,2009,235,209,112.44
Yuvraj Singh,Middle,2010,136,117,116.24
Yuvraj Singh,Middle,2011,211,180,117.22
Yuvraj Singh,Middle,2013,134,119,112.61
Yuvraj Singh,Middle,2014,212,185,114.59
Yuvraj Singh,Middle,2015,150,151,99.34
Yuvraj Singh,Middle,2016,155,133,116.54
Yuvraj Singh,Middle,2017,133,109,122.02
Yuvraj Singh,Middle,2018,48,52,92.31
Yuvraj Singh,Middle,2019,78,65,120.0
Yuvraj Singh,Powerplay,2008,27,16,168.75
Yuvraj Singh,Powerplay,2009,39,45,86.67
Yuvraj Singh,Powerplay,2010,36,29,124.14
Yuvraj Singh,Powerplay,2013,28,26,107.69
Yuvraj Singh,Powerplay,2014,12,22,54.55
Yuvraj Singh,Powerplay,2015,20,18,111.11
Yuvraj Singh,Powerplay,2018,14,16,87.5
Z Khan,Death,2008,29,29,100.0
Z Khan,Death,2009,8,11,72.73
Z Khan,Death,2010,24,13,184.62
Z Khan,Death,2011,18,16,112.5
Z Khan,Death,2012,12,17,70.59
Z Khan,Death,2016,6,13,46.15
Z Khan,Middle,2008,4,13,30.77
Z Khan,Middle,2017,2,11,18.18
