bowler,phase,season,runs_conceded,legal_balls,wickets,overs,economy
A Ashish Reddy,Death,2012,123.0,73,8,12.17,10.11
A Ashish Reddy,Death,2013,25.0,10,1,1.67,14.97
A Ashish Reddy,Death,2015,19.0,18,2,3.0,6.33
A Ashish Reddy,Middle,2012,94.0,84,3,14.0,6.71
A Ashish Reddy,Middle,2013,45.0,30,2,5.0,9.0
A Ashish Reddy,Middle,2015,31.0,18,2,3.0,10.33
A Ashish Reddy,Middle,2016,39.0,23,1,3.83,10.18
A Ashish Reddy,Powerplay,2012,20.0,6,0,1.0,20.0
A Badoni,Death,2024,6.0,6,0,1.0,6.0
A Badoni,Death,2025,13.0,10,2,1.67,7.78
A Badoni,Middle,2022,11.0,12,2,2.0,5.5
A Badoni,Middle,2024,19.0,6,0,1.0,19.0
A Badoni,Middle,2026,14.0,6,0,1.0,14.0
A Chandila,Death,2013,6.0,6,0,1.0,6.0
A Chandila,Middle,2012,45.0,42,1,7.0,6.43
A Chandila,Middle,2013,54.0,42,0,7.0,7.71
A Chandila,Powerplay,2012,41.0,42,4,7.0,5.86
A Chandila,Powerplay,2013,96.0,102,6,17.0,5.65
A Choudhary,Death,2017,40.0,24,1,4.0,10.0
A Choudhary,Middle,2017,58.0,41,1,6.83,8.49
A Choudhary,Powerplay,2017,46.0,36,3,6.0,7.67
A Dananjaya,Middle,2018,35.0,18,0,3.0,11.67
A Dananjaya,Powerplay,2018,12.0,6,0,1.0,12.0
A Flintoff,Death,2009,58.0,24,1,4.0,14.5
A Flintoff,Middle,2009,26.0,30,1,5.0,5.2
A Flintoff,Powerplay,2009,21.0,12,0,2.0,10.5
A Kamboj,Death,2026,235.0,128,16,21.33,11.02
A Kamboj,Middle,2024,53.0,30,1,5.0,10.6
A Kamboj,Middle,2026,77.0,48,3,8.0,9.62
A Kamboj,Powerplay,2024,61.0,30,1,5.0,12.2
A Kamboj,Powerplay,2025,169.0,126,7,21.0,8.05
A Kamboj,Powerplay,2026,218.0,126,5,21.0,10.38
A Kumble,Death,2008,55.0,26,1,4.33,12.7
A Kumble,Death,2009,78.0,67,9,11.17,6.98
A Kumble,Death,2010,79.0,74,8,12.33,6.41
A Kumble,Middle,2008,229.0,180,7,30.0,7.63
A Kumble,Middle,2009,246.0,252,11,42.0,5.86
A Kumble,Middle,2010,283.0,258,10,43.0,6.58
A Kumble,Powerplay,2008,20.0,24,0,4.0,5.0
A Kumble,Powerplay,2009,23.0,36,2,6.0,3.83
A Kumble,Powerplay,2010,45.0,48,1,8.0,5.62
A Mishra,Death,2008,19.0,18,4,3.0,6.33
A Mishra,Death,2009,39.0,18,3,3.0,13.0
A Mishra,Death,2010,74.0,48,4,8.0,9.25
A Mishra,Death,2011,124.0,92,8,15.33,8.09
A Mishra,Death,2012,66.0,42,1,7.0,9.43
A Mishra,Death,2013,122.0,84,10,14.0,8.71
A Mishra,Death,2014,87.0,39,3,6.5,13.38
A Mishra,Death,2015,97.0,55,2,9.17,10.58
A Mishra,Death,2016,62.0,36,1,6.0,10.33
A Mishra,Death,2017,11.0,11,2,1.83,6.01
A Mishra,Death,2018,34.0,24,2,4.0,8.5
A Mishra,Death,2019,33.0,18,1,3.0,11.0
A Mishra,Death,2021,16.0,12,1,2.0,8.0
A Mishra,Death,2023,39.0,24,3,4.0,9.75
A Mishra,Middle,2008,98.0,89,6,14.83,6.61
A Mishra,Middle,2009,240.0,223,11,37.17,6.46
A Mishra,Middle,2010,222.0,192,11,32.0,6.94
A Mishra,Middle,2011,219.0,216,11,36.0,6.08
A Mishra,Middle,2012,311.0,240,12,40.0,7.78
A Mishra,Middle,2013,260.0,282,14,47.0,5.53
A Mishra,Middle,2014,253.0,186,5,31.0,8.16
A Mishra,Middle,2015,213.0,186,7,31.0,6.87
A Mishra,Middle,2016,282.0,240,13,40.0,7.05
A Mishra,Middle,2017,332.0,222,8,37.0,8.97
A Mishra,Middle,2018,198.0,186,11,31.0,6.39
A Mishra,Middle,2019,237.0,222,10,37.0,6.41
A Mishra,Middle,2021,155.0,126,8,21.0,7.38
A Mishra,Middle,2023,110.0,90,4,15.0,7.33
A Mishra,Middle,2024,20.0,12,1,2.0,10.0
A Mishra,Powerplay,2008,21.0,12,1,2.0,10.5
A Mishra,Powerplay,2009,15.0,12,0,2.0,7.5
A Mishra,Powerplay,2010,67.0,78,5,13.0,5.15
A Mishra,Powerplay,2011,15.0,12,0,2.0,7.5
A Mishra,Powerplay,2013,12.0,6,0,1.0,12.0
A Mishra,Powerplay,2018,32.0,12,0,2.0,16.0
A Mishra,Powerplay,2021,10.0,6,0,1.0,10.0
A Mithun,Death,2009,14.0,6,0,1.0,14.0
A Mithun,Death,2010,19.0,6,0,1.0,19.0
A Mithun,Death,2011,90.0,54,4,9.0,10.0
A Mithun,Death,2012,16.0,6,0,1.0,16.0
A Mithun,Death,2013,15.0,6,1,1.0,15.0
A Mithun,Middle,2009,15.0,12,0,2.0,7.5
A Mithun,Middle,2010,7.0,6,0,1.0,7.0
A Mithun,Middle,2011,187.0,120,2,20.0,9.35
A Mithun,Middle,2013,6.0,6,0,1.0,6.0
A Mithun,Powerplay,2009,13.0,6,0,1.0,13.0
A Mithun,Powerplay,2010,13.0,6,1,1.0,13.0
A Mithun,Powerplay,2011,44.0,30,0,5.0,8.8
A Mithun,Powerplay,2012,17.0,12,0,2.0,8.5
A Mithun,Powerplay,2013,16.0,12,0,2.0,8.0
A Nehra,Death,2008,91.0,59,5,9.83,9.26
A Nehra,Death,2009,131.0,108,13,18.0,7.28
A Nehra,Death,2010,43.0,30,3,5.0,8.6
A Nehra,Death,2012,141.0,84,7,14.0,10.07
A Nehra,Death,2013,135.0,72,7,12.0,11.25
A Nehra,Death,2014,56.0,36,6,6.0,9.33
A Nehra,Death,2015,109.0,84,11,14.0,7.79
A Nehra,Death,2016,26.0,18,4,3.0,8.67
A Nehra,Death,2017,46.0,36,7,6.0,7.67
A Nehra,Middle,2008,48.0,42,3,7.0,6.86
A Nehra,Middle,2009,29.0,30,0,5.0,5.8
A Nehra,Middle,2012,102.0,90,4,15.0,6.8
A Nehra,Middle,2013,19.0,24,2,4.0,4.75
A Nehra,Middle,2014,20.0,6,0,1.0,20.0
A Nehra,Middle,2015,46.0,36,2,6.0,7.67
A Nehra,Middle,2016,36.0,30,2,5.0,7.2
A Nehra,Middle,2017,51.0,30,0,5.0,10.2
A Nehra,Powerplay,2008,209.0,168,6,28.0,7.46
A Nehra,Powerplay,2009,186.0,168,9,28.0,6.64
A Nehra,Powerplay,2010,53.0,54,3,9.0,5.89
A Nehra,Powerplay,2012,159.0,114,1,19.0,8.37
A Nehra,Powerplay,2013,162.0,120,4,20.0,8.1
A Nehra,Powerplay,2014,66.0,48,2,8.0,8.25
A Nehra,Powerplay,2015,294.0,252,12,42.0,7.0
A Nehra,Powerplay,2016,137.0,108,5,18.0,7.61
A Nehra,Powerplay,2017,100.0,61,3,10.17,9.83
A Nel,Death,2008,8.0,6,0,1.0,8.0
A Nel,Middle,2008,11.0,6,0,1.0,11.0
A Nel,Powerplay,2008,12.0,6,1,1.0,12.0
A Nortje,Death,2021,287.0,210,15,35.0,8.2
A Nortje,Death,2022,69.0,44,5,7.33,9.41
A Nortje,Death,2023,185.0,114,6,19.0,9.74
A Nortje,Death,2024,160.0,54,3,9.0,17.78
A Nortje,Death,2025,30.0,12,0,2.0,15.0
A Nortje,Death,2026,13.0,6,0,1.0,13.0
A Nortje,Middle,2021,126.0,92,8,15.33,8.22
A Nortje,Middle,2022,55.0,30,1,5.0,11.0
A Nortje,Middle,2023,56.0,42,0,7.0,8.0
A Nortje,Middle,2024,65.0,42,2,7.0,9.29
A Nortje,Middle,2025,14.0,12,1,2.0,7.0
A Nortje,Middle,2026,26.0,18,0,3.0,8.67
A Nortje,Powerplay,2021,286.0,246,12,41.0,6.98
A Nortje,Powerplay,2022,93.0,60,3,10.0,9.3
A Nortje,Powerplay,2023,123.0,84,5,14.0,8.79
A Nortje,Powerplay,2024,69.0,36,2,6.0,11.5
A Nortje,Powerplay,2025,39.0,18,0,3.0,13.0
A Singh,Death,2009,40.0,33,4,5.5,7.27
A Singh,Death,2011,58.0,45,6,7.5,7.73
A Singh,Death,2012,170.0,83,7,13.83,12.29
A Singh,Middle,2009,2.0,6,0,1.0,2.0
A Singh,Middle,2011,51.0,36,1,6.0,8.5
A Singh,Middle,2012,4.0,6,0,1.0,4.0
A Singh,Powerplay,2009,53.0,66,5,11.0,4.82
A Singh,Powerplay,2011,106.0,90,3,15.0,7.07
A Singh,Powerplay,2012,136.0,108,5,18.0,7.56
A Symonds,Death,2009,19.0,12,2,2.0,9.5
A Symonds,Death,2010,107.0,66,4,11.0,9.73
A Symonds,Middle,2008,82.0,36,0,6.0,13.67
A Symonds,Middle,2009,113.0,90,5,15.0,7.53
A Symonds,Middle,2010,187.0,180,6,30.0,6.23
A Symonds,Middle,2011,41.0,24,1,4.0,10.25
A Symonds,Powerplay,2009,28.0,42,2,7.0,4.0
A Symonds,Powerplay,2010,78.0,72,3,12.0,6.5
A Uniyal,Death,2010,26.0,18,2,3.0,8.67
A Uniyal,Middle,2010,18.0,6,0,1.0,18.0
A Uniyal,Powerplay,2010,22.0,12,1,2.0,11.0
A Zampa,Death,2016,36.0,30,6,5.0,7.2
A Zampa,Death,2017,31.0,17,4,2.83,10.95
A Zampa,Death,2021,27.0,6,0,1.0,27.0
A Zampa,Death,2023,37.0,24,3,4.0,9.25
A Zampa,Death,2025,35.0,12,0,2.0,17.5
A Zampa,Middle,2016,71.0,66,6,11.0,6.45
A Zampa,Middle,2017,132.0,102,3,17.0,7.76
A Zampa,Middle,2021,65.0,60,2,10.0,6.5
A Zampa,Middle,2023,112.0,72,3,12.0,9.33
A Zampa,Middle,2025,59.0,36,2,6.0,9.83
A Zampa,Powerplay,2016,8.0,6,0,1.0,8.0
A Zampa,Powerplay,2023,39.0,36,3,6.0,6.5
AA Chavan,Death,2012,32.0,14,3,2.33,13.73
AA Chavan,Middle,2011,5.0,6,0,1.0,5.0
AA Chavan,Middle,2012,124.0,78,1,13.0,9.54
AA Chavan,Middle,2013,10.0,6,1,1.0,10.0
AA Chavan,Powerplay,2011,22.0,24,0,4.0,5.5
AA Chavan,Powerplay,2012,80.0,72,3,12.0,6.67
AA Chavan,Powerplay,2013,53.0,48,0,8.0,6.62
AA Jhunjhunwala,Middle,2010,45.0,24,0,4.0,11.25
AA Jhunjhunwala,Middle,2011,22.0,12,0,2.0,11.0
AA Jhunjhunwala,Middle,2012,13.0,18,1,3.0,4.33
AA Jhunjhunwala,Powerplay,2010,22.0,12,0,2.0,11.0
AA Jhunjhunwala,Powerplay,2012,25.0,18,0,3.0,8.33
AA Kazi,Middle,2011,21.0,12,1,2.0,10.5
AA Noffke,Death,2008,11.0,12,1,2.0,5.5
AA Noffke,Middle,2008,7.0,6,0,1.0,7.0
AA Noffke,Powerplay,2008,22.0,6,0,1.0,22.0
AB Agarkar,Death,2008,11.0,12,2,2.0,5.5
AB Agarkar,Death,2009,103.0,60,2,10.0,10.3
AB Agarkar,Death,2010,37.0,24,0,4.0,9.25
AB Agarkar,Death,2011,94.0,54,4,9.0,10.44
AB Agarkar,Death,2012,25.0,14,1,2.33,10.73
AB Agarkar,Death,2013,36.0,18,0,3.0,12.0
AB Agarkar,Middle,2008,94.0,78,4,13.0,7.23
AB Agarkar,Middle,2009,104.0,78,4,13.0,8.0
AB Agarkar,Middle,2010,109.0,66,2,11.0,9.91
AB Agarkar,Middle,2011,116.0,96,5,16.0,7.25
AB Agarkar,Middle,2012,94.0,66,3,11.0,8.55
AB Agarkar,Middle,2013,43.0,36,0,6.0,7.17
AB Agarkar,Powerplay,2008,102.0,66,2,11.0,9.27
AB Agarkar,Powerplay,2009,77.0,48,2,8.0,9.62
AB Agarkar,Powerplay,2010,57.0,42,2,7.0,8.14
AB Agarkar,Powerplay,2011,21.0,12,0,2.0,10.5
AB Agarkar,Powerplay,2012,15.0,6,0,1.0,15.0
AB Agarkar,Powerplay,2013,13.0,6,0,1.0,13.0
AB Dinda,Death,2008,14.0,18,2,3.0,4.67
AB Dinda,Death,2009,47.0,24,2,4.0,11.75
AB Dinda,Death,2010,21.0,19,5,3.17,6.62
AB Dinda,Death,2011,55.0,24,1,4.0,13.75
AB Dinda,Death,2012,69.0,54,5,9.0,7.67
AB Dinda,Death,2013,273.0,138,11,23.0,11.87
AB Dinda,Death,2014,113.0,54,1,9.0,12.56
AB Dinda,Death,2016,101.0,57,7,9.5,10.63
AB Dinda,Death,2017,68.0,24,1,4.0,17.0
AB Dinda,Middle,2008,96.0,72,2,12.0,8.0
AB Dinda,Middle,2009,6.0,18,0,3.0,2.0
AB Dinda,Middle,2010,30.0,36,4,6.0,5.0
AB Dinda,Middle,2011,9.0,12,1,2.0,4.5
AB Dinda,Middle,2012,17.0,12,0,2.0,8.5
AB Dinda,Middle,2013,60.0,54,3,9.0,6.67
AB Dinda,Middle,2014,85.0,84,1,14.0,6.07
AB Dinda,Middle,2015,18.0,6,0,1.0,18.0
AB Dinda,Powerplay,2008,150.0,144,7,24.0,6.25
AB Dinda,Powerplay,2009,140.0,102,4,17.0,8.24
AB Dinda,Powerplay,2010,101.0,84,3,14.0,7.21
AB Dinda,Powerplay,2011,88.0,66,3,11.0,8.0
AB Dinda,Powerplay,2012,83.0,78,5,13.0,6.38
AB Dinda,Powerplay,2013,132.0,102,4,17.0,7.76
AB Dinda,Powerplay,2014,72.0,48,3,8.0,9.0
AB Dinda,Powerplay,2015,44.0,24,0,4.0,11.0
AB Dinda,Powerplay,2016,130.0,126,6,21.0,6.19
AB Dinda,Powerplay,2017,51.0,36,1,6.0,8.5
AB McDonald,Death,2010,50.0,24,3,4.0,12.5
AB McDonald,Death,2012,1.0,6,1,1.0,1.0
AB McDonald,Middle,2009,22.0,18,0,3.0,7.33
AB McDonald,Middle,2010,50.0,36,3,6.0,8.33
AB McDonald,Middle,2011,12.0,6,0,1.0,12.0
AB McDonald,Middle,2012,45.0,42,3,7.0,6.43
AB McDonald,Middle,2013,17.0,12,1,2.0,8.5
AB McDonald,Powerplay,2010,38.0,24,2,4.0,9.5
AB McDonald,Powerplay,2011,11.0,6,0,1.0,11.0
AB McDonald,Powerplay,2012,15.0,12,1,2.0,7.5
AC Thomas,Death,2011,143.0,81,2,13.5,10.59
AC Thomas,Death,2012,50.0,30,3,5.0,10.0
AC Thomas,Middle,2011,15.0,18,3,3.0,5.0
AC Thomas,Middle,2012,7.0,6,0,1.0,7.0
AC Thomas,Powerplay,2011,139.0,132,6,22.0,6.32
AC Thomas,Powerplay,2012,52.0,48,2,8.0,6.5
AC Voges,Death,2010,5.0,6,0,1.0,5.0
AC Voges,Middle,2010,45.0,36,1,6.0,7.5
AC Voges,Powerplay,2010,26.0,12,0,2.0,13.0
AD Mascarenhas,Death,2012,39.0,24,2,4.0,9.75
AD Mascarenhas,Middle,2008,9.0,12,2,2.0,4.5
AD Mascarenhas,Middle,2009,34.0,30,0,5.0,6.8
AD Mascarenhas,Middle,2010,25.0,24,2,4.0,6.25
AD Mascarenhas,Middle,2012,30.0,36,1,6.0,5.0
AD Mascarenhas,Middle,2013,12.0,12,0,2.0,6.0
AD Mascarenhas,Powerplay,2008,20.0,12,0,2.0,10.0
AD Mascarenhas,Powerplay,2009,95.0,84,6,14.0,6.79
AD Mascarenhas,Powerplay,2010,40.0,24,2,4.0,10.0
AD Mascarenhas,Powerplay,2012,36.0,36,4,6.0,6.0
AD Mascarenhas,Powerplay,2013,13.0,12,0,2.0,6.5
AD Mathews,Death,2010,47.0,39,3,6.5,7.23
AD Mathews,Death,2012,31.0,24,2,4.0,7.75
AD Mathews,Death,2013,68.0,48,4,8.0,8.5
AD Mathews,Death,2015,46.0,30,1,5.0,9.2
AD Mathews,Death,2017,25.0,12,0,2.0,12.5
AD Mathews,Middle,2009,16.0,6,0,1.0,16.0
AD Mathews,Middle,2010,232.0,162,4,27.0,8.59
AD Mathews,Middle,2012,131.0,120,5,20.0,6.55
AD Mathews,Middle,2013,131.0,96,1,16.0,8.19
AD Mathews,Middle,2015,132.0,108,2,18.0,7.33
AD Mathews,Middle,2017,31.0,18,0,3.0,10.33
AD Mathews,Powerplay,2009,9.0,6,0,1.0,9.0
AD Mathews,Powerplay,2010,35.0,24,1,4.0,8.75
AD Mathews,Powerplay,2012,30.0,12,0,2.0,15.0
AD Mathews,Powerplay,2013,41.0,42,1,7.0,5.86
AD Mathews,Powerplay,2015,68.0,42,4,7.0,9.71
AD Russell,Death,2012,39.0,18,0,3.0,13.0
AD Russell,Death,2013,18.0,12,0,2.0,9.0
AD Russell,Death,2014,25.0,12,0,2.0,12.5
AD Russell,Death,2015,86.0,60,6,10.0,8.6
AD Russell,Death,2016,107.0,51,9,8.5,12.59
AD Russell,Death,2018,83.0,48,3,8.0,10.38
AD Russell,Death,2019,69.0,43,4,7.17,9.62
AD Russell,Death,2021,220.0,120,14,20.0,11.0
AD Russell,Death,2022,141.0,73,11,12.17,11.59
AD Russell,Death,2023,60.0,31,2,5.17,11.61
AD Russell,Death,2024,90.0,56,7,9.33,9.65
AD Russell,Death,2025,112.0,62,3,10.33,10.84
AD Russell,Middle,2012,97.0,54,1,9.0,10.78
AD Russell,Middle,2013,41.0,24,0,4.0,10.25
AD Russell,Middle,2014,27.0,18,2,3.0,9.0
AD Russell,Middle,2015,181.0,142,7,23.67,7.65
AD Russell,Middle,2016,62.0,48,2,8.0,7.75
AD Russell,Middle,2018,133.0,96,6,16.0,8.31
AD Russell,Middle,2019,132.0,90,5,15.0,8.8
AD Russell,Middle,2021,121.0,84,4,14.0,8.64
AD Russell,Middle,2022,108.0,72,7,12.0,9.0
AD Russell,Middle,2023,39.0,24,1,4.0,9.75
AD Russell,Middle,2024,205.0,120,12,20.0,10.25
AD Russell,Middle,2025,94.0,41,4,6.83,13.76
AD Russell,Powerplay,2012,25.0,24,0,4.0,6.25
AD Russell,Powerplay,2013,9.0,6,0,1.0,9.0
AD Russell,Powerplay,2015,57.0,42,1,7.0,8.14
AD Russell,Powerplay,2016,122.0,120,8,20.0,6.1
AD Russell,Powerplay,2018,139.0,83,4,13.83,10.05
AD Russell,Powerplay,2019,86.0,48,2,8.0,10.75
AD Russell,Powerplay,2021,22.0,18,0,3.0,7.33
AD Russell,Powerplay,2022,29.0,24,3,4.0,7.25
AD Russell,Powerplay,2023,73.0,36,4,6.0,12.17
AD Russell,Powerplay,2025,11.0,6,1,1.0,11.0
AF Milne,Death,2016,11.0,6,0,1.0,11.0
AF Milne,Death,2017,37.0,30,4,5.0,7.4
AF Milne,Death,2021,34.0,18,1,3.0,11.33
AF Milne,Death,2026,19.0,8,0,1.33,14.29
AF Milne,Middle,2016,7.0,6,1,1.0,7.0
AF Milne,Middle,2017,51.0,24,0,4.0,12.75
AF Milne,Middle,2021,27.0,24,0,4.0,6.75
AF Milne,Powerplay,2016,25.0,12,0,2.0,12.5
AF Milne,Powerplay,2017,46.0,30,0,5.0,9.2
AF Milne,Powerplay,2021,70.0,42,3,7.0,10.0
AF Milne,Powerplay,2022,12.0,12,0,2.0,6.0
AF Milne,Powerplay,2026,22.0,12,0,2.0,11.0
AG Murtaza,Death,2010,22.0,12,0,2.0,11.0
AG Murtaza,Death,2011,28.0,12,0,2.0,14.0
AG Murtaza,Middle,2010,62.0,48,3,8.0,7.75
AG Murtaza,Middle,2011,58.0,60,4,10.0,5.8
AG Murtaza,Middle,2013,91.0,54,2,9.0,10.11
AG Murtaza,Powerplay,2010,7.0,12,1,2.0,3.5
AG Murtaza,Powerplay,2011,31.0,48,1,8.0,3.88
AG Murtaza,Powerplay,2012,11.0,12,0,2.0,5.5
AG Murtaza,Powerplay,2013,3.0,6,1,1.0,3.0
AJ Finch,Death,2011,5.0,6,0,1.0,5.0
AJ Finch,Middle,2010,4.0,6,0,1.0,4.0
AJ Finch,Middle,2011,8.0,6,0,1.0,8.0
AJ Finch,Middle,2013,46.0,18,1,3.0,15.33
AJ Finch,Powerplay,2013,3.0,6,0,1.0,3.0
AJ Hosein,Death,2026,14.0,10,1,1.67,8.38
AJ Hosein,Middle,2023,10.0,6,1,1.0,10.0
AJ Hosein,Middle,2026,91.0,72,5,12.0,7.58
AJ Hosein,Powerplay,2023,30.0,18,0,3.0,10.0
AJ Hosein,Powerplay,2026,93.0,66,3,11.0,8.45
AJ Tye,Death,2017,77.0,60,6,10.0,7.7
AJ Tye,Death,2018,194.0,138,16,23.0,8.43
AJ Tye,Death,2019,102.0,54,2,9.0,11.33
AJ Tye,Death,2021,31.0,12,1,2.0,15.5
AJ Tye,Death,2022,47.0,24,2,4.0,11.75
AJ Tye,Middle,2017,24.0,30,3,5.0,4.8
AJ Tye,Middle,2018,131.0,96,5,16.0,8.19
AJ Tye,Middle,2019,81.0,54,0,9.0,9.0
AJ Tye,Middle,2021,11.0,6,0,1.0,11.0
AJ Tye,Middle,2022,28.0,18,0,3.0,9.33
AJ Tye,Powerplay,2017,40.0,36,3,6.0,6.67
AJ Tye,Powerplay,2018,123.0,102,7,17.0,7.24
AJ Tye,Powerplay,2019,50.0,24,1,4.0,12.5
AJ Tye,Powerplay,2021,8.0,6,1,1.0,8.0
AJ Tye,Powerplay,2022,32.0,24,1,4.0,8.0
AK Markram,Death,2026,29.0,12,0,2.0,14.5
AK Markram,Middle,2021,5.0,6,0,1.0,5.0
AK Markram,Middle,2022,64.0,36,1,6.0,10.67
AK Markram,Middle,2023,52.0,36,1,6.0,8.67
AK Markram,Middle,2024,15.0,12,0,2.0,7.5
AK Markram,Middle,2025,78.0,54,3,9.0,8.67
AK Markram,Middle,2026,54.0,24,0,4.0,13.5
AK Markram,Powerplay,2021,18.0,18,0,3.0,6.0
AK Markram,Powerplay,2023,17.0,12,0,2.0,8.5
AK Markram,Powerplay,2025,24.0,12,1,2.0,12.0
AL Menaria,Death,2011,38.0,18,0,3.0,12.67
AL Menaria,Middle,2011,30.0,30,1,5.0,6.0
AL Menaria,Middle,2012,11.0,12,1,2.0,5.5
AL Menaria,Powerplay,2011,53.0,42,1,7.0,7.57
AL Menaria,Powerplay,2012,2.0,6,0,1.0,2.0
AM Ghazanfar,Death,2026,74.0,35,4,5.83,12.69
AM Ghazanfar,Middle,2026,207.0,138,4,23.0,9.0
AM Ghazanfar,Powerplay,2026,108.0,60,7,10.0,10.8
AM Nayar,Death,2009,9.0,6,1,1.0,9.0
AM Nayar,Middle,2008,68.0,42,1,7.0,9.71
AM Nayar,Middle,2009,65.0,60,3,10.0,6.5
AM Nayar,Middle,2011,95.0,61,2,10.17,9.34
AM Nayar,Middle,2012,16.0,6,0,1.0,16.0
AM Nayar,Middle,2013,59.0,48,2,8.0,7.38
AM Nayar,Powerplay,2009,10.0,6,0,1.0,10.0
AM Rahane,Middle,2009,5.0,6,1,1.0,5.0
AM Salvi,Death,2009,17.0,12,0,2.0,8.5
AM Salvi,Death,2011,29.0,18,2,3.0,9.67
AM Salvi,Middle,2009,60.0,42,4,7.0,8.57
AM Salvi,Middle,2011,17.0,12,0,2.0,8.5
AM Salvi,Powerplay,2009,57.0,48,0,8.0,7.12
AM Salvi,Powerplay,2011,20.0,18,1,3.0,6.67
AN Ahmed,Death,2011,33.0,24,4,4.0,8.25
AN Ahmed,Death,2013,5.0,6,2,1.0,5.0
AN Ahmed,Death,2014,66.0,38,2,6.33,10.43
AN Ahmed,Death,2015,72.0,24,1,4.0,18.0
AN Ahmed,Middle,2010,26.0,12,0,2.0,13.0
AN Ahmed,Middle,2011,68.0,48,0,8.0,8.5
AN Ahmed,Middle,2013,8.0,12,1,2.0,4.0
AN Ahmed,Middle,2014,26.0,24,1,4.0,6.5
AN Ahmed,Middle,2015,21.0,18,1,3.0,7.0
AN Ahmed,Powerplay,2011,68.0,48,3,8.0,8.5
AN Ahmed,Powerplay,2012,17.0,12,0,2.0,8.5
AN Ahmed,Powerplay,2013,32.0,24,0,4.0,8.0
AN Ahmed,Powerplay,2014,21.0,24,0,4.0,5.25
AN Ahmed,Powerplay,2015,35.0,30,0,5.0,7.0
AP Dole,Death,2010,22.0,12,1,2.0,11.0
AP Dole,Middle,2010,28.0,24,2,4.0,7.0
AP Dole,Powerplay,2010,62.0,30,2,5.0,12.4
AR Patel,Death,2014,105.0,90,7,15.0,7.0
AR Patel,Death,2015,121.0,71,5,11.83,10.23
AR Patel,Death,2016,61.0,35,1,5.83,10.46
AR Patel,Death,2017,34.0,24,3,4.0,8.5
AR Patel,Death,2018,18.0,12,0,2.0,9.0
AR Patel,Death,2019,58.0,36,2,6.0,9.67
AR Patel,Death,2021,49.0,42,4,7.0,7.0
AR Patel,Death,2022,31.0,18,0,3.0,10.33
AR Patel,Death,2023,16.0,6,0,1.0,16.0
AR Patel,Death,2024,16.0,18,0,3.0,5.33
AR Patel,Death,2025,28.0,18,0,3.0,9.33
AR Patel,Death,2026,7.0,12,1,2.0,3.5
AR Patel,Middle,2014,244.0,258,12,43.0,5.67
AR Patel,Middle,2015,249.0,191,8,31.83,7.82
AR Patel,Middle,2016,246.0,192,12,32.0,7.69
AR Patel,Middle,2017,284.0,228,10,38.0,7.47
AR Patel,Middle,2018,153.0,114,1,19.0,8.05
AR Patel,Middle,2019,226.0,204,9,34.0,6.65
AR Patel,Middle,2021,449.0,420,17,70.0,6.41
AR Patel,Middle,2022,232.0,192,4,32.0,7.25
AR Patel,Middle,2023,236.0,210,9,35.0,6.74
AR Patel,Middle,2024,267.0,222,9,37.0,7.22
AR Patel,Middle,2025,161.0,108,3,18.0,8.94
AR Patel,Middle,2026,232.0,168,8,28.0,8.29
AR Patel,Powerplay,2014,56.0,48,0,8.0,7.0
AR Patel,Powerplay,2015,22.0,18,1,3.0,7.33
AR Patel,Powerplay,2016,81.0,60,0,10.0,8.1
AR Patel,Powerplay,2017,44.0,36,2,6.0,7.33
AR Patel,Powerplay,2018,47.0,30,2,5.0,9.4
AR Patel,Powerplay,2019,80.0,66,1,11.0,7.27
AR Patel,Powerplay,2021,141.0,126,6,21.0,6.71
AR Patel,Powerplay,2022,58.0,48,2,8.0,7.25
AR Patel,Powerplay,2023,86.0,66,2,11.0,7.82
AR Patel,Powerplay,2024,54.0,24,2,4.0,13.5
AR Patel,Powerplay,2025,124.0,90,3,15.0,8.27
AR Patel,Powerplay,2026,121.0,84,2,14.0,8.64
AS Joseph,Death,2019,8.0,10,4,1.67,4.79
AS Joseph,Death,2022,77.0,54,5,9.0,8.56
AS Joseph,Death,2023,71.0,42,4,7.0,10.14
AS Joseph,Death,2024,47.0,22,0,3.67,12.81
AS Joseph,Middle,2019,45.0,18,1,3.0,15.0
AS Joseph,Middle,2022,92.0,72,2,12.0,7.67
AS Joseph,Middle,2023,137.0,90,3,15.0,9.13
AS Joseph,Middle,2024,33.0,18,1,3.0,11.0
AS Joseph,Powerplay,2019,34.0,24,1,4.0,8.5
AS Joseph,Powerplay,2022,95.0,54,1,9.0,10.56
AS Joseph,Powerplay,2023,17.0,12,0,2.0,8.5
AS Joseph,Powerplay,2024,35.0,18,0,3.0,11.67
AS Rajpoot,Death,2016,21.0,12,1,2.0,10.5
AS Rajpoot,Death,2017,36.0,18,1,3.0,12.0
AS Rajpoot,Death,2018,46.0,24,3,4.0,11.5
AS Rajpoot,Death,2019,29.0,18,3,3.0,9.67
AS Rajpoot,Death,2021,68.0,30,1,5.0,13.6
AS Rajpoot,Middle,2016,42.0,30,1,5.0,8.4
AS Rajpoot,Middle,2017,71.0,66,3,11.0,6.45
AS Rajpoot,Middle,2018,50.0,31,1,5.17,9.67
AS Rajpoot,Middle,2019,40.0,24,0,4.0,10.0
AS Rajpoot,Middle,2021,11.0,6,1,1.0,11.0
AS Rajpoot,Powerplay,2013,35.0,24,1,4.0,8.75
AS Rajpoot,Powerplay,2016,35.0,24,1,4.0,8.75
AS Rajpoot,Powerplay,2018,127.0,102,7,17.0,7.47
AS Rajpoot,Powerplay,2019,83.0,54,0,9.0,9.22
AS Rajpoot,Powerplay,2021,120.0,66,0,11.0,10.91
AS Raut,Death,2009,13.0,12,0,2.0,6.5
AS Raut,Middle,2009,23.0,12,0,2.0,11.5
AS Raut,Middle,2011,8.0,6,0,1.0,8.0
AS Roy,Death,2023,6.0,6,1,1.0,6.0
AS Roy,Death,2026,43.0,25,2,4.17,10.31
AS Roy,Middle,2019,11.0,12,1,2.0,5.5
AS Roy,Middle,2022,31.0,24,1,4.0,7.75
AS Roy,Middle,2023,59.0,42,2,7.0,8.43
AS Roy,Middle,2024,3.0,6,0,1.0,3.0
AS Roy,Middle,2025,12.0,12,1,2.0,6.0
AS Roy,Middle,2026,125.0,78,6,13.0,9.62
AS Roy,Powerplay,2022,24.0,18,0,3.0,8.0
AS Roy,Powerplay,2024,51.0,24,1,4.0,12.75
AS Roy,Powerplay,2025,15.0,12,1,2.0,7.5
AS Roy,Powerplay,2026,93.0,60,1,10.0,9.3
AU Rashid,Death,2023,10.0,6,0,1.0,10.0
AU Rashid,Middle,2021,35.0,18,0,3.0,11.67
AU Rashid,Middle,2023,46.0,36,2,6.0,7.67
AUK Pathan,Death,2011,14.0,9,0,1.5,9.33
AUK Pathan,Death,2012,14.0,6,0,1.0,14.0
AUK Pathan,Middle,2011,35.0,24,0,4.0,8.75
Abdul Samad,Death,2021,20.0,6,0,1.0,20.0
Abdul Samad,Middle,2021,85.0,42,2,7.0,12.14
Abdul Samad,Middle,2022,8.0,6,0,1.0,8.0
Abdur Razzak,Middle,2008,29.0,12,0,2.0,14.5
Abhinandan Singh,Death,2026,16.0,10,2,1.67,9.58
Abhinandan Singh,Middle,2026,37.0,24,1,4.0,9.25
Abhinandan Singh,Powerplay,2026,69.0,24,0,4.0,17.25
Abhishek Sharma,Death,2021,11.0,6,0,1.0,11.0
Abhishek Sharma,Death,2023,31.0,6,1,1.0,31.0
Abhishek Sharma,Death,2024,11.0,6,0,1.0,11.0
Abhishek Sharma,Middle,2019,21.0,12,1,2.0,10.5
Abhishek Sharma,Middle,2021,122.0,96,6,16.0,7.62
Abhishek Sharma,Middle,2022,38.0,24,0,4.0,9.5
Abhishek Sharma,Middle,2023,81.0,60,1,10.0,8.1
Abhishek Sharma,Middle,2024,13.0,18,2,3.0,4.33
Abhishek Sharma,Middle,2025,74.0,42,0,7.0,10.57
Abhishek Sharma,Middle,2026,13.0,6,0,1.0,13.0
Abhishek Sharma,Powerplay,2021,22.0,18,0,3.0,7.33
Abhishek Sharma,Powerplay,2023,12.0,6,0,1.0,12.0
Abhishek Sharma,Powerplay,2024,27.0,18,0,3.0,9.0
Abhishek Sharma,Powerplay,2025,38.0,24,0,4.0,9.5
Abhishek Sharma,Powerplay,2026,29.0,18,0,3.0,9.67
Akash Deep,Death,2022,57.0,17,1,2.83,20.14
Akash Deep,Death,2023,12.0,6,0,1.0,12.0
Akash Deep,Death,2025,37.0,18,1,3.0,12.33
Akash Deep,Middle,2022,104.0,66,3,11.0,9.45
Akash Deep,Middle,2023,26.0,12,0,2.0,13.0
Akash Deep,Middle,2024,35.0,12,1,2.0,17.5
Akash Deep,Middle,2025,47.0,24,0,4.0,11.75
Akash Deep,Powerplay,2022,44.0,30,2,5.0,8.8
Akash Deep,Powerplay,2023,21.0,12,1,2.0,10.5
Akash Deep,Powerplay,2024,9.0,6,0,1.0,9.0
Akash Deep,Powerplay,2025,145.0,72,2,12.0,12.08
Akash Madhwal,Death,2023,93.0,69,7,11.5,8.09
Akash Madhwal,Death,2024,81.0,25,1,4.17,19.42
Akash Madhwal,Death,2025,81.0,42,3,7.0,11.57
Akash Madhwal,Middle,2023,90.0,54,6,9.0,10.0
Akash Madhwal,Middle,2024,68.0,42,3,7.0,9.71
Akash Madhwal,Middle,2025,72.0,42,1,7.0,10.29
Akash Madhwal,Powerplay,2023,36.0,30,3,5.0,7.2
Akash Madhwal,Powerplay,2024,56.0,42,2,7.0,8.0
Akash Madhwal,Powerplay,2025,13.0,6,0,1.0,13.0
Akash Singh,Death,2021,17.0,6,0,1.0,17.0
Akash Singh,Death,2023,10.0,6,1,1.0,10.0
Akash Singh,Middle,2021,4.0,6,0,1.0,4.0
Akash Singh,Middle,2023,34.0,18,1,3.0,11.33
Akash Singh,Middle,2025,38.0,24,1,4.0,9.5
Akash Singh,Middle,2026,41.0,18,2,3.0,13.67
Akash Singh,Powerplay,2021,18.0,12,0,2.0,9.0
Akash Singh,Powerplay,2023,144.0,90,3,15.0,9.6
Akash Singh,Powerplay,2025,61.0,43,3,7.17,8.51
Akash Singh,Powerplay,2026,39.0,24,2,4.0,9.75
Aman Hakim Khan,Middle,2022,13.0,6,0,1.0,13.0
Anand Rajan,Death,2011,34.0,18,5,3.0,11.33
Anand Rajan,Death,2012,33.0,11,1,1.83,18.03
Anand Rajan,Death,2013,12.0,12,1,2.0,6.0
Anand Rajan,Middle,2011,5.0,6,0,1.0,5.0
Anand Rajan,Middle,2012,55.0,48,2,8.0,6.88
Anand Rajan,Middle,2013,15.0,12,1,2.0,7.5
Anand Rajan,Powerplay,2011,11.0,6,0,1.0,11.0
Anand Rajan,Powerplay,2012,21.0,12,0,2.0,10.5
Anand Rajan,Powerplay,2013,15.0,24,0,4.0,3.75
Ankit Sharma,Death,2012,26.0,13,0,2.17,11.98
Ankit Sharma,Death,2015,6.0,6,0,1.0,6.0
Ankit Sharma,Death,2016,17.0,6,0,1.0,17.0
Ankit Sharma,Middle,2012,91.0,66,1,11.0,8.27
Ankit Sharma,Middle,2013,7.0,6,0,1.0,7.0
Ankit Sharma,Middle,2014,16.0,18,2,3.0,5.33
Ankit Sharma,Middle,2015,89.0,60,2,10.0,8.9
Ankit Sharma,Middle,2016,46.0,48,1,8.0,5.75
Ankit Sharma,Powerplay,2012,48.0,66,3,11.0,4.36
Ankit Sharma,Powerplay,2013,10.0,6,0,1.0,10.0
Ankit Sharma,Powerplay,2014,27.0,30,2,5.0,5.4
Ankit Sharma,Powerplay,2015,19.0,18,1,3.0,6.33
Ankit Sharma,Powerplay,2016,21.0,12,0,2.0,10.5
Ankit Sharma,Powerplay,2017,16.0,6,0,1.0,16.0
Ankit Sharma,Powerplay,2018,11.0,6,0,1.0,11.0
Ankit Soni,Middle,2017,137.0,102,3,17.0,8.06
Ankit Soni,Powerplay,2017,3.0,6,1,1.0,3.0
Anureet Singh,Death,2009,24.0,12,1,2.0,12.0
Anureet Singh,Death,2015,216.0,118,9,19.67,10.98
Anureet Singh,Middle,2015,110.0,72,1,12.0,9.17
Anureet Singh,Middle,2016,24.0,18,1,3.0,8.0
Anureet Singh,Middle,2017,16.0,6,0,1.0,16.0
Anureet Singh,Middle,2018,42.0,24,2,4.0,10.5
Anureet Singh,Powerplay,2009,23.0,18,1,3.0,7.67
Anureet Singh,Powerplay,2015,139.0,120,6,20.0,6.95
Anureet Singh,Powerplay,2016,19.0,18,0,3.0,6.33
Anureet Singh,Powerplay,2017,10.0,6,0,1.0,10.0
Arjun Tendulkar,Death,2023,35.0,11,2,1.83,19.13
Arjun Tendulkar,Death,2026,5.0,6,0,1.0,5.0
Arjun Tendulkar,Middle,2023,12.0,6,1,1.0,12.0
Arjun Tendulkar,Middle,2026,31.0,18,1,3.0,10.33
Arjun Tendulkar,Powerplay,2023,45.0,42,1,7.0,6.43
Arjun Tendulkar,Powerplay,2024,10.0,12,0,2.0,5.0
Arshad Khan,Death,2023,70.0,25,2,4.17,16.79
Arshad Khan,Death,2024,24.0,7,0,1.17,20.51
Arshad Khan,Death,2025,50.0,24,1,4.0,12.5
Arshad Khan,Death,2026,61.0,38,4,6.33,9.64
Arshad Khan,Middle,2023,31.0,18,2,3.0,10.33
Arshad Khan,Middle,2026,111.0,66,4,11.0,10.09
Arshad Khan,Powerplay,2023,89.0,42,1,7.0,12.71
Arshad Khan,Powerplay,2024,66.0,42,1,7.0,9.43
Arshad Khan,Powerplay,2025,167.0,102,5,17.0,9.82
Arshad Khan (2),Middle,2024,24.0,12,0,2.0,12.0
Arshdeep Singh,Death,2019,23.0,12,2,2.0,11.5
Arshdeep Singh,Death,2021,219.0,139,17,23.17,9.45
Arshdeep Singh,Death,2022,174.0,132,4,22.0,7.91
Arshdeep Singh,Death,2023,159.0,101,9,16.83,9.45
Arshdeep Singh,Death,2024,198.0,98,11,16.33,12.12
Arshdeep Singh,Death,2025,190.0,116,12,19.33,9.83
Arshdeep Singh,Death,2026,153.0,78,4,13.0,11.77
Arshdeep Singh,Middle,2019,13.0,6,0,1.0,13.0
Arshdeep Singh,Middle,2021,100.0,66,2,11.0,9.09
Arshdeep Singh,Middle,2022,73.0,60,5,10.0,7.3
Arshdeep Singh,Middle,2023,107.0,72,3,12.0,8.92
Arshdeep Singh,Middle,2024,69.0,42,2,7.0,9.86
Arshdeep Singh,Middle,2025,55.0,42,2,7.0,7.86
Arshdeep Singh,Middle,2026,128.0,72,3,12.0,10.67
Arshdeep Singh,Powerplay,2019,73.0,42,1,7.0,10.43
Arshdeep Singh,Powerplay,2021,241.0,192,12,32.0,7.53
Arshdeep Singh,Powerplay,2022,138.0,108,3,18.0,7.67
Arshdeep Singh,Powerplay,2023,227.0,132,6,22.0,10.32
Arshdeep Singh,Powerplay,2024,238.0,162,7,27.0,8.81
Arshdeep Singh,Powerplay,2025,273.0,192,8,32.0,8.53
Arshdeep Singh,Powerplay,2026,260.0,168,7,28.0,9.29
Ashok Sharma,Death,2026,93.0,48,5,8.0,11.62
Ashok Sharma,Middle,2026,75.0,54,1,9.0,8.33
Ashok Sharma,Powerplay,2026,60.0,24,0,4.0,15.0
Ashwani Kumar,Death,2025,95.0,39,4,6.5,14.62
Ashwani Kumar,Death,2026,15.0,6,1,1.0,15.0
Ashwani Kumar,Middle,2025,76.0,54,4,9.0,8.44
Ashwani Kumar,Middle,2026,81.0,48,4,8.0,10.12
Ashwani Kumar,Powerplay,2025,61.0,30,3,5.0,12.2
Ashwani Kumar,Powerplay,2026,6.0,6,1,1.0,6.0
Auqib Nabi,Middle,2026,10.0,6,0,1.0,10.0
Auqib Nabi,Powerplay,2026,139.0,72,0,12.0,11.58
Avesh Khan,Death,2017,13.0,6,0,1.0,13.0
Avesh Khan,Death,2018,23.0,18,1,3.0,7.67
Avesh Khan,Death,2021,245.0,168,15,28.0,8.75
Avesh Khan,Death,2022,192.0,106,6,17.67,10.87
Avesh Khan,Death,2023,115.0,72,7,12.0,9.58
Avesh Khan,Death,2024,198.0,131,11,21.83,9.07
Avesh Khan,Death,2025,203.0,111,8,18.5,10.97
Avesh Khan,Death,2026,65.0,40,3,6.67,9.75
Avesh Khan,Middle,2017,4.0,6,0,1.0,4.0
Avesh Khan,Middle,2018,30.0,18,1,3.0,10.0
Avesh Khan,Middle,2019,18.0,12,0,2.0,9.0
Avesh Khan,Middle,2021,94.0,84,6,14.0,6.71
Avesh Khan,Middle,2022,75.0,66,6,11.0,6.82
Avesh Khan,Middle,2023,39.0,30,1,5.0,7.8
Avesh Khan,Middle,2024,194.0,120,6,20.0,9.7
Avesh Khan,Middle,2025,119.0,90,4,15.0,7.93
Avesh Khan,Middle,2026,142.0,84,3,14.0,10.14
Avesh Khan,Powerplay,2017,6.0,12,1,2.0,3.0
Avesh Khan,Powerplay,2018,151.0,78,2,13.0,11.62
Avesh Khan,Powerplay,2019,12.0,6,0,1.0,12.0
Avesh Khan,Powerplay,2021,153.0,138,6,23.0,6.65
Avesh Khan,Powerplay,2022,149.0,114,7,19.0,7.84
Avesh Khan,Powerplay,2023,129.0,72,0,12.0,10.75
Avesh Khan,Powerplay,2024,134.0,78,5,13.0,10.31
Avesh Khan,Powerplay,2025,165.0,83,1,13.83,11.93
Avesh Khan,Powerplay,2026,66.0,24,0,4.0,16.5
Azhar Mahmood,Death,2012,157.0,100,7,16.67,9.42
Azhar Mahmood,Death,2013,159.0,101,11,16.83,9.45
Azhar Mahmood,Death,2015,18.0,6,0,1.0,18.0
Azhar Mahmood,Middle,2012,128.0,114,5,19.0,6.74
Azhar Mahmood,Middle,2013,62.0,66,1,11.0,5.64
Azhar Mahmood,Middle,2015,14.0,6,1,1.0,14.0
Azhar Mahmood,Powerplay,2012,44.0,42,2,7.0,6.29
Azhar Mahmood,Powerplay,2013,109.0,96,4,16.0,6.81
Azhar Mahmood,Powerplay,2015,9.0,6,0,1.0,9.0
Azmatullah Omarzai,Death,2024,16.0,6,0,1.0,16.0
Azmatullah Omarzai,Death,2025,79.0,42,3,7.0,11.29
Azmatullah Omarzai,Death,2026,21.0,18,1,3.0,7.0
Azmatullah Omarzai,Middle,2024,8.0,12,1,2.0,4.0
Azmatullah Omarzai,Middle,2025,103.0,66,5,11.0,9.36
Azmatullah Omarzai,Middle,2026,29.0,18,1,3.0,9.67
Azmatullah Omarzai,Powerplay,2024,162.0,108,3,18.0,9.0
Azmatullah Omarzai,Powerplay,2025,97.0,54,0,9.0,10.78
Azmatullah Omarzai,Powerplay,2026,53.0,30,1,5.0,10.6
B Akhil,Death,2008,38.0,20,1,3.33,11.41
B Akhil,Death,2009,36.0,24,1,4.0,9.0
B Akhil,Death,2011,18.0,6,0,1.0,18.0
B Akhil,Middle,2008,96.0,84,2,14.0,6.86
B Akhil,Middle,2009,32.0,36,3,6.0,5.33
B Akhil,Middle,2010,6.0,6,0,1.0,6.0
B Akhil,Middle,2011,4.0,6,0,1.0,4.0
B Akhil,Powerplay,2009,12.0,6,0,1.0,12.0
B Chipli,Middle,2011,20.0,6,0,1.0,20.0
B Geeves,Death,2008,10.0,6,0,1.0,10.0
B Geeves,Middle,2008,31.0,18,1,3.0,10.33
B Geeves,Powerplay,2008,50.0,24,1,4.0,12.5
B Kumar,Death,2012,60.0,54,3,9.0,6.67
B Kumar,Death,2013,138.0,102,5,17.0,8.12
B Kumar,Death,2014,143.0,107,12,17.83,8.02
B Kumar,Death,2015,185.0,119,12,19.83,9.33
B Kumar,Death,2016,251.0,162,14,27.0,9.3
B Kumar,Death,2017,196.0,146,19,24.33,8.06
B Kumar,Death,2018,154.0,91,6,15.17,10.15
B Kumar,Death,2019,229.0,144,9,24.0,9.54
B Kumar,Death,2021,210.0,121,5,20.17,10.41
B Kumar,Death,2022,186.0,127,10,21.17,8.79
B Kumar,Death,2023,173.0,114,12,19.0,9.11
B Kumar,Death,2024,149.0,66,1,11.0,13.55
B Kumar,Death,2025,199.0,108,9,18.0,11.06
B Kumar,Death,2026,216.0,144,12,24.0,9.0
B Kumar,Middle,2011,39.0,30,3,5.0,7.8
B Kumar,Middle,2012,106.0,90,2,15.0,7.07
B Kumar,Middle,2013,49.0,36,0,6.0,8.17
B Kumar,Middle,2014,34.0,20,1,3.33,10.21
B Kumar,Middle,2015,23.0,24,1,4.0,5.75
B Kumar,Middle,2016,26.0,18,0,3.0,8.67
B Kumar,Middle,2017,26.0,24,2,4.0,6.5
B Kumar,Middle,2018,51.0,30,0,5.0,10.2
B Kumar,Middle,2019,47.0,30,1,5.0,9.4
B Kumar,Middle,2021,43.0,24,0,4.0,10.75
B Kumar,Middle,2022,21.0,18,0,3.0,7.0
B Kumar,Middle,2023,40.0,24,0,4.0,10.0
B Kumar,Middle,2024,57.0,36,0,6.0,9.5
B Kumar,Middle,2025,35.0,18,1,3.0,11.67
B Kumar,Middle,2026,49.0,30,1,5.0,9.8
B Kumar,Powerplay,2011,28.0,36,0,6.0,4.67
B Kumar,Powerplay,2012,115.0,90,4,15.0,7.67
B Kumar,Powerplay,2013,184.0,204,8,34.0,5.41
B Kumar,Powerplay,2014,177.0,192,8,32.0,5.53
B Kumar,Powerplay,2015,199.0,167,6,27.83,7.15
B Kumar,Powerplay,2016,213.0,216,10,36.0,5.92
B Kumar,Powerplay,2017,147.0,144,7,24.0,6.12
B Kumar,Powerplay,2018,149.0,156,4,26.0,5.73
B Kumar,Powerplay,2019,185.0,180,4,30.0,6.17
B Kumar,Powerplay,2021,181.0,192,6,32.0,5.66
B Kumar,Powerplay,2022,176.0,168,3,28.0,6.29
B Kumar,Powerplay,2023,212.0,168,7,28.0,7.57
B Kumar,Powerplay,2024,327.0,240,10,40.0,8.18
B Kumar,Powerplay,2025,249.0,186,8,31.0,8.03
B Kumar,Powerplay,2026,236.0,204,17,34.0,6.94
B Laughlin,Death,2013,45.0,18,0,3.0,15.0
B Laughlin,Death,2018,95.0,53,5,8.83,10.76
B Laughlin,Middle,2013,26.0,24,1,4.0,6.5
B Laughlin,Middle,2018,56.0,37,1,6.17,9.08
B Laughlin,Powerplay,2018,60.0,36,3,6.0,10.0
B Lee,Death,2008,39.0,24,0,4.0,9.75
B Lee,Death,2009,30.0,42,3,7.0,4.29
B Lee,Death,2010,72.0,33,0,5.5,13.09
B Lee,Death,2011,152.0,110,6,18.33,8.29
B Lee,Death,2012,121.0,78,3,13.0,9.31
B Lee,Death,2013,42.0,24,2,4.0,10.5
B Lee,Middle,2008,10.0,12,0,2.0,5.0
B Lee,Middle,2009,19.0,18,1,3.0,6.33
B Lee,Middle,2010,18.0,12,0,2.0,9.0
B Lee,Middle,2011,15.0,12,1,2.0,7.5
B Lee,Middle,2012,13.0,18,2,3.0,4.33
B Lee,Middle,2013,4.0,6,0,1.0,4.0
B Lee,Powerplay,2008,63.0,60,5,10.0,6.3
B Lee,Powerplay,2009,62.0,60,2,10.0,6.2
B Lee,Powerplay,2010,59.0,42,0,7.0,8.43
B Lee,Powerplay,2011,171.0,150,1,25.0,6.84
B Lee,Powerplay,2012,165.0,132,2,22.0,7.5
B Lee,Powerplay,2013,40.0,42,2,7.0,5.71
B Muzarabani,Death,2026,25.0,12,3,2.0,12.5
B Muzarabani,Middle,2026,10.0,12,2,2.0,5.0
B Muzarabani,Powerplay,2026,40.0,18,0,3.0,13.33
B Stanlake,Death,2018,11.0,6,0,1.0,11.0
B Stanlake,Middle,2017,22.0,12,1,2.0,11.0
B Stanlake,Middle,2018,56.0,42,4,7.0,8.0
B Stanlake,Powerplay,2017,48.0,36,1,6.0,8.0
B Stanlake,Powerplay,2018,63.0,48,1,8.0,7.88
BA Bhatt,Death,2011,71.0,48,2,8.0,8.88
BA Bhatt,Death,2012,27.0,15,0,2.5,10.8
BA Bhatt,Middle,2011,90.0,59,4,9.83,9.16
BA Bhatt,Middle,2012,70.0,54,2,9.0,7.78
BA Bhatt,Middle,2013,23.0,24,1,4.0,5.75
BA Bhatt,Powerplay,2011,68.0,60,3,10.0,6.8
BA Bhatt,Powerplay,2012,39.0,30,1,5.0,7.8
BA Bhatt,Powerplay,2013,9.0,6,0,1.0,9.0
BA Stokes,Death,2017,96.0,72,7,12.0,8.0
BA Stokes,Death,2018,88.0,60,4,10.0,8.8
BA Stokes,Death,2019,79.0,36,4,6.0,13.17
BA Stokes,Death,2021,65.0,36,1,6.0,10.83
BA Stokes,Middle,2017,128.0,114,2,19.0,6.74
BA Stokes,Middle,2018,132.0,102,2,17.0,7.76
BA Stokes,Middle,2019,70.0,47,1,7.83,8.94
BA Stokes,Middle,2021,49.0,36,1,6.0,8.17
BA Stokes,Powerplay,2017,92.0,78,5,13.0,7.08
BA Stokes,Powerplay,2018,83.0,60,3,10.0,8.3
BA Stokes,Powerplay,2019,40.0,18,1,3.0,13.33
BA Stokes,Powerplay,2021,52.0,24,0,4.0,13.0
BA Stokes,Powerplay,2023,18.0,6,0,1.0,18.0
BAW Mendis,Death,2008,7.0,6,0,1.0,7.0
BAW Mendis,Death,2009,38.0,30,2,5.0,7.6
BAW Mendis,Death,2010,26.0,12,1,2.0,13.0
BAW Mendis,Death,2013,7.0,6,0,1.0,7.0
BAW Mendis,Middle,2008,4.0,6,1,1.0,4.0
BAW Mendis,Middle,2009,74.0,60,2,10.0,7.4
BAW Mendis,Middle,2010,35.0,30,1,5.0,7.0
BAW Mendis,Middle,2013,45.0,36,0,6.0,7.5
BAW Mendis,Powerplay,2008,13.0,12,0,2.0,6.5
BAW Mendis,Powerplay,2009,23.0,10,0,1.67,13.77
BAW Mendis,Powerplay,2010,5.0,6,0,1.0,5.0
BAW Mendis,Powerplay,2013,26.0,30,2,5.0,5.2
BB Sran,Death,2016,62.0,45,3,7.5,8.27
BB Sran,Death,2018,78.0,42,4,7.0,11.14
BB Sran,Middle,2015,14.0,6,0,1.0,14.0
BB Sran,Middle,2016,166.0,126,6,21.0,7.9
BB Sran,Middle,2017,20.0,6,0,1.0,20.0
BB Sran,Middle,2018,54.0,24,1,4.0,13.5
BB Sran,Middle,2019,13.0,6,0,1.0,13.0
BB Sran,Powerplay,2015,21.0,12,0,2.0,10.5
BB Sran,Powerplay,2016,185.0,126,5,21.0,8.81
BB Sran,Powerplay,2017,9.0,6,0,1.0,9.0
BB Sran,Powerplay,2018,97.0,66,1,11.0,8.82
BB Sran,Powerplay,2019,38.0,18,0,3.0,12.67
BCJ Cutting,Death,2016,14.0,12,2,2.0,7.0
BCJ Cutting,Death,2017,69.0,34,1,5.67,12.17
BCJ Cutting,Death,2018,63.0,30,0,5.0,12.6
BCJ Cutting,Middle,2014,14.0,12,2,2.0,7.0
BCJ Cutting,Middle,2016,43.0,43,3,7.17,6.0
BCJ Cutting,Middle,2017,36.0,30,1,5.0,7.2
BCJ Cutting,Middle,2018,95.0,66,2,11.0,8.64
BCJ Cutting,Middle,2019,27.0,12,1,2.0,13.5
BCJ Cutting,Powerplay,2014,17.0,12,0,2.0,8.5
BCJ Cutting,Powerplay,2016,23.0,12,0,2.0,11.5
BCJ Cutting,Powerplay,2017,18.0,12,0,2.0,9.0
BCJ Cutting,Powerplay,2018,10.0,6,0,1.0,10.0
BE Hendricks,Death,2014,53.0,30,4,5.0,10.6
BE Hendricks,Death,2015,25.0,24,4,4.0,6.25
BE Hendricks,Middle,2014,18.0,12,0,2.0,9.0
BE Hendricks,Middle,2015,31.0,24,2,4.0,7.75
BE Hendricks,Powerplay,2014,55.0,30,0,5.0,11.0
BE Hendricks,Powerplay,2015,53.0,30,1,5.0,10.6
BJ Dwarshuis,Death,2026,17.0,6,1,1.0,17.0
BJ Dwarshuis,Middle,2026,34.0,18,1,3.0,11.33
BJ Hodge,Death,2009,20.0,12,2,2.0,10.0
BJ Hodge,Death,2011,3.0,6,1,1.0,3.0
BJ Hodge,Middle,2009,92.0,78,5,13.0,7.08
BJ Hodge,Middle,2010,41.0,30,2,5.0,8.2
BJ Hodge,Middle,2011,74.0,60,7,10.0,7.4
BJ Hodge,Middle,2012,21.0,12,1,2.0,10.5
BJ Hodge,Powerplay,2009,49.0,30,0,5.0,9.8
BJ Hodge,Powerplay,2013,3.0,6,0,1.0,3.0
BJ Rohrer,Middle,2013,12.0,6,0,1.0,12.0
BMAJ Mendis,Middle,2013,36.0,30,1,5.0,7.2
BW Hilfenhaus,Death,2012,71.0,42,5,7.0,10.14
BW Hilfenhaus,Death,2014,110.0,54,2,9.0,12.22
BW Hilfenhaus,Middle,2012,23.0,18,1,3.0,7.67
BW Hilfenhaus,Middle,2014,31.0,18,2,3.0,10.33
BW Hilfenhaus,Powerplay,2012,139.0,144,8,24.0,5.79
BW Hilfenhaus,Powerplay,2014,105.0,96,5,16.0,6.56
Basil Thampi,Death,2017,186.0,106,10,17.67,10.53
Basil Thampi,Death,2018,44.0,25,3,4.17,10.55
Basil Thampi,Death,2019,36.0,12,0,2.0,18.0
Basil Thampi,Death,2021,26.0,12,1,2.0,13.0
Basil Thampi,Death,2022,37.0,18,2,3.0,12.33
Basil Thampi,Middle,2017,79.0,60,3,10.0,7.9
Basil Thampi,Middle,2018,53.0,30,2,5.0,10.6
Basil Thampi,Middle,2019,74.0,60,0,10.0,7.4
Basil Thampi,Middle,2022,58.0,36,3,6.0,9.67
Basil Thampi,Powerplay,2017,159.0,102,2,17.0,9.35
Basil Thampi,Powerplay,2018,17.0,6,0,1.0,17.0
Basil Thampi,Powerplay,2021,20.0,12,0,2.0,10.0
Basil Thampi,Powerplay,2022,57.0,42,0,7.0,8.14
Bipul Sharma,Death,2010,45.0,18,1,3.0,15.0
Bipul Sharma,Death,2011,9.0,6,0,1.0,9.0
Bipul Sharma,Death,2017,12.0,6,0,1.0,12.0
Bipul Sharma,Middle,2010,49.0,42,3,7.0,7.0
Bipul Sharma,Middle,2011,46.0,42,3,7.0,6.57
Bipul Sharma,Middle,2012,50.0,36,0,6.0,8.33
Bipul Sharma,Middle,2013,19.0,18,0,3.0,6.33
Bipul Sharma,Middle,2015,45.0,36,3,6.0,7.5
Bipul Sharma,Middle,2016,115.0,78,5,13.0,8.85
Bipul Sharma,Middle,2017,88.0,66,2,11.0,8.0
Bipul Sharma,Powerplay,2011,23.0,24,2,4.0,5.75
Bipul Sharma,Powerplay,2012,11.0,6,0,1.0,11.0
Bipul Sharma,Powerplay,2013,2.0,6,1,1.0,2.0
Bipul Sharma,Powerplay,2015,5.0,6,1,1.0,5.0
Bipul Sharma,Powerplay,2016,6.0,6,0,1.0,6.0
Bipul Sharma,Powerplay,2017,29.0,26,1,4.33,6.7
Brijesh Sharma,Death,2026,164.0,93,8,15.5,10.58
Brijesh Sharma,Middle,2026,155.0,108,5,18.0,8.61
Brijesh Sharma,Powerplay,2026,131.0,72,1,12.0,10.92
C Bosch,Death,2025,9.0,12,1,2.0,4.5
C Bosch,Death,2026,74.0,37,4,6.17,11.99
C Bosch,Middle,2025,36.0,24,0,4.0,9.0
C Bosch,Middle,2026,101.0,72,7,12.0,8.42
C Bosch,Powerplay,2025,10.0,6,0,1.0,10.0
C Bosch,Powerplay,2026,20.0,12,2,2.0,10.0
C Ganapathy,Middle,2010,13.0,6,0,1.0,13.0
C Green,Death,2023,106.0,48,3,8.0,13.25
C Green,Death,2024,84.0,49,2,8.17,10.28
C Green,Death,2026,25.0,12,1,2.0,12.5
C Green,Middle,2023,121.0,90,3,15.0,8.07
C Green,Middle,2024,214.0,156,9,26.0,8.23
C Green,Middle,2026,91.0,60,4,10.0,9.1
C Green,Powerplay,2023,134.0,90,2,15.0,8.93
C Green,Powerplay,2024,5.0,6,1,1.0,5.0
C Green,Powerplay,2026,118.0,60,2,10.0,11.8
C Munro,Middle,2016,15.0,12,0,2.0,7.5
C Nanda,Death,2009,8.0,6,0,1.0,8.0
C Nanda,Middle,2009,49.0,42,2,7.0,7.0
C Sakariya,Death,2021,149.0,90,6,15.0,9.93
C Sakariya,Death,2022,29.0,18,1,3.0,9.67
C Sakariya,Death,2023,57.0,18,1,3.0,19.0
C Sakariya,Middle,2021,116.0,84,5,14.0,8.29
C Sakariya,Middle,2022,27.0,18,0,3.0,9.0
C Sakariya,Middle,2023,18.0,12,1,2.0,9.0
C Sakariya,Middle,2025,18.0,6,0,1.0,18.0
C Sakariya,Powerplay,2021,161.0,138,3,23.0,7.0
C Sakariya,Powerplay,2022,28.0,30,2,5.0,5.6
C Sakariya,Powerplay,2023,14.0,18,1,3.0,4.67
C Sakariya,Powerplay,2025,21.0,12,0,2.0,10.5
C de Grandhomme,Death,2018,22.0,12,0,2.0,11.0
C de Grandhomme,Middle,2017,115.0,82,4,13.67,8.41
C de Grandhomme,Middle,2018,107.0,78,3,13.0,8.23
C de Grandhomme,Middle,2019,55.0,30,0,5.0,11.0
C de Grandhomme,Powerplay,2017,13.0,12,0,2.0,6.5
CH Gayle,Death,2009,55.0,41,1,6.83,8.05
CH Gayle,Death,2010,31.0,18,1,3.0,10.33
CH Gayle,Death,2011,64.0,48,4,8.0,8.0
CH Gayle,Death,2012,35.0,10,0,1.67,20.96
CH Gayle,Death,2013,32.0,18,3,3.0,10.67
CH Gayle,Death,2016,3.0,12,0,2.0,1.5
CH Gayle,Middle,2009,74.0,60,0,10.0,7.4
CH Gayle,Middle,2010,33.0,24,1,4.0,8.25
CH Gayle,Middle,2011,145.0,132,4,22.0,6.59
CH Gayle,Middle,2012,31.0,18,0,3.0,10.33
CH Gayle,Middle,2013,8.0,6,0,1.0,8.0
CH Gayle,Middle,2015,15.0,12,0,2.0,7.5
CH Gayle,Middle,2016,36.0,30,2,5.0,7.2
CH Gayle,Powerplay,2009,15.0,12,0,2.0,7.5
CH Gayle,Powerplay,2010,88.0,54,2,9.0,9.78
CH Gayle,Powerplay,2011,35.0,36,1,6.0,5.83
CH Gayle,Powerplay,2016,24.0,18,0,3.0,8.0
CH Morris,Death,2013,142.0,96,8,16.0,8.88
CH Morris,Death,2015,159.0,102,7,17.0,9.35
CH Morris,Death,2016,117.0,96,11,16.0,7.31
CH Morris,Death,2017,101.0,78,8,13.0,7.77
CH Morris,Death,2018,55.0,30,1,5.0,11.0
CH Morris,Death,2019,126.0,90,10,15.0,8.4
CH Morris,Death,2021,233.0,154,19,25.67,9.08
CH Morris,Middle,2013,123.0,102,4,17.0,7.24
CH Morris,Middle,2015,32.0,42,3,7.0,4.57
CH Morris,Middle,2016,59.0,60,2,10.0,5.9
CH Morris,Middle,2017,37.0,24,1,4.0,9.25
CH Morris,Middle,2018,38.0,18,1,3.0,12.67
CH Morris,Middle,2019,75.0,42,1,7.0,10.71
CH Morris,Middle,2021,146.0,108,6,18.0,8.11
CH Morris,Powerplay,2013,136.0,102,5,17.0,8.0
CH Morris,Powerplay,2015,134.0,114,5,19.0,7.05
CH Morris,Powerplay,2016,132.0,108,3,18.0,7.33
CH Morris,Powerplay,2017,102.0,84,5,14.0,7.29
CH Morris,Powerplay,2018,50.0,36,1,6.0,8.33
CH Morris,Powerplay,2019,105.0,66,2,11.0,9.55
CH Morris,Powerplay,2021,207.0,174,4,29.0,7.14
CJ Anderson,Death,2014,41.0,18,2,3.0,13.67
CJ Anderson,Death,2017,69.0,36,1,6.0,11.5
CJ Anderson,Death,2018,89.0,34,4,5.67,15.7
CJ Anderson,Middle,2014,51.0,36,1,6.0,8.5
CJ Anderson,Middle,2015,12.0,12,0,2.0,6.0
CJ Anderson,Middle,2017,110.0,72,3,12.0,9.17
CJ Anderson,Middle,2018,26.0,18,1,3.0,8.67
CJ Anderson,Powerplay,2014,92.0,54,1,9.0,10.22
CJ Anderson,Powerplay,2015,21.0,12,1,2.0,10.5
CJ Dala,Middle,2018,17.0,12,0,2.0,8.5
CJ Dala,Powerplay,2018,17.0,6,0,1.0,17.0
CJ Green,Powerplay,2021,16.0,12,0,2.0,8.0
CJ Jordan,Death,2016,115.0,60,5,10.0,11.5
CJ Jordan,Death,2018,13.0,6,0,1.0,13.0
CJ Jordan,Death,2021,210.0,117,9,19.5,10.77
CJ Jordan,Death,2022,74.0,35,2,5.83,12.69
CJ Jordan,Death,2023,117.0,60,2,10.0,11.7
CJ Jordan,Middle,2016,89.0,78,7,13.0,6.85
CJ Jordan,Middle,2018,4.0,6,0,1.0,4.0
CJ Jordan,Middle,2021,119.0,108,5,18.0,6.61
CJ Jordan,Middle,2022,39.0,18,0,3.0,13.0
CJ Jordan,Middle,2023,66.0,36,0,6.0,11.0
CJ Jordan,Powerplay,2016,54.0,30,1,5.0,10.8
CJ Jordan,Powerplay,2017,9.0,6,1,1.0,9.0
CJ Jordan,Powerplay,2018,14.0,12,0,2.0,7.0
CJ Jordan,Powerplay,2021,82.0,42,2,7.0,11.71
CJ Jordan,Powerplay,2022,22.0,24,1,4.0,5.5
CJ Jordan,Powerplay,2023,54.0,36,1,6.0,9.0
CJ McKay,Death,2012,20.0,12,0,2.0,10.0
CJ McKay,Middle,2012,14.0,18,1,3.0,4.67
CJ McKay,Powerplay,2012,26.0,12,0,2.0,13.0
CK Kapugedera,Death,2008,15.0,6,0,1.0,15.0
CK Kapugedera,Middle,2008,34.0,11,0,1.83,18.58
CK Langeveldt,Death,2009,4.0,6,0,1.0,4.0
CK Langeveldt,Death,2010,34.0,24,2,4.0,8.5
CK Langeveldt,Death,2011,24.0,18,2,3.0,8.0
CK Langeveldt,Middle,2009,3.0,6,1,1.0,3.0
CK Langeveldt,Middle,2010,2.0,6,1,1.0,2.0
CK Langeveldt,Middle,2011,24.0,12,1,2.0,12.0
CK Langeveldt,Powerplay,2009,8.0,12,2,2.0,4.0
CK Langeveldt,Powerplay,2010,52.0,36,2,6.0,8.67
CK Langeveldt,Powerplay,2011,36.0,36,2,6.0,6.0
CL White,Middle,2008,24.0,6,0,1.0,24.0
CL White,Middle,2010,19.0,6,0,1.0,19.0
CL White,Middle,2012,27.0,18,0,3.0,9.0
CL White,Middle,2013,16.0,12,1,2.0,8.0
CR Brathwaite,Death,2016,25.0,19,1,3.17,7.89
CR Brathwaite,Death,2017,29.0,12,1,2.0,14.5
CR Brathwaite,Death,2018,40.0,25,5,4.17,9.59
CR Brathwaite,Middle,2016,139.0,102,7,17.0,8.18
CR Brathwaite,Middle,2017,38.0,24,0,4.0,9.5
CR Brathwaite,Middle,2018,54.0,36,1,6.0,9.0
CR Brathwaite,Middle,2019,24.0,12,0,2.0,12.0
CR Brathwaite,Powerplay,2016,25.0,18,1,3.0,8.33
CR Brathwaite,Powerplay,2019,5.0,6,0,1.0,5.0
CR Woakes,Death,2017,140.0,84,8,14.0,10.0
CR Woakes,Death,2018,96.0,50,6,8.33,11.52
CR Woakes,Death,2021,47.0,24,2,4.0,11.75
CR Woakes,Middle,2017,115.0,108,9,18.0,6.39
CR Woakes,Middle,2018,18.0,12,0,2.0,9.0
CR Woakes,Powerplay,2017,131.0,72,1,12.0,10.92
CR Woakes,Powerplay,2018,76.0,48,2,8.0,9.5
CR Woakes,Powerplay,2021,35.0,42,3,7.0,5.0
CRD Fernando,Death,2008,93.0,54,5,9.0,10.33
CRD Fernando,Death,2010,35.0,30,2,5.0,7.0
CRD Fernando,Middle,2008,48.0,42,2,7.0,6.86
CRD Fernando,Middle,2010,35.0,30,3,5.0,7.0
CRD Fernando,Powerplay,2008,19.0,24,5,4.0,4.75
CRD Fernando,Powerplay,2010,68.0,54,2,9.0,7.56
CV Varun,Death,2021,134.0,102,7,17.0,7.88
CV Varun,Death,2022,59.0,36,1,6.0,9.83
CV Varun,Death,2023,106.0,76,4,12.67,8.37
CV Varun,Death,2024,72.0,48,2,8.0,9.0
CV Varun,Death,2025,51.0,42,5,7.0,7.29
CV Varun,Death,2026,54.0,24,3,4.0,13.5
CV Varun,Middle,2019,10.0,12,1,2.0,5.0
CV Varun,Middle,2021,515.0,468,24,78.0,6.6
CV Varun,Middle,2022,230.0,168,5,28.0,8.21
CV Varun,Middle,2023,190.0,144,11,24.0,7.92
CV Varun,Middle,2024,296.0,228,17,38.0,7.79
CV Varun,Middle,2025,256.0,192,10,32.0,8.0
CV Varun,Middle,2026,266.0,210,9,35.0,7.6
CV Varun,Powerplay,2019,25.0,6,0,1.0,25.0
CV Varun,Powerplay,2021,155.0,150,6,25.0,6.2
CV Varun,Powerplay,2022,43.0,30,0,5.0,8.6
CV Varun,Powerplay,2023,133.0,96,5,16.0,8.31
CV Varun,Powerplay,2024,34.0,24,2,4.0,8.5
CV Varun,Powerplay,2025,76.0,66,2,11.0,6.91
CV Varun,Powerplay,2026,40.0,12,0,2.0,20.0
D Ferreira,Death,2026,16.0,6,0,1.0,16.0
D Ferreira,Middle,2026,25.0,12,1,2.0,12.5
D Jansen,Death,2023,24.0,12,1,2.0,12.0
D Jansen,Middle,2023,13.0,6,0,1.0,13.0
D Jansen,Powerplay,2023,16.0,6,0,1.0,16.0
D Kalyankrishna,Death,2008,17.0,6,0,1.0,17.0
D Kalyankrishna,Middle,2008,70.0,42,2,7.0,10.0
D Madushanka,Middle,2026,20.0,12,0,2.0,10.0
D Madushanka,Powerplay,2026,16.0,12,1,2.0,8.0
D Pretorius,Death,2022,127.0,60,3,10.0,12.7
D Pretorius,Death,2023,19.0,12,0,2.0,9.5
D Pretorius,Middle,2022,83.0,66,4,11.0,7.55
D Pretorius,Middle,2023,9.0,12,0,2.0,4.5
D Salunkhe,Death,2008,7.0,6,0,1.0,7.0
D Salunkhe,Middle,2008,71.0,41,1,6.83,10.4
D Wiese,Death,2015,93.0,56,8,9.33,9.97
D Wiese,Death,2016,12.0,6,0,1.0,12.0
D Wiese,Middle,2015,198.0,138,3,23.0,8.61
D Wiese,Middle,2016,37.0,18,0,3.0,12.33
D Wiese,Middle,2023,15.0,6,0,1.0,15.0
D Wiese,Powerplay,2015,62.0,60,6,10.0,6.2
D Wiese,Powerplay,2023,23.0,12,0,2.0,11.5
D du Preez,Death,2009,16.0,6,0,1.0,16.0
D du Preez,Middle,2009,28.0,18,1,3.0,9.33
D du Preez,Powerplay,2009,12.0,18,3,3.0,4.0
DA Payne,Middle,2026,27.0,18,2,3.0,9.0
DA Payne,Powerplay,2026,43.0,12,0,2.0,21.5
DAJ Bracewell,Death,2012,10.0,6,2,1.0,10.0
DAJ Bracewell,Middle,2012,15.0,12,1,2.0,7.5
DAJ Bracewell,Powerplay,2012,7.0,6,0,1.0,7.0
DB Ravi Teja,Middle,2008,19.0,12,1,2.0,9.5
DB Ravi Teja,Middle,2011,9.0,6,0,1.0,9.0
DE Bollinger,Death,2010,113.0,72,7,12.0,9.42
DE Bollinger,Death,2011,139.0,132,14,22.0,6.32
DE Bollinger,Death,2012,40.0,30,7,5.0,8.0
DE Bollinger,Middle,2011,12.0,12,2,2.0,6.0
DE Bollinger,Middle,2012,3.0,6,2,1.0,3.0
DE Bollinger,Powerplay,2010,94.0,114,6,19.0,4.95
DE Bollinger,Powerplay,2011,178.0,138,4,23.0,7.74
DE Bollinger,Powerplay,2012,114.0,72,1,12.0,9.5
DG Nalkande,Death,2024,24.0,17,1,2.83,8.48
DG Nalkande,Middle,2022,53.0,30,2,5.0,10.6
DG Nalkande,Middle,2023,22.0,12,1,2.0,11.0
DG Nalkande,Middle,2024,21.0,12,2,2.0,10.5
DG Nalkande,Powerplay,2023,22.0,12,0,2.0,11.0
DJ Bravo,Death,2008,84.0,50,5,8.33,10.08
DJ Bravo,Death,2009,72.0,49,2,8.17,8.81
DJ Bravo,Death,2010,32.0,19,0,3.17,10.09
DJ Bravo,Death,2011,25.0,12,1,2.0,12.5
DJ Bravo,Death,2012,184.0,124,10,20.67,8.9
DJ Bravo,Death,2013,284.0,219,25,36.5,7.78
DJ Bravo,Death,2015,288.0,206,24,34.33,8.39
DJ Bravo,Death,2016,300.0,162,12,27.0,11.11
DJ Bravo,Death,2018,334.0,171,11,28.5,11.72
DJ Bravo,Death,2019,166.0,109,12,18.17,9.14
DJ Bravo,Death,2021,237.0,166,16,27.67,8.57
DJ Bravo,Death,2022,155.0,98,12,16.33,9.49
DJ Bravo,Middle,2008,119.0,85,3,14.17,8.4
DJ Bravo,Middle,2009,78.0,60,4,10.0,7.8
DJ Bravo,Middle,2010,137.0,96,4,16.0,8.56
DJ Bravo,Middle,2011,122.0,102,5,17.0,7.18
DJ Bravo,Middle,2012,240.0,204,10,34.0,7.06
DJ Bravo,Middle,2013,203.0,150,8,25.0,8.12
DJ Bravo,Middle,2015,138.0,108,4,18.0,7.67
DJ Bravo,Middle,2016,173.0,162,7,27.0,6.41
DJ Bravo,Middle,2018,199.0,150,7,25.0,7.96
DJ Bravo,Middle,2019,160.0,132,1,22.0,7.27
DJ Bravo,Middle,2021,206.0,162,6,27.0,7.63
DJ Bravo,Middle,2022,125.0,96,5,16.0,7.81
DJ Bravo,Powerplay,2008,29.0,36,3,6.0,4.83
DJ Bravo,Powerplay,2009,109.0,90,8,15.0,7.27
DJ Bravo,Powerplay,2010,59.0,42,1,7.0,8.43
DJ Bravo,Powerplay,2011,10.0,6,0,1.0,10.0
DJ Bravo,Powerplay,2012,38.0,18,0,3.0,12.67
DJ Bravo,Powerplay,2013,10.0,6,1,1.0,10.0
DJ Bravo,Powerplay,2016,21.0,12,0,2.0,10.5
DJ Bravo,Powerplay,2019,4.0,6,0,1.0,4.0
DJ Bravo,Powerplay,2022,19.0,12,0,2.0,9.5
DJ Harris,Death,2012,10.0,6,0,1.0,10.0
DJ Harris,Middle,2012,16.0,12,0,2.0,8.0
DJ Hooda,Death,2015,24.0,13,1,2.17,11.06
DJ Hooda,Death,2021,49.0,24,0,4.0,12.25
DJ Hooda,Death,2022,22.0,6,0,1.0,22.0
DJ Hooda,Middle,2015,70.0,54,0,9.0,7.78
DJ Hooda,Middle,2016,71.0,54,2,9.0,7.89
DJ Hooda,Middle,2017,25.0,18,2,3.0,8.33
DJ Hooda,Middle,2018,24.0,18,0,3.0,8.0
DJ Hooda,Middle,2019,21.0,12,1,2.0,10.5
DJ Hooda,Middle,2021,78.0,60,1,10.0,7.8
DJ Hooda,Middle,2022,21.0,18,1,3.0,7.0
DJ Hooda,Middle,2023,8.0,6,0,1.0,8.0
DJ Hooda,Middle,2024,22.0,18,0,3.0,7.33
DJ Hooda,Middle,2025,15.0,6,0,1.0,15.0
DJ Hooda,Powerplay,2015,35.0,24,0,4.0,8.75
DJ Hooda,Powerplay,2016,26.0,24,1,4.0,6.5
DJ Hooda,Powerplay,2017,17.0,6,0,1.0,17.0
DJ Hooda,Powerplay,2021,18.0,18,1,3.0,6.0
DJ Hussey,Death,2008,29.0,12,0,2.0,14.5
DJ Hussey,Death,2012,19.0,12,0,2.0,9.5
DJ Hussey,Death,2013,28.0,12,0,2.0,14.0
DJ Hussey,Death,2014,38.0,17,2,2.83,13.43
DJ Hussey,Middle,2008,101.0,66,3,11.0,9.18
DJ Hussey,Middle,2009,24.0,18,1,3.0,8.0
DJ Hussey,Middle,2010,74.0,54,0,9.0,8.22
DJ Hussey,Middle,2011,23.0,12,1,2.0,11.5
DJ Hussey,Middle,2012,30.0,36,3,6.0,5.0
DJ Hussey,Middle,2013,51.0,42,0,7.0,7.29
DJ Hussey,Powerplay,2009,10.0,6,0,1.0,10.0
DJ Hussey,Powerplay,2010,6.0,6,0,1.0,6.0
DJ Hussey,Powerplay,2011,15.0,6,0,1.0,15.0
DJ Hussey,Powerplay,2012,14.0,6,0,1.0,14.0
DJ Hussey,Powerplay,2013,12.0,12,0,2.0,6.0
DJ Mitchell,Middle,2022,27.0,12,0,2.0,13.5
DJ Mitchell,Middle,2024,70.0,36,1,6.0,11.67
DJ Muthuswami,Death,2015,1.0,6,1,1.0,1.0
DJ Muthuswami,Middle,2015,8.0,6,0,1.0,8.0
DJ Muthuswami,Powerplay,2015,92.0,72,3,12.0,7.67
DJ Thornely,Middle,2008,40.0,42,3,7.0,5.71
DJ Willey,Death,2018,31.0,18,1,3.0,10.33
DJ Willey,Death,2023,32.0,18,1,3.0,10.67
DJ Willey,Middle,2018,26.0,18,1,3.0,8.67
DJ Willey,Middle,2022,13.0,6,0,1.0,13.0
DJ Willey,Middle,2023,18.0,18,1,3.0,6.0
DJ Willey,Powerplay,2018,38.0,24,0,4.0,9.5
DJ Willey,Powerplay,2022,59.0,60,1,10.0,5.9
DJ Willey,Powerplay,2023,55.0,54,2,9.0,6.11
DJG Sammy,Death,2013,50.0,26,4,4.33,11.55
DJG Sammy,Death,2014,59.0,24,0,4.0,14.75
DJG Sammy,Middle,2013,99.0,96,7,16.0,6.19
DJG Sammy,Middle,2014,83.0,48,2,8.0,10.38
DJG Sammy,Middle,2015,25.0,18,0,3.0,8.33
DJG Sammy,Powerplay,2013,19.0,12,0,2.0,9.5
DJG Sammy,Powerplay,2014,15.0,12,1,2.0,7.5
DJM Short,Middle,2018,19.0,18,1,3.0,6.33
DL Chahar,Death,2019,78.0,57,7,9.5,8.21
DL Chahar,Death,2021,96.0,72,5,12.0,8.0
DL Chahar,Death,2023,53.0,24,0,4.0,13.25
DL Chahar,Death,2025,43.0,18,3,3.0,14.33
DL Chahar,Death,2026,66.0,33,2,5.5,12.0
DL Chahar,Middle,2016,7.0,6,0,1.0,7.0
DL Chahar,Middle,2018,42.0,36,0,6.0,7.0
DL Chahar,Middle,2019,37.0,30,0,5.0,7.4
DL Chahar,Middle,2021,142.0,102,4,17.0,8.35
DL Chahar,Middle,2023,17.0,18,3,3.0,5.67
DL Chahar,Middle,2024,27.0,18,0,3.0,9.0
DL Chahar,Middle,2025,47.0,30,1,5.0,9.4
DL Chahar,Middle,2026,44.0,18,0,3.0,14.67
DL Chahar,Powerplay,2016,34.0,24,0,4.0,8.5
DL Chahar,Powerplay,2017,74.0,42,1,7.0,10.57
DL Chahar,Powerplay,2018,236.0,193,10,32.17,7.34
DL Chahar,Powerplay,2019,367.0,300,15,50.0,7.34
DL Chahar,Powerplay,2021,609.0,462,19,77.0,7.91
DL Chahar,Powerplay,2023,227.0,162,10,27.0,8.41
DL Chahar,Powerplay,2024,169.0,122,5,20.33,8.31
DL Chahar,Powerplay,2025,286.0,198,8,33.0,8.67
DL Chahar,Powerplay,2026,155.0,102,6,17.0,9.12
DL Vettori,Death,2008,19.0,18,1,3.0,6.33
DL Vettori,Death,2009,52.0,31,2,5.17,10.06
DL Vettori,Death,2010,33.0,28,1,4.67,7.07
DL Vettori,Death,2011,65.0,52,3,8.67,7.5
DL Vettori,Death,2012,52.0,36,2,6.0,8.67
DL Vettori,Middle,2008,35.0,30,1,5.0,7.0
DL Vettori,Middle,2009,129.0,108,8,18.0,7.17
DL Vettori,Middle,2010,39.0,30,2,5.0,7.8
DL Vettori,Middle,2011,199.0,210,8,35.0,5.69
DL Vettori,Middle,2012,159.0,144,4,24.0,6.62
DL Vettori,Powerplay,2010,25.0,12,0,2.0,12.5
DL Vettori,Powerplay,2011,47.0,48,2,8.0,5.88
DL Vettori,Powerplay,2012,25.0,30,0,5.0,5.0
DNT Zoysa,Death,2008,33.0,18,1,3.0,11.0
DNT Zoysa,Middle,2008,21.0,12,1,2.0,10.5
DNT Zoysa,Powerplay,2008,45.0,36,0,6.0,7.5
DP Nannes,Death,2009,143.0,99,11,16.5,8.67
DP Nannes,Death,2010,101.0,74,7,12.33,8.19
DP Nannes,Death,2011,6.0,6,1,1.0,6.0
DP Nannes,Death,2013,54.0,29,2,4.83,11.18
DP Nannes,Middle,2009,53.0,42,0,7.0,7.57
DP Nannes,Middle,2010,35.0,30,0,5.0,7.0
DP Nannes,Middle,2011,9.0,6,0,1.0,9.0
DP Nannes,Middle,2013,24.0,18,0,3.0,8.0
DP Nannes,Powerplay,2009,176.0,156,9,26.0,6.77
DP Nannes,Powerplay,2010,88.0,102,4,17.0,5.18
DP Nannes,Powerplay,2011,16.0,12,1,2.0,8.0
DP Nannes,Powerplay,2013,80.0,72,3,12.0,6.67
DP Vijaykumar,Death,2008,52.0,26,1,4.33,12.01
DP Vijaykumar,Middle,2008,23.0,24,0,4.0,5.75
DP Vijaykumar,Powerplay,2008,124.0,102,3,17.0,7.29
DR Sams,Death,2021,50.0,24,0,4.0,12.5
DR Sams,Death,2022,101.0,42,2,7.0,14.43
DR Sams,Middle,2021,42.0,30,1,5.0,8.4
DR Sams,Middle,2022,121.0,84,4,14.0,8.64
DR Sams,Powerplay,2021,61.0,54,0,9.0,6.78
DR Sams,Powerplay,2022,148.0,126,8,21.0,7.05
DR Smith,Death,2008,12.0,6,0,1.0,12.0
DR Smith,Death,2009,18.0,12,1,2.0,9.0
DR Smith,Death,2012,16.0,12,2,2.0,8.0
DR Smith,Death,2013,12.0,6,0,1.0,12.0
DR Smith,Death,2014,36.0,12,2,2.0,18.0
DR Smith,Death,2016,21.0,6,0,1.0,21.0
DR Smith,Death,2017,33.0,12,1,2.0,16.5
DR Smith,Middle,2008,71.0,60,5,10.0,7.1
DR Smith,Middle,2009,52.0,48,0,8.0,6.5
DR Smith,Middle,2010,5.0,6,0,1.0,5.0
DR Smith,Middle,2012,79.0,66,1,11.0,7.18
DR Smith,Middle,2013,47.0,24,2,4.0,11.75
DR Smith,Middle,2014,59.0,48,2,8.0,7.38
DR Smith,Middle,2015,17.0,12,1,2.0,8.5
DR Smith,Middle,2016,106.0,78,3,13.0,8.15
DR Smith,Middle,2017,98.0,60,1,10.0,9.8
DR Smith,Powerplay,2009,54.0,24,0,4.0,13.5
DR Smith,Powerplay,2010,24.0,12,0,2.0,12.0
DR Smith,Powerplay,2016,26.0,24,5,4.0,6.5
DR Smith,Powerplay,2017,17.0,6,0,1.0,17.0
DS Kulkarni,Death,2008,83.0,51,6,8.5,9.76
DS Kulkarni,Death,2009,8.0,12,0,2.0,4.0
DS Kulkarni,Death,2010,12.0,6,0,1.0,12.0
DS Kulkarni,Death,2011,45.0,30,2,5.0,9.0
DS Kulkarni,Death,2012,41.0,18,2,3.0,13.67
DS Kulkarni,Death,2013,44.0,36,3,6.0,7.33
DS Kulkarni,Death,2014,84.0,42,1,7.0,12.0
DS Kulkarni,Death,2015,40.0,24,3,4.0,10.0
DS Kulkarni,Death,2016,89.0,60,3,10.0,8.9
DS Kulkarni,Death,2017,31.0,18,2,3.0,10.33
DS Kulkarni,Death,2019,77.0,30,2,5.0,15.4
DS Kulkarni,Death,2021,31.0,12,0,2.0,15.5
DS Kulkarni,Middle,2008,85.0,84,5,14.0,6.07
DS Kulkarni,Middle,2009,63.0,36,1,6.0,10.5
DS Kulkarni,Middle,2011,61.0,48,3,8.0,7.62
DS Kulkarni,Middle,2013,38.0,24,2,4.0,9.5
DS Kulkarni,Middle,2014,48.0,30,1,5.0,9.6
DS Kulkarni,Middle,2015,91.0,66,4,11.0,8.27
DS Kulkarni,Middle,2016,56.0,42,1,7.0,8.0
DS Kulkarni,Middle,2017,58.0,35,1,5.83,9.95
DS Kulkarni,Middle,2018,43.0,18,2,3.0,14.33
DS Kulkarni,Middle,2019,62.0,36,1,6.0,10.33
DS Kulkarni,Middle,2021,9.0,6,0,1.0,9.0
DS Kulkarni,Powerplay,2008,68.0,42,2,7.0,9.71
DS Kulkarni,Powerplay,2009,135.0,108,4,18.0,7.5
DS Kulkarni,Powerplay,2010,28.0,18,1,3.0,9.33
DS Kulkarni,Powerplay,2011,43.0,42,1,7.0,6.14
DS Kulkarni,Powerplay,2012,23.0,30,4,5.0,4.6
DS Kulkarni,Powerplay,2013,69.0,52,3,8.67,7.96
DS Kulkarni,Powerplay,2014,89.0,90,4,15.0,5.93
DS Kulkarni,Powerplay,2015,146.0,120,6,20.0,7.3
DS Kulkarni,Powerplay,2016,219.0,192,16,32.0,6.84
DS Kulkarni,Powerplay,2017,84.0,60,0,10.0,8.4
DS Kulkarni,Powerplay,2018,141.0,96,2,16.0,8.81
DS Kulkarni,Powerplay,2019,196.0,144,3,24.0,8.17
DS Kulkarni,Powerplay,2021,30.0,24,0,4.0,7.5
DS Rathi,Death,2025,97.0,60,4,10.0,9.7
DS Rathi,Death,2026,50.0,24,1,4.0,12.5
DS Rathi,Middle,2025,208.0,162,8,27.0,7.7
DS Rathi,Middle,2026,258.0,162,2,27.0,9.56
DS Rathi,Powerplay,2025,124.0,90,2,15.0,8.27
DS Rathi,Powerplay,2026,89.0,48,2,8.0,11.12
DT Christian,Death,2011,71.0,34,3,5.67,12.52
DT Christian,Death,2012,102.0,54,2,9.0,11.33
DT Christian,Death,2013,24.0,6,0,1.0,24.0
DT Christian,Death,2017,107.0,78,4,13.0,8.23
DT Christian,Death,2018,39.0,23,4,3.83,10.18
DT Christian,Death,2021,20.0,16,0,2.67,7.49
DT Christian,Middle,2011,197.0,174,5,29.0,6.79
DT Christian,Middle,2012,54.0,54,2,9.0,6.0
DT Christian,Middle,2013,10.0,12,0,2.0,5.0
DT Christian,Middle,2017,150.0,132,8,22.0,6.82
DT Christian,Middle,2018,44.0,42,0,7.0,6.29
DT Christian,Middle,2021,120.0,78,4,13.0,9.23
DT Christian,Powerplay,2011,82.0,66,3,11.0,7.45
DT Christian,Powerplay,2012,77.0,54,5,9.0,8.56
DT Christian,Powerplay,2013,21.0,18,0,3.0,7.0
DT Christian,Powerplay,2017,41.0,30,0,5.0,8.2
DT Christian,Powerplay,2018,18.0,6,0,1.0,18.0
DT Christian,Powerplay,2021,15.0,6,0,1.0,15.0
DW Steyn,Death,2008,48.0,48,7,8.0,6.0
DW Steyn,Death,2009,25.0,18,3,3.0,8.33
DW Steyn,Death,2010,113.0,90,6,15.0,7.53
DW Steyn,Death,2011,116.0,87,7,14.5,8.0
DW Steyn,Death,2012,133.0,94,7,15.67,8.49
DW Steyn,Death,2013,157.0,137,16,22.83,6.88
DW Steyn,Death,2014,157.0,102,7,17.0,9.24
DW Steyn,Death,2015,39.0,24,1,4.0,9.75
DW Steyn,Death,2019,31.0,12,0,2.0,15.5
DW Steyn,Death,2021,58.0,22,1,3.67,15.8
DW Steyn,Middle,2008,61.0,48,4,8.0,7.62
DW Steyn,Middle,2010,95.0,102,4,17.0,5.59
DW Steyn,Middle,2011,44.0,48,1,8.0,5.5
DW Steyn,Middle,2012,27.0,42,3,7.0,3.86
DW Steyn,Middle,2013,63.0,66,1,11.0,5.73
DW Steyn,Middle,2014,98.0,66,0,11.0,8.91
DW Steyn,Middle,2015,34.0,24,1,4.0,8.5
DW Steyn,Middle,2021,25.0,12,0,2.0,12.5
DW Steyn,Powerplay,2008,143.0,132,2,22.0,6.5
DW Steyn,Powerplay,2009,37.0,36,0,6.0,6.17
DW Steyn,Powerplay,2010,198.0,162,7,27.0,7.33
DW Steyn,Powerplay,2011,139.0,138,6,23.0,6.04
DW Steyn,Powerplay,2012,125.0,144,8,24.0,5.21
DW Steyn,Powerplay,2013,179.0,210,3,35.0,5.11
DW Steyn,Powerplay,2014,176.0,168,5,28.0,6.29
DW Steyn,Powerplay,2015,97.0,66,1,11.0,8.82
DW Steyn,Powerplay,2016,17.0,12,0,2.0,8.5
DW Steyn,Powerplay,2019,38.0,36,4,6.0,6.33
DW Steyn,Powerplay,2021,50.0,36,0,6.0,8.33
E Malinga,Death,2025,85.0,58,8,9.67,8.79
E Malinga,Death,2026,175.0,98,8,16.33,10.72
E Malinga,Middle,2025,98.0,78,6,13.0,7.54
E Malinga,Middle,2026,153.0,108,7,18.0,8.5
E Malinga,Powerplay,2025,55.0,24,0,4.0,13.75
E Malinga,Powerplay,2026,179.0,120,6,20.0,8.95
F du Plessis,Death,2012,16.0,6,0,1.0,16.0
FA Allen,Middle,2021,69.0,54,1,9.0,7.67
FA Allen,Middle,2022,35.0,18,0,3.0,11.67
FA Allen,Powerplay,2021,21.0,12,0,2.0,10.5
FA Allen,Powerplay,2022,11.0,6,1,1.0,11.0
FH Edwards,Death,2009,82.0,50,2,8.33,9.84
FH Edwards,Middle,2009,14.0,12,0,2.0,7.0
FH Edwards,Powerplay,2009,58.0,78,4,13.0,4.46
FY Fazal,Death,2010,20.0,12,1,2.0,10.0
Fazalhaq Farooqi,Death,2022,48.0,18,0,3.0,16.0
Fazalhaq Farooqi,Death,2023,23.0,14,1,2.33,9.87
Fazalhaq Farooqi,Death,2025,52.0,18,0,3.0,17.33
Fazalhaq Farooqi,Middle,2022,33.0,24,1,4.0,8.25
Fazalhaq Farooqi,Middle,2023,30.0,24,1,4.0,7.5
Fazalhaq Farooqi,Middle,2025,55.0,24,0,4.0,13.75
Fazalhaq Farooqi,Powerplay,2022,29.0,30,1,5.0,5.8
Fazalhaq Farooqi,Powerplay,2023,64.0,42,2,7.0,9.14
Fazalhaq Farooqi,Powerplay,2025,103.0,60,0,10.0,10.3
G Coetzee,Death,2024,107.0,69,7,11.5,9.3
G Coetzee,Death,2025,69.0,30,0,5.0,13.8
G Coetzee,Middle,2024,115.0,66,3,11.0,10.45
G Coetzee,Middle,2025,62.0,42,2,7.0,8.86
G Coetzee,Powerplay,2024,119.0,66,3,11.0,10.82
GB Hogg,Death,2012,40.0,30,2,5.0,8.0
GB Hogg,Death,2015,43.0,36,3,6.0,7.17
GB Hogg,Death,2016,32.0,24,2,4.0,8.0
GB Hogg,Middle,2012,203.0,174,8,29.0,7.0
GB Hogg,Middle,2013,27.0,18,0,3.0,9.0
GB Hogg,Middle,2015,70.0,66,3,11.0,6.36
GB Hogg,Middle,2016,99.0,60,2,10.0,9.9
GB Hogg,Powerplay,2012,10.0,12,0,2.0,5.0
GB Hogg,Powerplay,2015,31.0,24,4,4.0,7.75
GB Hogg,Powerplay,2016,11.0,12,1,2.0,5.5
GC Viljoen,Death,2019,91.0,42,2,7.0,13.0
GC Viljoen,Middle,2019,76.0,60,3,10.0,7.6
GC Viljoen,Powerplay,2019,55.0,36,3,6.0,9.17
GD McGrath,Death,2008,118.0,78,3,13.0,9.08
GD McGrath,Middle,2008,28.0,24,2,4.0,7.0
GD McGrath,Powerplay,2008,211.0,222,9,37.0,5.7
GD Phillips,Middle,2021,20.0,12,1,2.0,10.0
GD Phillips,Middle,2023,16.0,12,0,2.0,8.0
GD Phillips,Powerplay,2023,4.0,6,1,1.0,4.0
GF Linde,Middle,2026,51.0,36,1,6.0,8.5
GH Vihari,Middle,2013,5.0,12,0,2.0,2.5
GH Vihari,Middle,2019,9.0,6,0,1.0,9.0
GH Vihari,Powerplay,2013,33.0,24,1,4.0,8.25
GHS Garton,Death,2021,17.0,18,1,3.0,5.67
GHS Garton,Middle,2021,11.0,12,1,2.0,5.5
GHS Garton,Powerplay,2021,107.0,60,1,10.0,10.7
GJ Maxwell,Death,2013,5.0,6,0,1.0,5.0
GJ Maxwell,Death,2017,18.0,18,1,3.0,6.0
GJ Maxwell,Death,2018,8.0,6,1,1.0,8.0
GJ Maxwell,Death,2021,29.0,12,0,2.0,14.5
GJ Maxwell,Death,2022,7.0,6,0,1.0,7.0
GJ Maxwell,Death,2023,17.0,8,1,1.33,12.78
GJ Maxwell,Death,2024,10.0,6,0,1.0,10.0
GJ Maxwell,Middle,2012,10.0,12,2,2.0,5.0
GJ Maxwell,Middle,2013,18.0,6,0,1.0,18.0
GJ Maxwell,Middle,2014,112.0,60,1,10.0,11.2
GJ Maxwell,Middle,2015,97.0,60,2,10.0,9.7
GJ Maxwell,Middle,2016,58.0,42,0,7.0,8.29
GJ Maxwell,Middle,2017,89.0,90,6,15.0,5.93
GJ Maxwell,Middle,2018,74.0,54,2,9.0,8.22
GJ Maxwell,Middle,2021,189.0,156,5,26.0,7.27
GJ Maxwell,Middle,2022,97.0,78,4,13.0,7.46
GJ Maxwell,Middle,2023,57.0,36,1,6.0,9.5
GJ Maxwell,Middle,2024,74.0,60,5,10.0,7.4
GJ Maxwell,Middle,2025,68.0,48,2,8.0,8.5
GJ Maxwell,Powerplay,2012,12.0,6,0,1.0,12.0
GJ Maxwell,Powerplay,2014,20.0,6,0,1.0,20.0
GJ Maxwell,Powerplay,2016,22.0,12,0,2.0,11.0
GJ Maxwell,Powerplay,2017,18.0,6,0,1.0,18.0
GJ Maxwell,Powerplay,2018,50.0,36,2,6.0,8.33
GJ Maxwell,Powerplay,2021,86.0,54,1,9.0,9.56
GJ Maxwell,Powerplay,2022,61.0,60,4,10.0,6.1
GJ Maxwell,Powerplay,2023,20.0,18,1,3.0,6.67
GJ Maxwell,Powerplay,2024,45.0,30,2,5.0,9.0
GJ Maxwell,Powerplay,2025,42.0,30,2,5.0,8.4
GR Napier,Middle,2009,24.0,18,1,3.0,8.0
GR Napier,Powerplay,2009,3.0,6,0,1.0,3.0
GS Sandhu,Death,2015,50.0,24,1,4.0,12.5
GS Sandhu,Middle,2015,25.0,18,0,3.0,8.33
GS Sandhu,Powerplay,2015,7.0,6,0,1.0,7.0
Gagandeep Singh,Death,2008,64.0,24,1,4.0,16.0
Gagandeep Singh,Middle,2008,70.0,54,2,9.0,7.78
Gagandeep Singh,Powerplay,2008,7.0,6,0,1.0,7.0
Gulbadin Naib,Middle,2024,12.0,6,0,1.0,12.0
Gurjapneet Singh,Death,2026,72.0,43,2,7.17,10.04
Gurjapneet Singh,Middle,2026,147.0,96,2,16.0,9.19
Gurjapneet Singh,Powerplay,2026,14.0,12,0,2.0,7.0
Gurkeerat Singh,Middle,2015,47.0,42,3,7.0,6.71
Gurkeerat Singh,Middle,2016,31.0,24,2,4.0,7.75
Gurkeerat Singh,Powerplay,2015,19.0,12,0,2.0,9.5
Gurnoor Brar,Middle,2023,24.0,6,0,1.0,24.0
Gurnoor Brar,Powerplay,2023,18.0,12,0,2.0,9.0
H Sharma,Middle,2023,28.0,18,0,3.0,9.33
H Sharma,Middle,2024,29.0,12,0,2.0,14.5
HF Gurney,Death,2019,110.0,54,4,9.0,12.22
HF Gurney,Middle,2019,62.0,42,1,7.0,8.86
HF Gurney,Powerplay,2019,66.0,66,2,11.0,6.0
HH Pandya,Death,2015,61.0,24,1,4.0,15.25
HH Pandya,Death,2016,38.0,24,1,4.0,9.5
HH Pandya,Death,2017,54.0,42,3,7.0,7.71
HH Pandya,Death,2018,91.0,52,8,8.67,10.5
HH Pandya,Death,2019,142.0,63,7,10.5,13.52
HH Pandya,Death,2022,46.0,27,2,4.5,10.22
HH Pandya,Death,2024,74.0,36,8,6.0,12.33
HH Pandya,Death,2025,92.0,36,4,6.0,15.33
HH Pandya,Death,2026,42.0,16,1,2.67,15.73
HH Pandya,Middle,2015,115.0,78,0,13.0,8.85
HH Pandya,Middle,2016,115.0,76,2,12.67,9.08
HH Pandya,Middle,2017,109.0,84,3,14.0,7.79
HH Pandya,Middle,2018,140.0,114,7,19.0,7.37
HH Pandya,Middle,2019,200.0,156,8,26.0,7.69
HH Pandya,Middle,2022,115.0,90,4,15.0,7.67
HH Pandya,Middle,2023,62.0,48,0,8.0,7.75
HH Pandya,Middle,2024,218.0,126,3,21.0,10.38
HH Pandya,Middle,2025,236.0,168,10,28.0,8.43
HH Pandya,Middle,2026,107.0,72,2,12.0,8.92
HH Pandya,Powerplay,2017,50.0,30,0,5.0,10.0
HH Pandya,Powerplay,2018,150.0,90,4,15.0,10.0
HH Pandya,Powerplay,2019,48.0,36,1,6.0,8.0
HH Pandya,Powerplay,2022,61.0,66,2,11.0,5.55
HH Pandya,Powerplay,2023,166.0,102,4,17.0,9.76
HH Pandya,Powerplay,2024,95.0,54,2,9.0,10.56
HH Pandya,Powerplay,2025,14.0,6,0,1.0,14.0
HH Pandya,Powerplay,2026,110.0,48,1,8.0,13.75
HR Shokeen,Death,2022,24.0,6,1,1.0,24.0
HR Shokeen,Middle,2022,77.0,60,0,10.0,7.7
HR Shokeen,Middle,2023,146.0,84,2,14.0,10.43
HR Shokeen,Powerplay,2022,26.0,24,1,4.0,6.5
HR Shokeen,Powerplay,2023,41.0,30,1,5.0,8.2
HV Patel,Death,2012,62.0,36,2,6.0,10.33
HV Patel,Death,2014,55.0,24,2,4.0,13.75
HV Patel,Death,2015,70.0,47,6,7.83,8.94
HV Patel,Death,2016,58.0,30,1,5.0,11.6
HV Patel,Death,2017,14.0,6,1,1.0,14.0
HV Patel,Death,2018,39.0,27,3,4.5,8.67
HV Patel,Death,2019,27.0,12,0,2.0,13.5
HV Patel,Death,2021,267.0,176,25,29.33,9.1
HV Patel,Death,2022,213.0,141,11,23.5,9.06
HV Patel,Death,2023,231.0,126,11,21.0,11.0
HV Patel,Death,2024,218.0,126,22,21.0,10.38
HV Patel,Death,2025,150.0,89,9,14.83,10.11
HV Patel,Death,2026,31.0,16,0,2.67,11.61
HV Patel,Middle,2012,215.0,168,7,28.0,7.68
HV Patel,Middle,2014,18.0,18,0,3.0,6.0
HV Patel,Middle,2015,136.0,120,8,20.0,6.8
HV Patel,Middle,2016,47.0,30,0,5.0,9.4
HV Patel,Middle,2017,14.0,12,2,2.0,7.0
HV Patel,Middle,2018,80.0,48,3,8.0,10.0
HV Patel,Middle,2019,44.0,30,2,5.0,8.8
HV Patel,Middle,2021,258.0,204,12,34.0,7.59
HV Patel,Middle,2022,188.0,174,10,29.0,6.48
HV Patel,Middle,2023,223.0,156,4,26.0,8.58
HV Patel,Middle,2024,188.0,126,7,21.0,8.95
HV Patel,Middle,2025,179.0,114,5,19.0,9.42
HV Patel,Middle,2026,96.0,60,0,10.0,9.6
HV Patel,Powerplay,2012,63.0,42,0,7.0,9.0
HV Patel,Powerplay,2014,40.0,24,2,4.0,10.0
HV Patel,Powerplay,2015,122.0,96,5,16.0,7.62
HV Patel,Powerplay,2016,42.0,24,1,4.0,10.5
HV Patel,Powerplay,2017,15.0,6,0,1.0,15.0
HV Patel,Powerplay,2018,48.0,30,1,5.0,9.6
HV Patel,Powerplay,2019,6.0,6,1,1.0,6.0
HV Patel,Powerplay,2021,68.0,48,1,8.0,8.5
HV Patel,Powerplay,2022,9.0,6,0,1.0,9.0
HV Patel,Powerplay,2024,71.0,42,1,7.0,10.14
HV Patel,Powerplay,2025,101.0,60,3,10.0,10.1
HV Patel,Powerplay,2026,21.0,6,0,1.0,21.0
Harbhajan Singh,Death,2008,26.0,18,4,3.0,8.67
Harbhajan Singh,Death,2009,33.0,30,4,5.0,6.6
Harbhajan Singh,Death,2010,51.0,45,4,7.5,6.8
Harbhajan Singh,Death,2011,73.0,60,8,10.0,7.3
Harbhajan Singh,Death,2012,33.0,18,0,3.0,11.0
Harbhajan Singh,Death,2013,59.0,36,3,6.0,9.83
Harbhajan Singh,Death,2014,47.0,30,2,5.0,9.4
Harbhajan Singh,Death,2016,22.0,12,0,2.0,11.0
Harbhajan Singh,Death,2019,16.0,18,3,3.0,5.33
Harbhajan Singh,Death,2021,18.0,6,0,1.0,18.0
Harbhajan Singh,Middle,2008,56.0,42,2,7.0,8.0
Harbhajan Singh,Middle,2009,173.0,192,8,32.0,5.41
Harbhajan Singh,Middle,2010,233.0,198,13,33.0,7.06
Harbhajan Singh,Middle,2011,180.0,144,2,24.0,7.5
Harbhajan Singh,Middle,2012,315.0,252,5,42.0,7.5
Harbhajan Singh,Middle,2013,307.0,306,20,51.0,6.02
Harbhajan Singh,Middle,2014,261.0,252,10,42.0,6.21
Harbhajan Singh,Middle,2015,371.0,300,15,50.0,7.42
Harbhajan Singh,Middle,2016,327.0,252,8,42.0,7.79
Harbhajan Singh,Middle,2017,213.0,186,7,31.0,6.87
Harbhajan Singh,Middle,2018,185.0,144,5,24.0,7.71
Harbhajan Singh,Middle,2019,105.0,96,6,16.0,6.56
Harbhajan Singh,Middle,2021,11.0,6,0,1.0,11.0
Harbhajan Singh,Powerplay,2009,50.0,42,1,7.0,7.14
Harbhajan Singh,Powerplay,2010,93.0,78,3,13.0,7.15
Harbhajan Singh,Powerplay,2011,117.0,114,6,19.0,6.16
Harbhajan Singh,Powerplay,2012,36.0,54,1,9.0,4.0
Harbhajan Singh,Powerplay,2013,90.0,78,2,13.0,6.92
Harbhajan Singh,Powerplay,2014,48.0,48,2,8.0,6.0
Harbhajan Singh,Powerplay,2015,75.0,42,4,7.0,10.71
Harbhajan Singh,Powerplay,2016,43.0,30,1,5.0,8.6
Harbhajan Singh,Powerplay,2017,53.0,60,1,10.0,5.3
Harbhajan Singh,Powerplay,2018,85.0,47,2,7.83,10.86
Harbhajan Singh,Powerplay,2019,191.0,150,9,25.0,7.64
Harbhajan Singh,Powerplay,2021,34.0,30,0,5.0,6.8
Harmeet Singh,Death,2009,47.0,23,2,3.83,12.27
Harmeet Singh,Death,2010,43.0,48,6,8.0,5.38
Harmeet Singh,Death,2011,15.0,6,0,1.0,15.0
Harmeet Singh,Death,2012,40.0,32,4,5.33,7.5
Harmeet Singh,Death,2013,29.0,20,1,3.33,8.71
Harmeet Singh,Middle,2009,107.0,90,1,15.0,7.13
Harmeet Singh,Middle,2010,76.0,66,2,11.0,6.91
Harmeet Singh,Middle,2011,32.0,24,1,4.0,8.0
Harmeet Singh,Middle,2012,137.0,96,3,16.0,8.56
Harmeet Singh,Middle,2013,47.0,36,4,6.0,7.83
Harmeet Singh,Powerplay,2009,38.0,24,1,4.0,9.5
Harmeet Singh,Powerplay,2010,55.0,30,2,5.0,11.0
Harmeet Singh,Powerplay,2011,6.0,12,2,2.0,3.0
Harmeet Singh,Powerplay,2012,14.0,6,0,1.0,14.0
Harmeet Singh,Powerplay,2013,11.0,12,1,2.0,5.5
Harmeet Singh (2),Middle,2013,11.0,12,1,2.0,5.5
Harmeet Singh (2),Powerplay,2013,23.0,12,0,2.0,11.5
Harpreet Brar,Death,2022,10.0,6,0,1.0,10.0
Harpreet Brar,Death,2023,51.0,25,2,4.17,12.23
Harpreet Brar,Death,2024,17.0,12,1,2.0,8.5
Harpreet Brar,Death,2025,20.0,12,0,2.0,10.0
Harpreet Brar,Middle,2019,24.0,18,0,3.0,8.0
Harpreet Brar,Middle,2021,165.0,150,5,25.0,6.6
Harpreet Brar,Middle,2022,103.0,72,4,12.0,8.58
Harpreet Brar,Middle,2023,93.0,90,7,15.0,6.2
Harpreet Brar,Middle,2024,257.0,198,6,33.0,7.79
Harpreet Brar,Middle,2025,112.0,90,8,15.0,7.47
Harpreet Brar,Middle,2026,39.0,30,1,5.0,7.8
Harpreet Brar,Powerplay,2019,24.0,12,0,2.0,12.0
Harpreet Brar,Powerplay,2021,15.0,12,0,2.0,7.5
Harpreet Brar,Powerplay,2022,33.0,18,0,3.0,11.0
Harpreet Brar,Powerplay,2023,74.0,48,0,8.0,9.25
Harpreet Brar,Powerplay,2024,29.0,18,0,3.0,9.67
Harpreet Brar,Powerplay,2025,58.0,30,2,5.0,11.6
Harpreet Brar,Powerplay,2026,21.0,18,1,3.0,7.0
Harsh Dubey,Death,2026,42.0,30,5,5.0,8.4
Harsh Dubey,Middle,2025,73.0,48,5,8.0,9.12
Harsh Dubey,Middle,2026,116.0,60,2,10.0,11.6
Harsh Dubey,Powerplay,2025,25.0,12,0,2.0,12.5
Harsh Dubey,Powerplay,2026,70.0,42,1,7.0,10.0
Harshit Rana,Death,2023,21.0,6,0,1.0,21.0
Harshit Rana,Death,2024,129.0,85,8,14.17,9.1
Harshit Rana,Death,2025,104.0,66,6,11.0,9.45
Harshit Rana,Middle,2022,28.0,18,0,3.0,9.33
Harshit Rana,Middle,2023,15.0,12,1,2.0,7.5
Harshit Rana,Middle,2024,115.0,84,8,14.0,8.21
Harshit Rana,Middle,2025,149.0,84,2,14.0,10.64
Harshit Rana,Powerplay,2022,23.0,12,1,2.0,11.5
Harshit Rana,Powerplay,2023,111.0,84,5,14.0,7.93
Harshit Rana,Powerplay,2024,139.0,84,4,14.0,9.93
Harshit Rana,Powerplay,2025,195.0,114,7,19.0,10.26
I Malhotra,Middle,2011,23.0,6,0,1.0,23.0
I Sharma,Death,2008,130.0,76,0,12.67,10.26
I Sharma,Death,2009,88.0,54,4,9.0,9.78
I Sharma,Death,2010,86.0,48,3,8.0,10.75
I Sharma,Death,2011,108.0,60,0,10.0,10.8
I Sharma,Death,2013,83.0,46,5,7.67,10.82
I Sharma,Death,2014,4.0,6,1,1.0,4.0
I Sharma,Death,2015,49.0,24,0,4.0,12.25
I Sharma,Death,2016,48.0,18,0,3.0,16.0
I Sharma,Death,2017,20.0,6,0,1.0,20.0
I Sharma,Death,2019,67.0,42,4,7.0,9.57
I Sharma,Death,2021,25.0,12,0,2.0,12.5
I Sharma,Death,2023,49.0,24,2,4.0,12.25
I Sharma,Death,2024,47.0,24,2,4.0,11.75
I Sharma,Death,2025,45.0,26,2,4.33,10.39
I Sharma,Middle,2008,12.0,18,0,3.0,4.0
I Sharma,Middle,2009,44.0,48,4,8.0,5.5
I Sharma,Middle,2010,24.0,18,2,3.0,8.0
I Sharma,Middle,2011,39.0,30,0,5.0,7.8
I Sharma,Middle,2013,109.0,84,2,14.0,7.79
I Sharma,Middle,2014,72.0,48,2,8.0,9.0
I Sharma,Middle,2015,54.0,18,0,3.0,18.0
I Sharma,Middle,2016,8.0,6,1,1.0,8.0
I Sharma,Middle,2017,52.0,24,0,4.0,13.0
I Sharma,Middle,2019,49.0,30,1,5.0,9.8
I Sharma,Middle,2021,38.0,18,0,3.0,12.67
I Sharma,Middle,2023,23.0,24,2,4.0,5.75
I Sharma,Middle,2024,51.0,30,1,5.0,10.2
I Sharma,Middle,2025,68.0,36,2,6.0,11.33
I Sharma,Powerplay,2008,187.0,159,7,26.5,7.06
I Sharma,Powerplay,2009,165.0,156,3,26.0,6.35
I Sharma,Powerplay,2010,126.0,84,2,14.0,9.0
I Sharma,Powerplay,2011,167.0,174,11,29.0,5.76
I Sharma,Powerplay,2013,274.0,228,9,38.0,7.21
I Sharma,Powerplay,2014,25.0,12,0,2.0,12.5
I Sharma,Powerplay,2015,56.0,42,1,7.0,8.0
I Sharma,Powerplay,2016,92.0,66,2,11.0,8.36
I Sharma,Powerplay,2017,107.0,78,0,13.0,8.23
I Sharma,Powerplay,2019,233.0,204,9,34.0,6.85
I Sharma,Powerplay,2021,60.0,60,1,10.0,6.0
I Sharma,Powerplay,2023,134.0,102,6,17.0,7.88
I Sharma,Powerplay,2024,167.0,108,9,18.0,9.28
I Sharma,Powerplay,2025,92.0,48,0,8.0,11.5
I Udana,Death,2021,92.0,60,3,10.0,9.2
I Udana,Middle,2021,87.0,60,3,10.0,8.7
I Udana,Powerplay,2021,103.0,54,2,9.0,11.44
IC Pandey,Death,2014,40.0,24,1,4.0,10.0
IC Pandey,Death,2015,25.0,12,1,2.0,12.5
IC Pandey,Middle,2013,24.0,12,0,2.0,12.0
IC Pandey,Middle,2014,110.0,84,3,14.0,7.86
IC Pandey,Middle,2015,88.0,66,2,11.0,8.0
IC Pandey,Powerplay,2013,26.0,12,1,2.0,13.0
IC Pandey,Powerplay,2014,168.0,144,3,24.0,7.0
IC Pandey,Powerplay,2015,110.0,108,8,18.0,6.11
IC Porel,Middle,2021,14.0,12,1,2.0,7.0
IC Porel,Powerplay,2021,25.0,12,0,2.0,12.5
IK Pathan,Death,2008,89.0,78,7,13.0,6.85
IK Pathan,Death,2009,187.0,134,13,22.33,8.37
IK Pathan,Death,2010,168.0,86,10,14.33,11.72
IK Pathan,Death,2011,94.0,59,2,9.83,9.56
IK Pathan,Death,2012,63.0,36,1,6.0,10.5
IK Pathan,Death,2013,62.0,32,1,5.33,11.63
IK Pathan,Death,2014,59.0,52,5,8.67,6.81
IK Pathan,Death,2016,16.0,6,0,1.0,16.0
IK Pathan,Death,2017,10.0,6,2,1.0,10.0
IK Pathan,Middle,2008,95.0,78,6,13.0,7.31
IK Pathan,Middle,2009,4.0,6,0,1.0,4.0
IK Pathan,Middle,2010,103.0,84,4,14.0,7.36
IK Pathan,Middle,2011,67.0,48,4,8.0,8.38
IK Pathan,Middle,2012,220.0,174,5,29.0,7.59
IK Pathan,Middle,2013,179.0,132,6,22.0,8.14
IK Pathan,Middle,2014,114.0,78,1,13.0,8.77
IK Pathan,Middle,2016,37.0,36,0,6.0,6.17
IK Pathan,Powerplay,2008,166.0,162,7,27.0,6.15
IK Pathan,Powerplay,2009,199.0,162,7,27.0,7.37
IK Pathan,Powerplay,2010,155.0,108,3,18.0,8.61
IK Pathan,Powerplay,2011,183.0,168,7,28.0,6.54
IK Pathan,Powerplay,2012,182.0,150,4,25.0,7.28
IK Pathan,Powerplay,2013,141.0,144,4,24.0,5.88
IK Pathan,Powerplay,2014,32.0,12,0,2.0,16.0
IK Pathan,Powerplay,2016,8.0,6,0,1.0,8.0
IK Pathan,Powerplay,2017,16.0,6,0,1.0,16.0
IS Sodhi,Death,2018,2.0,6,0,1.0,2.0
IS Sodhi,Middle,2018,133.0,132,5,22.0,6.05
IS Sodhi,Middle,2019,44.0,30,2,5.0,8.8
IS Sodhi,Powerplay,2019,17.0,12,2,2.0,8.5
Imran Tahir,Death,2014,41.0,36,6,6.0,6.83
Imran Tahir,Death,2015,157.0,93,13,15.5,10.13
Imran Tahir,Death,2016,45.0,30,3,5.0,9.0
Imran Tahir,Death,2017,97.0,60,2,10.0,9.7
Imran Tahir,Death,2018,17.0,16,0,2.67,6.37
Imran Tahir,Death,2019,118.0,80,2,13.33,8.85
Imran Tahir,Death,2021,12.0,6,0,1.0,12.0
Imran Tahir,Middle,2014,123.0,83,5,13.83,8.89
Imran Tahir,Middle,2015,149.0,114,2,19.0,7.84
Imran Tahir,Middle,2016,93.0,66,2,11.0,8.45
Imran Tahir,Middle,2017,233.0,198,14,33.0,7.06
Imran Tahir,Middle,2018,159.0,102,6,17.0,9.35
Imran Tahir,Middle,2019,299.0,300,24,50.0,5.98
Imran Tahir,Middle,2021,75.0,78,4,13.0,5.77
Imran Tahir,Powerplay,2014,7.0,6,0,1.0,7.0
Imran Tahir,Powerplay,2015,8.0,6,0,1.0,8.0
Imran Tahir,Powerplay,2017,39.0,24,3,4.0,9.75
Imran Tahir,Powerplay,2018,12.0,6,0,1.0,12.0
Imran Tahir,Powerplay,2019,14.0,6,0,1.0,14.0
Imran Tahir,Powerplay,2021,5.0,6,0,1.0,5.0
Iqbal Abdulla,Death,2010,11.0,12,2,2.0,5.5
Iqbal Abdulla,Death,2011,54.0,42,1,7.0,7.71
Iqbal Abdulla,Death,2012,8.0,6,0,1.0,8.0
Iqbal Abdulla,Death,2013,18.0,11,1,1.83,9.84
Iqbal Abdulla,Death,2015,31.0,24,2,4.0,7.75
Iqbal Abdulla,Death,2016,50.0,24,1,4.0,12.5
Iqbal Abdulla,Middle,2008,22.0,18,1,3.0,7.33
Iqbal Abdulla,Middle,2010,50.0,39,0,6.5,7.69
Iqbal Abdulla,Middle,2011,143.0,132,8,22.0,6.5
Iqbal Abdulla,Middle,2012,62.0,66,2,11.0,5.64
Iqbal Abdulla,Middle,2013,97.0,78,5,13.0,7.46
Iqbal Abdulla,Middle,2014,8.0,6,0,1.0,8.0
Iqbal Abdulla,Middle,2015,103.0,72,2,12.0,8.58
Iqbal Abdulla,Middle,2016,125.0,96,3,16.0,7.81
Iqbal Abdulla,Middle,2017,36.0,18,2,3.0,12.0
Iqbal Abdulla,Powerplay,2011,108.0,126,9,21.0,5.14
Iqbal Abdulla,Powerplay,2012,74.0,60,2,10.0,7.4
Iqbal Abdulla,Powerplay,2013,27.0,24,1,4.0,6.75
Iqbal Abdulla,Powerplay,2014,9.0,6,0,1.0,9.0
Iqbal Abdulla,Powerplay,2015,16.0,18,0,3.0,5.33
Iqbal Abdulla,Powerplay,2016,38.0,30,3,5.0,7.6
Iqbal Abdulla,Powerplay,2017,19.0,12,0,2.0,9.5
J Botha,Death,2009,35.0,24,2,4.0,8.75
J Botha,Death,2011,32.0,30,3,5.0,6.4
J Botha,Death,2012,41.0,36,3,6.0,6.83
J Botha,Death,2015,25.0,12,1,2.0,12.5
J Botha,Middle,2009,39.0,48,3,8.0,4.88
J Botha,Middle,2011,116.0,114,1,19.0,6.11
J Botha,Middle,2012,154.0,144,6,24.0,6.42
J Botha,Middle,2013,81.0,78,4,13.0,6.23
J Botha,Middle,2015,21.0,12,0,2.0,10.5
J Botha,Powerplay,2011,91.0,72,3,12.0,7.58
J Botha,Powerplay,2012,102.0,66,0,11.0,9.27
J Botha,Powerplay,2013,25.0,18,1,3.0,8.33
J Botha,Powerplay,2015,35.0,36,0,6.0,5.83
J Little,Death,2023,89.0,54,2,9.0,9.89
J Little,Middle,2023,118.0,84,5,14.0,8.43
J Little,Middle,2024,11.0,12,3,2.0,5.5
J Little,Powerplay,2023,87.0,66,2,11.0,7.91
J Little,Powerplay,2024,34.0,12,1,2.0,17.0
J Overton,Death,2026,111.0,66,5,11.0,10.09
J Overton,Middle,2025,24.0,12,0,2.0,12.0
J Overton,Middle,2026,121.0,96,9,16.0,7.56
J Overton,Powerplay,2025,59.0,24,0,4.0,14.75
J Overton,Powerplay,2026,17.0,6,0,1.0,17.0
J Suchith,Death,2015,10.0,6,0,1.0,10.0
J Suchith,Death,2022,17.0,6,1,1.0,17.0
J Suchith,Middle,2015,258.0,192,9,32.0,8.06
J Suchith,Middle,2016,31.0,12,0,2.0,15.5
J Suchith,Middle,2019,23.0,12,1,2.0,11.5
J Suchith,Middle,2021,63.0,36,1,6.0,10.5
J Suchith,Middle,2022,96.0,84,5,14.0,6.86
J Suchith,Powerplay,2015,69.0,36,1,6.0,11.5
J Suchith,Powerplay,2019,5.0,12,1,2.0,2.5
J Suchith,Powerplay,2021,3.0,6,0,1.0,3.0
J Suchith,Powerplay,2022,27.0,18,1,3.0,9.0
J Syed Mohammad,Death,2011,33.0,18,1,3.0,11.0
J Syed Mohammad,Middle,2011,80.0,54,3,9.0,8.89
J Syed Mohammad,Middle,2012,65.0,42,1,7.0,9.29
J Syed Mohammad,Middle,2013,91.0,60,4,10.0,9.1
J Syed Mohammad,Powerplay,2011,14.0,18,1,3.0,4.67
J Theron,Death,2010,80.0,66,3,11.0,7.27
J Theron,Death,2012,41.0,24,2,4.0,10.25
J Theron,Death,2015,24.0,12,1,2.0,12.0
J Theron,Middle,2010,50.0,42,4,7.0,7.14
J Theron,Middle,2012,3.0,6,0,1.0,3.0
J Theron,Middle,2015,4.0,6,0,1.0,4.0
J Theron,Powerplay,2010,66.0,41,2,6.83,9.66
J Theron,Powerplay,2012,22.0,18,1,3.0,7.33
J Theron,Powerplay,2015,12.0,6,0,1.0,12.0
J Yadav,Death,2016,12.0,6,1,1.0,12.0
J Yadav,Death,2021,7.0,6,0,1.0,7.0
J Yadav,Death,2023,3.0,6,0,1.0,3.0
J Yadav,Middle,2015,19.0,30,2,5.0,3.8
J Yadav,Middle,2016,50.0,48,1,8.0,6.25
J Yadav,Middle,2017,12.0,12,0,2.0,6.0
J Yadav,Middle,2019,28.0,24,0,4.0,7.0
J Yadav,Middle,2021,102.0,90,1,15.0,6.8
J Yadav,Middle,2023,7.0,6,0,1.0,7.0
J Yadav,Powerplay,2015,10.0,12,0,2.0,5.0
J Yadav,Powerplay,2016,63.0,48,0,8.0,7.88
J Yadav,Powerplay,2017,30.0,24,0,4.0,7.5
J Yadav,Powerplay,2019,22.0,18,1,3.0,7.33
J Yadav,Powerplay,2021,64.0,48,3,8.0,8.0
J Yadav,Powerplay,2023,16.0,12,0,2.0,8.0
JA Duffy,Death,2026,35.0,12,0,2.0,17.5
JA Duffy,Middle,2026,70.0,54,3,9.0,7.78
JA Duffy,Powerplay,2026,158.0,78,6,13.0,12.15
JA Morkel,Death,2008,139.0,90,13,15.0,9.27
JA Morkel,Death,2009,71.0,42,3,7.0,10.14
JA Morkel,Death,2010,102.0,70,7,11.67,8.74
JA Morkel,Death,2011,78.0,42,7,7.0,11.14
JA Morkel,Death,2012,53.0,39,5,6.5,8.15
JA Morkel,Death,2013,21.0,18,2,3.0,7.0
JA Morkel,Death,2015,32.0,18,1,3.0,10.67
JA Morkel,Death,2016,11.0,6,1,1.0,11.0
JA Morkel,Middle,2008,142.0,126,5,21.0,6.76
JA Morkel,Middle,2009,39.0,30,1,5.0,7.8
JA Morkel,Middle,2010,143.0,108,3,18.0,7.94
JA Morkel,Middle,2011,67.0,54,3,9.0,7.44
JA Morkel,Middle,2012,98.0,90,4,15.0,6.53
JA Morkel,Middle,2013,39.0,42,3,7.0,5.57
JA Morkel,Middle,2014,19.0,18,1,3.0,6.33
JA Morkel,Middle,2015,37.0,30,2,5.0,7.4
JA Morkel,Powerplay,2008,118.0,72,2,12.0,9.83
JA Morkel,Powerplay,2009,218.0,168,11,28.0,7.79
JA Morkel,Powerplay,2010,160.0,108,4,18.0,8.89
JA Morkel,Powerplay,2011,237.0,174,6,29.0,8.17
JA Morkel,Powerplay,2012,234.0,168,4,28.0,8.36
JA Morkel,Powerplay,2013,99.0,84,3,14.0,7.07
JA Morkel,Powerplay,2014,107.0,78,3,13.0,8.23
JA Morkel,Powerplay,2015,40.0,24,0,4.0,10.0
JA Morkel,Powerplay,2016,55.0,24,2,4.0,13.75
JA Richardson,Death,2021,27.0,12,1,2.0,13.5
JA Richardson,Death,2024,12.0,6,0,1.0,12.0
JA Richardson,Middle,2021,54.0,30,2,5.0,10.8
JA Richardson,Middle,2024,15.0,12,0,2.0,7.5
JA Richardson,Powerplay,2021,36.0,24,0,4.0,9.0
JA Richardson,Powerplay,2024,13.0,6,0,1.0,13.0
JC Archer,Death,2018,145.0,101,7,16.83,8.62
JC Archer,Death,2019,168.0,114,7,19.0,8.84
JC Archer,Death,2021,203.0,124,6,20.67,9.82
JC Archer,Death,2023,69.0,30,1,5.0,13.8
JC Archer,Death,2025,173.0,87,5,14.5,11.93
JC Archer,Death,2026,159.0,102,9,17.0,9.35
JC Archer,Middle,2018,64.0,42,4,7.0,9.14
JC Archer,Middle,2019,47.0,48,2,8.0,5.88
JC Archer,Middle,2021,49.0,54,4,9.0,5.44
JC Archer,Middle,2023,47.0,36,1,6.0,7.83
JC Archer,Middle,2025,55.0,36,1,6.0,9.17
JC Archer,Middle,2026,60.0,54,5,9.0,6.67
JC Archer,Powerplay,2018,116.0,90,4,15.0,7.73
JC Archer,Powerplay,2019,76.0,96,3,16.0,4.75
JC Archer,Powerplay,2021,113.0,156,10,26.0,4.35
JC Archer,Powerplay,2023,74.0,54,0,9.0,8.22
JC Archer,Powerplay,2025,203.0,150,6,25.0,8.12
JC Archer,Powerplay,2026,340.0,204,15,34.0,10.0
JD Ryder,Death,2009,25.0,12,0,2.0,12.5
JD Ryder,Death,2011,30.0,14,2,2.33,12.88
JD Ryder,Middle,2009,83.0,84,5,14.0,5.93
JD Ryder,Middle,2011,88.0,78,3,13.0,6.77
JD Ryder,Middle,2012,70.0,42,1,7.0,10.0
JD Ryder,Powerplay,2009,7.0,6,0,1.0,7.0
JD Unadkat,Death,2010,23.0,14,1,2.33,9.87
JD Unadkat,Death,2011,39.0,24,2,4.0,9.75
JD Unadkat,Death,2012,11.0,6,0,1.0,11.0
JD Unadkat,Death,2013,67.0,48,5,8.0,8.38
JD Unadkat,Death,2014,135.0,67,4,11.17,12.09
JD Unadkat,Death,2016,22.0,6,0,1.0,22.0
JD Unadkat,Death,2017,153.0,113,18,18.83,8.13
JD Unadkat,Death,2018,199.0,110,8,18.33,10.86
JD Unadkat,Death,2019,187.0,86,6,14.33,13.05
JD Unadkat,Death,2021,92.0,42,4,7.0,13.14
JD Unadkat,Death,2022,90.0,42,4,7.0,12.86
JD Unadkat,Death,2023,44.0,18,1,3.0,14.67
JD Unadkat,Death,2024,85.0,43,2,7.17,11.85
JD Unadkat,Death,2025,25.0,23,7,3.83,6.53
JD Unadkat,Death,2026,42.0,23,2,3.83,10.97
JD Unadkat,Middle,2010,17.0,24,3,4.0,4.25
JD Unadkat,Middle,2011,39.0,36,2,6.0,6.5
JD Unadkat,Middle,2012,21.0,12,0,2.0,10.5
JD Unadkat,Middle,2013,209.0,150,3,25.0,8.36
JD Unadkat,Middle,2014,71.0,60,4,10.0,7.1
JD Unadkat,Middle,2015,15.0,6,0,1.0,15.0
JD Unadkat,Middle,2017,32.0,30,2,5.0,6.4
JD Unadkat,Middle,2018,142.0,102,2,17.0,8.35
JD Unadkat,Middle,2019,157.0,90,2,15.0,10.47
JD Unadkat,Middle,2021,125.0,84,1,14.0,8.93
JD Unadkat,Middle,2022,54.0,42,3,7.0,7.71
JD Unadkat,Middle,2023,14.0,6,0,1.0,14.0
JD Unadkat,Middle,2024,205.0,132,7,22.0,9.32
JD Unadkat,Middle,2025,55.0,48,2,8.0,6.88
JD Unadkat,Middle,2026,15.0,12,0,2.0,7.5
JD Unadkat,Powerplay,2010,45.0,24,0,4.0,11.25
JD Unadkat,Powerplay,2011,72.0,48,2,8.0,9.0
JD Unadkat,Powerplay,2013,94.0,96,5,16.0,5.88
JD Unadkat,Powerplay,2014,64.0,60,2,10.0,6.4
JD Unadkat,Powerplay,2015,15.0,12,0,2.0,7.5
JD Unadkat,Powerplay,2016,27.0,12,0,2.0,13.5
JD Unadkat,Powerplay,2017,137.0,132,7,22.0,6.23
JD Unadkat,Powerplay,2018,145.0,90,2,15.0,9.67
JD Unadkat,Powerplay,2019,54.0,48,3,8.0,6.75
JD Unadkat,Powerplay,2021,179.0,144,4,24.0,7.46
JD Unadkat,Powerplay,2022,46.0,36,0,6.0,7.67
JD Unadkat,Powerplay,2023,34.0,24,0,4.0,8.5
JD Unadkat,Powerplay,2024,29.0,12,0,2.0,14.5
JD Unadkat,Powerplay,2025,95.0,72,3,12.0,7.92
JD Unadkat,Powerplay,2026,83.0,42,2,7.0,11.86
JDP Oram,Death,2008,36.0,24,3,4.0,9.0
JDP Oram,Death,2009,53.0,39,5,6.5,8.15
JDP Oram,Death,2013,11.0,12,0,2.0,5.5
JDP Oram,Middle,2008,8.0,6,0,1.0,8.0
JDP Oram,Middle,2009,62.0,42,1,7.0,8.86
JDP Oram,Middle,2013,8.0,6,0,1.0,8.0
JDP Oram,Powerplay,2008,105.0,66,3,11.0,9.55
JDP Oram,Powerplay,2009,18.0,12,0,2.0,9.0
JDP Oram,Powerplay,2011,45.0,24,1,4.0,11.25
JDP Oram,Powerplay,2013,3.0,6,0,1.0,3.0
JDS Neesham,Death,2021,40.0,12,0,2.0,20.0
JDS Neesham,Middle,2014,77.0,48,1,8.0,9.62
JDS Neesham,Middle,2021,137.0,108,6,18.0,7.61
JDS Neesham,Middle,2022,17.0,12,0,2.0,8.5
JDS Neesham,Powerplay,2014,14.0,6,0,1.0,14.0
JDS Neesham,Powerplay,2021,37.0,24,1,4.0,9.25
JDS Neesham,Powerplay,2022,12.0,6,0,1.0,12.0
JE Root,Middle,2023,14.0,12,0,2.0,7.0
JE Taylor,Death,2011,87.0,51,6,8.5,10.24
JE Taylor,Middle,2011,19.0,18,0,3.0,6.33
JE Taylor,Powerplay,2011,51.0,48,0,8.0,6.38
JEC Franklin,Death,2011,33.0,18,3,3.0,11.0
JEC Franklin,Death,2012,9.0,6,0,1.0,9.0
JEC Franklin,Middle,2011,66.0,43,0,7.17,9.21
JEC Franklin,Middle,2012,96.0,72,5,12.0,8.0
JEC Franklin,Powerplay,2012,16.0,12,1,2.0,8.0
JH Kallis,Death,2008,99.0,54,2,9.0,11.0
JH Kallis,Death,2009,66.0,24,1,4.0,16.5
JH Kallis,Death,2010,138.0,84,5,14.0,9.86
JH Kallis,Death,2011,62.0,42,4,7.0,8.86
JH Kallis,Death,2012,91.0,54,5,9.0,10.11
JH Kallis,Death,2013,137.0,90,11,15.0,9.13
JH Kallis,Death,2014,11.0,12,0,2.0,5.5
JH Kallis,Middle,2008,151.0,116,2,19.33,7.81
JH Kallis,Middle,2009,85.0,78,2,13.0,6.54
JH Kallis,Middle,2010,219.0,168,5,28.0,7.82
JH Kallis,Middle,2011,67.0,72,4,12.0,5.58
JH Kallis,Middle,2012,195.0,156,4,26.0,7.5
JH Kallis,Middle,2013,195.0,174,6,29.0,6.72
JH Kallis,Middle,2014,145.0,102,3,17.0,8.53
JH Kallis,Powerplay,2008,61.0,36,0,6.0,10.17
JH Kallis,Powerplay,2009,202.0,174,4,29.0,6.97
JH Kallis,Powerplay,2010,119.0,90,5,15.0,7.93
JH Kallis,Powerplay,2011,41.0,30,1,5.0,8.2
JH Kallis,Powerplay,2012,117.0,114,7,19.0,6.16
JH Kallis,Powerplay,2013,62.0,54,2,9.0,6.89
JH Kallis,Powerplay,2014,30.0,18,1,3.0,10.0
JJ Bumrah,Death,2013,13.0,6,0,1.0,13.0
JJ Bumrah,Death,2014,127.0,82,3,13.67,9.29
JJ Bumrah,Death,2015,86.0,30,1,5.0,17.2
JJ Bumrah,Death,2016,216.0,138,10,23.0,9.39
JJ Bumrah,Death,2017,236.0,164,13,27.33,8.64
JJ Bumrah,Death,2018,166.0,126,13,21.0,7.9
JJ Bumrah,Death,2019,230.0,178,14,29.67,7.75
JJ Bumrah,Death,2021,392.0,306,28,51.0,7.69
JJ Bumrah,Death,2022,148.0,116,8,19.33,7.66
JJ Bumrah,Death,2024,109.0,101,11,16.83,6.48
JJ Bumrah,Death,2025,114.0,98,13,16.33,6.98
JJ Bumrah,Death,2026,106.0,78,1,13.0,8.15
JJ Bumrah,Middle,2013,20.0,18,2,3.0,6.67
JJ Bumrah,Middle,2014,73.0,66,3,11.0,6.64
JJ Bumrah,Middle,2015,62.0,36,2,6.0,10.33
JJ Bumrah,Middle,2016,69.0,72,6,12.0,5.75
JJ Bumrah,Middle,2017,106.0,90,4,15.0,7.07
JJ Bumrah,Middle,2018,88.0,90,2,15.0,5.87
JJ Bumrah,Middle,2019,71.0,78,4,13.0,5.46
JJ Bumrah,Middle,2021,174.0,162,12,27.0,6.44
JJ Bumrah,Middle,2022,97.0,78,3,13.0,7.46
JJ Bumrah,Middle,2024,101.0,84,4,14.0,7.21
JJ Bumrah,Middle,2025,79.0,96,4,16.0,4.94
JJ Bumrah,Middle,2026,93.0,72,1,12.0,7.75
JJ Bumrah,Powerplay,2013,37.0,18,1,3.0,12.33
JJ Bumrah,Powerplay,2014,101.0,90,0,15.0,6.73
JJ Bumrah,Powerplay,2015,36.0,24,0,4.0,9.0
JJ Bumrah,Powerplay,2016,121.0,102,2,17.0,7.12
JJ Bumrah,Powerplay,2017,102.0,108,6,18.0,5.67
JJ Bumrah,Powerplay,2018,118.0,108,2,18.0,6.56
JJ Bumrah,Powerplay,2019,116.0,118,5,19.67,5.9
JJ Bumrah,Powerplay,2021,264.0,234,12,39.0,6.77
JJ Bumrah,Powerplay,2022,138.0,126,5,21.0,6.57
JJ Bumrah,Powerplay,2024,126.0,126,6,21.0,6.0
JJ Bumrah,Powerplay,2025,123.0,90,4,15.0,8.2
JJ Bumrah,Powerplay,2026,211.0,144,3,24.0,8.79
JJ van der Wath,Death,2011,44.0,24,2,4.0,11.0
JJ van der Wath,Middle,2011,44.0,18,1,3.0,14.67
JJ van der Wath,Powerplay,2011,41.0,30,0,5.0,8.2
JL Pattinson,Death,2021,60.0,39,4,6.5,9.23
JL Pattinson,Middle,2021,111.0,72,3,12.0,9.25
JL Pattinson,Powerplay,2021,149.0,102,4,17.0,8.76
JM Kemp,Middle,2010,53.0,43,3,7.17,7.39
JO Holder,Death,2016,37.0,24,3,4.0,9.25
JO Holder,Death,2021,162.0,113,19,18.83,8.6
JO Holder,Death,2022,157.0,90,8,15.0,10.47
JO Holder,Death,2023,135.0,75,1,12.5,10.8
JO Holder,Death,2026,41.0,32,4,5.33,7.69
JO Holder,Middle,2013,52.0,42,0,7.0,7.43
JO Holder,Middle,2014,18.0,12,0,2.0,9.0
JO Holder,Middle,2016,48.0,42,0,7.0,6.86
JO Holder,Middle,2021,123.0,102,6,17.0,7.24
JO Holder,Middle,2022,117.0,81,7,13.5,8.67
JO Holder,Middle,2023,104.0,66,3,11.0,9.45
JO Holder,Middle,2026,229.0,186,13,31.0,7.39
JO Holder,Powerplay,2013,116.0,78,4,13.0,8.92
JO Holder,Powerplay,2014,17.0,6,1,1.0,17.0
JO Holder,Powerplay,2016,18.0,12,0,2.0,9.0
JO Holder,Powerplay,2021,195.0,144,6,24.0,8.12
JO Holder,Powerplay,2022,117.0,78,1,13.0,9.0
JO Holder,Powerplay,2023,45.0,30,0,5.0,9.0
JO Holder,Powerplay,2026,20.0,12,0,2.0,10.0
JP Behrendorff,Death,2019,17.0,6,0,1.0,17.0
JP Behrendorff,Death,2023,109.0,54,8,9.0,12.11
JP Behrendorff,Middle,2019,27.0,30,2,5.0,5.4
JP Behrendorff,Middle,2023,71.0,36,1,6.0,11.83
JP Behrendorff,Powerplay,2019,121.0,78,3,13.0,9.31
JP Behrendorff,Powerplay,2023,207.0,162,8,27.0,7.67
JP Duminy,Death,2009,20.0,15,0,2.5,8.0
JP Duminy,Death,2011,11.0,6,0,1.0,11.0
JP Duminy,Death,2014,25.0,12,0,2.0,12.5
JP Duminy,Death,2015,24.0,18,3,3.0,8.0
JP Duminy,Middle,2009,72.0,84,4,14.0,5.14
JP Duminy,Middle,2010,31.0,30,1,5.0,6.2
JP Duminy,Middle,2011,82.0,54,2,9.0,9.11
JP Duminy,Middle,2012,70.0,48,1,8.0,8.75
JP Duminy,Middle,2014,173.0,144,3,24.0,7.21
JP Duminy,Middle,2015,57.0,54,4,9.0,6.33
JP Duminy,Middle,2016,55.0,42,2,7.0,7.86
JP Duminy,Middle,2018,8.0,6,0,1.0,8.0
JP Duminy,Powerplay,2009,1.0,6,0,1.0,1.0
JP Duminy,Powerplay,2011,50.0,48,2,8.0,6.25
JP Duminy,Powerplay,2012,33.0,24,0,4.0,8.25
JP Duminy,Powerplay,2014,42.0,42,0,7.0,6.0
JP Duminy,Powerplay,2015,45.0,30,1,5.0,9.0
JP Duminy,Powerplay,2018,28.0,12,0,2.0,14.0
JP Faulkner,Death,2012,39.0,24,3,4.0,9.75
JP Faulkner,Death,2013,204.0,151,21,25.17,8.1
JP Faulkner,Death,2014,182.0,104,9,17.33,10.5
JP Faulkner,Death,2015,212.0,102,5,17.0,12.47
JP Faulkner,Death,2016,55.0,30,1,5.0,11.0
JP Faulkner,Death,2017,86.0,56,3,9.33,9.22
JP Faulkner,Middle,2012,9.0,6,0,1.0,9.0
JP Faulkner,Middle,2013,80.0,78,5,13.0,6.15
JP Faulkner,Middle,2014,96.0,58,1,9.67,9.93
JP Faulkner,Middle,2015,152.0,126,3,21.0,7.24
JP Faulkner,Middle,2016,98.0,66,1,11.0,8.91
JP Faulkner,Middle,2017,104.0,66,5,11.0,9.45
JP Faulkner,Powerplay,2011,9.0,12,1,2.0,4.5
JP Faulkner,Powerplay,2012,24.0,18,0,3.0,8.0
JP Faulkner,Powerplay,2013,143.0,150,7,25.0,5.72
JP Faulkner,Powerplay,2014,151.0,102,7,17.0,8.88
JP Faulkner,Powerplay,2015,62.0,42,1,7.0,8.86
JP Faulkner,Powerplay,2016,14.0,6,0,1.0,14.0
JP Faulkner,Powerplay,2017,79.0,41,3,6.83,11.57
JPR Scantlebury-Searles,Death,2018,20.0,6,1,1.0,20.0
JPR Scantlebury-Searles,Middle,2018,56.0,30,1,5.0,11.2
JPR Scantlebury-Searles,Powerplay,2018,13.0,6,0,1.0,13.0
JR Hazlewood,Death,2021,82.0,54,4,9.0,9.11
JR Hazlewood,Death,2022,183.0,105,11,17.5,10.46
JR Hazlewood,Death,2023,8.0,6,1,1.0,8.0
JR Hazlewood,Death,2025,148.0,83,7,13.83,10.7
JR Hazlewood,Death,2026,135.0,81,5,13.5,10.0
JR Hazlewood,Middle,2021,60.0,48,3,8.0,7.5
JR Hazlewood,Middle,2022,23.0,24,3,4.0,5.75
JR Hazlewood,Middle,2023,17.0,12,0,2.0,8.5
JR Hazlewood,Middle,2025,78.0,49,5,8.17,9.55
JR Hazlewood,Middle,2026,99.0,72,3,12.0,8.25
JR Hazlewood,Powerplay,2021,215.0,168,5,28.0,7.68
JR Hazlewood,Powerplay,2022,171.0,150,7,25.0,6.84
JR Hazlewood,Powerplay,2023,51.0,36,2,6.0,8.5
JR Hazlewood,Powerplay,2025,160.0,132,10,22.0,7.27
JR Hazlewood,Powerplay,2026,260.0,156,7,26.0,10.0
JR Hopes,Death,2008,136.0,60,3,10.0,13.6
JR Hopes,Death,2011,76.0,48,3,8.0,9.5
JR Hopes,Middle,2008,115.0,90,3,15.0,7.67
JR Hopes,Middle,2011,196.0,144,4,24.0,8.17
JR Hopes,Powerplay,2008,25.0,18,1,3.0,8.33
JW Hastings,Death,2016,9.0,10,1,1.67,5.39
JW Hastings,Middle,2014,3.0,6,1,1.0,3.0
JW Hastings,Middle,2016,4.0,6,0,1.0,4.0
JW Hastings,Powerplay,2014,26.0,12,0,2.0,13.0
JW Hastings,Powerplay,2016,24.0,24,1,4.0,6.0
Jalaj S Saxena,Middle,2021,17.0,12,0,2.0,8.5
Jalaj S Saxena,Powerplay,2021,10.0,6,0,1.0,10.0
Jaskaran Singh,Death,2009,16.0,6,0,1.0,16.0
Jaskaran Singh,Death,2010,58.0,24,3,4.0,14.5
Jaskaran Singh,Middle,2009,16.0,12,0,2.0,8.0
Jaskaran Singh,Middle,2010,30.0,18,1,3.0,10.0
Jaskaran Singh,Powerplay,2010,51.0,42,2,7.0,7.29
Joginder Sharma,Death,2008,68.0,34,2,5.67,11.99
Joginder Sharma,Death,2010,20.0,12,1,2.0,10.0
Joginder Sharma,Death,2011,17.0,6,0,1.0,17.0
Joginder Sharma,Middle,2008,171.0,114,7,19.0,9.0
Joginder Sharma,Middle,2009,57.0,42,2,7.0,8.14
Joginder Sharma,Middle,2010,30.0,18,1,3.0,10.0
Joginder Sharma,Middle,2011,8.0,6,0,1.0,8.0
Joginder Sharma,Powerplay,2010,39.0,18,0,3.0,13.0
Joginder Sharma,Powerplay,2011,9.0,6,0,1.0,9.0
K Goel,Middle,2008,25.0,12,0,2.0,12.5
K Goel,Middle,2009,61.0,48,0,8.0,7.62
K Goel,Middle,2010,7.0,6,0,1.0,7.0
K Gowtham,Death,2018,6.0,6,0,1.0,6.0
K Gowtham,Death,2021,25.0,6,0,1.0,25.0
K Gowtham,Death,2022,15.0,6,0,1.0,15.0
K Gowtham,Death,2023,4.0,6,0,1.0,4.0
K Gowtham,Middle,2018,126.0,84,3,14.0,9.0
K Gowtham,Middle,2019,79.0,66,1,11.0,7.18
K Gowtham,Middle,2021,47.0,36,1,6.0,7.83
K Gowtham,Middle,2022,62.0,54,5,9.0,6.89
K Gowtham,Middle,2023,58.0,54,1,9.0,6.44
K Gowtham,Powerplay,2018,180.0,150,9,25.0,7.2
K Gowtham,Powerplay,2019,87.0,54,0,9.0,9.67
K Gowtham,Powerplay,2021,12.0,6,0,1.0,12.0
K Gowtham,Powerplay,2022,22.0,12,0,2.0,11.0
K Gowtham,Powerplay,2023,56.0,36,2,6.0,9.33
K Gowtham,Powerplay,2024,29.0,12,0,2.0,14.5
K Kartikeya,Death,2023,49.0,24,0,4.0,12.25
K Kartikeya,Middle,2022,86.0,72,4,12.0,7.17
K Kartikeya,Middle,2023,178.0,132,5,22.0,8.09
K Kartikeya,Middle,2025,78.0,48,2,8.0,9.75
K Kartikeya,Powerplay,2022,16.0,6,1,1.0,16.0
K Khejroliya,Death,2018,25.0,11,0,1.83,13.66
K Khejroliya,Death,2019,5.0,6,1,1.0,5.0
K Khejroliya,Death,2023,37.0,14,2,2.33,15.88
K Khejroliya,Middle,2018,64.0,42,2,7.0,9.14
K Khejroliya,Middle,2019,24.0,18,0,3.0,8.0
K Khejroliya,Middle,2025,29.0,18,1,3.0,9.67
K Khejroliya,Middle,2026,31.0,12,0,2.0,15.5
K Khejroliya,Powerplay,2018,18.0,12,0,2.0,9.0
K Khejroliya,Powerplay,2019,17.0,6,0,1.0,17.0
K Khejroliya,Powerplay,2023,27.0,12,0,2.0,13.5
K Rabada,Death,2017,81.0,44,3,7.33,11.05
K Rabada,Death,2019,201.0,138,21,23.0,8.74
K Rabada,Death,2021,396.0,244,26,40.67,9.74
K Rabada,Death,2022,119.0,78,10,13.0,9.15
K Rabada,Death,2023,76.0,36,1,6.0,12.67
K Rabada,Death,2024,90.0,48,4,8.0,11.25
K Rabada,Death,2025,44.0,24,1,4.0,11.0
K Rabada,Death,2026,112.0,72,6,12.0,9.33
K Rabada,Middle,2017,8.0,12,1,2.0,4.0
K Rabada,Middle,2019,33.0,42,3,7.0,4.71
K Rabada,Middle,2021,308.0,246,14,41.0,7.51
K Rabada,Middle,2022,64.0,48,3,8.0,8.0
K Rabada,Middle,2023,44.0,30,2,5.0,8.8
K Rabada,Middle,2024,112.0,84,3,14.0,8.0
K Rabada,Middle,2025,33.0,18,0,3.0,11.0
K Rabada,Middle,2026,68.0,46,3,7.67,8.87
K Rabada,Powerplay,2017,99.0,72,4,12.0,8.25
K Rabada,Powerplay,2019,141.0,108,5,18.0,7.83
K Rabada,Powerplay,2021,302.0,243,8,40.5,7.46
K Rabada,Powerplay,2022,223.0,162,10,27.0,8.26
K Rabada,Powerplay,2023,112.0,72,4,12.0,9.33
K Rabada,Powerplay,2024,170.0,120,4,20.0,8.5
K Rabada,Powerplay,2025,85.0,42,1,7.0,12.14
K Rabada,Powerplay,2026,446.0,270,20,45.0,9.91
K Santokie,Death,2014,54.0,24,1,4.0,13.5
K Santokie,Middle,2014,5.0,6,1,1.0,5.0
K Santokie,Powerplay,2014,31.0,18,1,3.0,10.33
K Upadhyay,Middle,2012,16.0,12,0,2.0,8.0
K Upadhyay,Middle,2013,6.0,6,0,1.0,6.0
K Upadhyay,Powerplay,2012,17.0,12,0,2.0,8.5
K Upadhyay,Powerplay,2013,42.0,24,0,4.0,10.5
K Yadav,Death,2023,28.0,12,2,2.0,14.0
K Yadav,Middle,2021,3.0,6,0,1.0,3.0
K Yadav,Middle,2023,27.0,18,0,3.0,9.0
K Yadav,Powerplay,2021,13.0,6,0,1.0,13.0
K Yadav,Powerplay,2023,13.0,12,0,2.0,6.5
KA Jamieson,Death,2021,82.0,36,2,6.0,13.67
KA Jamieson,Death,2025,41.0,18,1,3.0,13.67
KA Jamieson,Death,2026,15.0,6,0,1.0,15.0
KA Jamieson,Middle,2021,35.0,30,3,5.0,7.0
KA Jamieson,Middle,2025,37.0,24,2,4.0,9.25
KA Jamieson,Powerplay,2021,152.0,102,4,17.0,8.94
KA Jamieson,Powerplay,2025,69.0,48,2,8.0,8.62
KA Jamieson,Powerplay,2026,75.0,36,2,6.0,12.5
KA Maharaj,Middle,2024,31.0,30,2,5.0,6.2
KA Maharaj,Powerplay,2024,8.0,6,0,1.0,8.0
KA Pollard,Death,2010,55.0,36,3,6.0,9.17
KA Pollard,Death,2011,75.0,45,4,7.5,10.0
KA Pollard,Death,2012,66.0,48,8,8.0,8.25
KA Pollard,Death,2013,116.0,66,6,11.0,10.55
KA Pollard,Death,2014,110.0,48,2,8.0,13.75
KA Pollard,Death,2015,45.0,28,4,4.67,9.64
KA Pollard,Death,2016,34.0,12,0,2.0,17.0
KA Pollard,Death,2021,50.0,31,2,5.17,9.67
KA Pollard,Death,2022,41.0,18,1,3.0,13.67
KA Pollard,Middle,2010,197.0,174,14,29.0,6.79
KA Pollard,Middle,2011,266.0,198,8,33.0,8.06
KA Pollard,Middle,2012,278.0,209,10,34.83,7.98
KA Pollard,Middle,2013,176.0,120,4,20.0,8.8
KA Pollard,Middle,2014,141.0,96,1,16.0,8.81
KA Pollard,Middle,2015,75.0,48,2,8.0,9.38
KA Pollard,Middle,2016,47.0,24,0,4.0,11.75
KA Pollard,Middle,2017,15.0,6,0,1.0,15.0
KA Pollard,Middle,2021,235.0,174,8,29.0,8.1
KA Pollard,Middle,2022,84.0,66,3,11.0,7.64
KA Pollard,Powerplay,2010,22.0,12,0,2.0,11.0
KA Pollard,Powerplay,2011,20.0,12,1,2.0,10.0
KA Pollard,Powerplay,2012,6.0,6,0,1.0,6.0
KA Pollard,Powerplay,2014,11.0,6,0,1.0,11.0
KAJ Roach,Death,2010,44.0,18,0,3.0,14.67
KAJ Roach,Middle,2010,16.0,12,0,2.0,8.0
KAJ Roach,Powerplay,2010,20.0,18,0,3.0,6.67
KC Cariappa,Death,2016,5.0,6,1,1.0,5.0
KC Cariappa,Death,2017,18.0,12,1,2.0,9.0
KC Cariappa,Middle,2015,16.0,6,1,1.0,16.0
KC Cariappa,Middle,2016,128.0,78,2,13.0,9.85
KC Cariappa,Middle,2017,102.0,72,3,12.0,8.5
KC Cariappa,Middle,2019,14.0,6,0,1.0,14.0
KC Cariappa,Powerplay,2015,12.0,6,0,1.0,12.0
KC Cariappa,Powerplay,2016,26.0,18,0,3.0,8.67
KC Cariappa,Powerplay,2017,7.0,6,0,1.0,7.0
KC Cariappa,Powerplay,2019,20.0,6,0,1.0,20.0
KH Pandya,Death,2016,11.0,7,1,1.17,9.4
KH Pandya,Death,2017,26.0,24,2,4.0,6.5
KH Pandya,Death,2018,34.0,31,4,5.17,6.58
KH Pandya,Death,2019,45.0,30,2,5.0,9.0
KH Pandya,Death,2021,64.0,44,2,7.33,8.73
KH Pandya,Death,2022,16.0,12,3,2.0,8.0
KH Pandya,Death,2023,10.0,12,0,2.0,5.0
KH Pandya,Death,2024,29.0,18,0,3.0,9.67
KH Pandya,Death,2025,43.0,24,3,4.0,10.75
KH Pandya,Death,2026,35.0,15,2,2.5,14.0
KH Pandya,Middle,2016,179.0,144,6,24.0,7.46
KH Pandya,Middle,2017,237.0,204,6,34.0,6.97
KH Pandya,Middle,2018,153.0,138,7,23.0,6.65
KH Pandya,Middle,2019,211.0,180,7,30.0,7.03
KH Pandya,Middle,2021,442.0,324,4,54.0,8.19
KH Pandya,Middle,2022,166.0,168,7,28.0,5.93
KH Pandya,Middle,2023,153.0,126,7,21.0,7.29
KH Pandya,Middle,2024,173.0,150,6,25.0,6.92
KH Pandya,Middle,2025,279.0,216,12,36.0,7.75
KH Pandya,Middle,2026,371.0,276,12,46.0,8.07
KH Pandya,Powerplay,2016,46.0,36,0,6.0,7.67
KH Pandya,Powerplay,2017,10.0,12,2,2.0,5.0
KH Pandya,Powerplay,2018,97.0,72,3,12.0,8.08
KH Pandya,Powerplay,2019,79.0,66,3,11.0,7.18
KH Pandya,Powerplay,2021,139.0,132,5,22.0,6.32
KH Pandya,Powerplay,2022,83.0,48,1,8.0,10.38
KH Pandya,Powerplay,2023,150.0,114,2,19.0,7.89
KH Pandya,Powerplay,2024,53.0,30,0,5.0,10.6
KH Pandya,Powerplay,2025,57.0,36,2,6.0,9.5
KH Pandya,Powerplay,2026,19.0,12,0,2.0,9.5
KJ Abbott,Death,2016,53.0,24,0,4.0,13.25
KJ Abbott,Middle,2016,52.0,30,2,5.0,10.4
KJ Abbott,Powerplay,2016,72.0,42,0,7.0,10.29
KK Ahmed,Death,2018,14.0,6,0,1.0,14.0
KK Ahmed,Death,2019,66.0,53,8,8.83,7.47
KK Ahmed,Death,2021,146.0,88,7,14.67,9.95
KK Ahmed,Death,2022,126.0,73,6,12.17,10.35
KK Ahmed,Death,2023,131.0,66,7,11.0,11.91
KK Ahmed,Death,2024,134.0,66,7,11.0,12.18
KK Ahmed,Death,2025,113.0,52,6,8.67,13.03
KK Ahmed,Death,2026,26.0,11,0,1.83,14.21
KK Ahmed,Middle,2019,54.0,42,5,7.0,7.71
KK Ahmed,Middle,2021,102.0,78,2,13.0,7.85
KK Ahmed,Middle,2022,79.0,54,6,9.0,8.78
KK Ahmed,Middle,2023,40.0,24,1,4.0,10.0
KK Ahmed,Middle,2024,70.0,48,2,8.0,8.75
KK Ahmed,Middle,2025,4.0,6,0,1.0,4.0
KK Ahmed,Middle,2026,21.0,12,0,2.0,10.5
KK Ahmed,Powerplay,2018,24.0,12,0,2.0,12.0
KK Ahmed,Powerplay,2019,167.0,114,7,19.0,8.79
KK Ahmed,Powerplay,2021,213.0,150,6,25.0,8.52
KK Ahmed,Powerplay,2022,110.0,108,4,18.0,6.11
KK Ahmed,Powerplay,2023,130.0,108,2,18.0,7.22
KK Ahmed,Powerplay,2024,275.0,186,8,31.0,8.87
KK Ahmed,Powerplay,2025,330.0,222,10,37.0,8.92
KK Ahmed,Powerplay,2026,99.0,78,2,13.0,7.62
KK Cooper,Death,2012,95.0,66,6,11.0,8.64
KK Cooper,Death,2013,238.0,156,13,26.0,9.15
KK Cooper,Death,2014,49.0,42,1,7.0,7.0
KK Cooper,Middle,2012,47.0,42,2,7.0,6.71
KK Cooper,Middle,2013,166.0,138,9,23.0,7.22
KK Cooper,Middle,2014,54.0,36,1,6.0,9.0
KK Cooper,Powerplay,2012,32.0,36,2,6.0,5.33
KK Cooper,Powerplay,2013,45.0,30,0,5.0,9.0
KK Cooper,Powerplay,2014,31.0,30,2,5.0,6.2
KL Nagarkoti,Death,2021,58.0,30,1,5.0,11.6
KL Nagarkoti,Middle,2021,169.0,114,4,19.0,8.89
KL Nagarkoti,Middle,2022,13.0,6,0,1.0,13.0
KL Nagarkoti,Powerplay,2021,29.0,24,0,4.0,7.25
KL Nagarkoti,Powerplay,2022,16.0,6,0,1.0,16.0
KM Asif,Death,2018,18.0,6,0,1.0,18.0
KM Asif,Death,2023,44.0,18,0,3.0,14.67
KM Asif,Middle,2018,21.0,6,0,1.0,21.0
KM Asif,Middle,2021,16.0,12,1,2.0,8.0
KM Asif,Middle,2023,59.0,48,3,8.0,7.38
KM Asif,Powerplay,2018,36.0,24,3,4.0,9.0
KM Asif,Powerplay,2023,35.0,18,0,3.0,11.67
KMA Paul,Death,2019,77.0,49,5,8.17,9.42
KMA Paul,Middle,2019,144.0,108,5,18.0,8.0
KMA Paul,Powerplay,2019,16.0,6,0,1.0,16.0
KMDN Kulasekara,Death,2012,30.0,30,2,5.0,6.0
KMDN Kulasekara,Middle,2012,8.0,6,0,1.0,8.0
KMDN Kulasekara,Powerplay,2011,26.0,18,1,3.0,8.67
KMDN Kulasekara,Powerplay,2012,56.0,48,3,8.0,7.0
KP Appanna,Death,2009,13.0,6,0,1.0,13.0
KP Appanna,Death,2010,13.0,6,0,1.0,13.0
KP Appanna,Middle,2009,74.0,66,2,11.0,6.73
KP Appanna,Middle,2010,38.0,36,3,6.0,6.33
KP Appanna,Middle,2012,121.0,84,6,14.0,8.64
KP Appanna,Powerplay,2012,27.0,18,0,3.0,9.0
KP Pietersen,Death,2009,29.0,18,1,3.0,9.67
KP Pietersen,Death,2010,10.0,6,1,1.0,10.0
KP Pietersen,Middle,2009,43.0,48,3,8.0,5.38
KP Pietersen,Middle,2010,67.0,54,2,9.0,7.44
KP Pietersen,Middle,2012,46.0,30,1,5.0,9.2
KP Pietersen,Powerplay,2009,13.0,12,1,2.0,6.5
KP Pietersen,Powerplay,2012,7.0,6,0,1.0,7.0
KR Mayers,Middle,2023,16.0,6,0,1.0,16.0
KR Mayers,Powerplay,2023,43.0,36,0,6.0,7.17
KR Sen,Death,2022,91.0,43,3,7.17,12.69
KR Sen,Death,2024,45.0,18,1,3.0,15.0
KR Sen,Middle,2022,112.0,84,3,14.0,8.0
KR Sen,Middle,2023,26.0,12,0,2.0,13.0
KR Sen,Middle,2024,52.0,42,5,7.0,7.43
KR Sen,Powerplay,2022,34.0,24,2,4.0,8.5
KR Sen,Powerplay,2023,2.0,6,0,1.0,2.0
KR Sen,Powerplay,2024,25.0,12,0,2.0,12.5
KS Williamson,Middle,2021,24.0,12,0,2.0,12.0
KS Williamson,Powerplay,2016,7.0,6,0,1.0,7.0
KT Maphaka,Death,2024,18.0,6,0,1.0,18.0
KT Maphaka,Death,2025,16.0,6,0,1.0,16.0
KT Maphaka,Middle,2024,20.0,6,0,1.0,20.0
KT Maphaka,Middle,2025,11.0,6,0,1.0,11.0
KT Maphaka,Powerplay,2024,51.0,24,1,4.0,12.75
KT Maphaka,Powerplay,2025,27.0,18,1,3.0,9.0
KV Sharma,Death,2013,26.0,17,1,2.83,9.19
KV Sharma,Death,2014,20.0,22,1,3.67,5.45
KV Sharma,Death,2015,20.0,6,0,1.0,20.0
KV Sharma,Death,2016,23.0,8,0,1.33,17.29
KV Sharma,Death,2018,13.0,9,2,1.5,8.67
KV Sharma,Death,2021,46.0,18,1,3.0,15.33
KV Sharma,Death,2023,22.0,12,2,2.0,11.0
KV Sharma,Death,2024,19.0,6,0,1.0,19.0
KV Sharma,Death,2025,15.0,18,2,3.0,5.0
KV Sharma,Middle,2013,181.0,174,11,29.0,6.24
KV Sharma,Middle,2014,284.0,216,13,36.0,7.89
KV Sharma,Middle,2015,285.0,215,11,35.83,7.95
KV Sharma,Middle,2016,148.0,90,1,15.0,9.87
KV Sharma,Middle,2017,149.0,130,9,21.67,6.88
KV Sharma,Middle,2018,76.0,48,2,8.0,9.5
KV Sharma,Middle,2019,20.0,12,0,2.0,10.0
KV Sharma,Middle,2021,119.0,96,4,16.0,7.44
KV Sharma,Middle,2023,201.0,117,9,19.5,10.31
KV Sharma,Middle,2024,235.0,138,7,23.0,10.22
KV Sharma,Middle,2025,113.0,72,5,12.0,9.42
KV Sharma,Powerplay,2013,23.0,18,0,3.0,7.67
KV Sharma,Powerplay,2014,72.0,66,3,11.0,6.55
KV Sharma,Powerplay,2015,27.0,18,0,3.0,9.0
KV Sharma,Powerplay,2017,65.0,54,4,9.0,7.22
KW Richardson,Death,2013,40.0,23,1,3.83,10.44
KW Richardson,Death,2014,113.0,60,5,10.0,11.3
KW Richardson,Death,2016,38.0,24,3,4.0,9.5
KW Richardson,Death,2021,8.0,6,1,1.0,8.0
KW Richardson,Middle,2013,18.0,12,0,2.0,9.0
KW Richardson,Middle,2014,18.0,24,1,4.0,4.5
KW Richardson,Middle,2016,30.0,12,0,2.0,15.0
KW Richardson,Middle,2021,11.0,6,0,1.0,11.0
KW Richardson,Powerplay,2013,43.0,36,1,6.0,7.17
KW Richardson,Powerplay,2014,75.0,78,4,13.0,5.77
KW Richardson,Powerplay,2016,68.0,48,5,8.0,8.5
KW Richardson,Powerplay,2021,10.0,6,0,1.0,10.0
Kamran Khan,Death,2009,53.0,34,5,5.67,9.35
Kamran Khan,Middle,2009,33.0,36,2,6.0,5.5
Kamran Khan,Middle,2010,11.0,6,1,1.0,11.0
Kamran Khan,Middle,2011,10.0,6,0,1.0,10.0
Kamran Khan,Powerplay,2009,53.0,42,3,7.0,7.57
Kamran Khan,Powerplay,2010,42.0,30,3,5.0,8.4
Kamran Khan,Powerplay,2011,37.0,12,0,2.0,18.5
Karanveer Singh,Death,2014,38.0,18,4,3.0,12.67
Karanveer Singh,Death,2015,15.0,6,1,1.0,15.0
Karanveer Singh,Middle,2014,126.0,102,8,17.0,7.41
Karanveer Singh,Middle,2015,116.0,66,1,11.0,10.55
Karanveer Singh,Powerplay,2015,26.0,12,0,2.0,13.0
Karim Janat,Middle,2025,30.0,6,0,1.0,30.0
Kartik Tyagi,Death,2021,164.0,97,7,16.17,10.14
Kartik Tyagi,Death,2022,20.0,12,1,2.0,10.0
Kartik Tyagi,Death,2023,15.0,7,0,1.17,12.82
Kartik Tyagi,Death,2024,19.0,6,0,1.0,19.0
Kartik Tyagi,Death,2026,212.0,120,10,20.0,10.6
Kartik Tyagi,Middle,2021,140.0,102,3,17.0,8.24
Kartik Tyagi,Middle,2022,31.0,24,0,4.0,7.75
Kartik Tyagi,Middle,2023,28.0,12,0,2.0,14.0
Kartik Tyagi,Middle,2024,22.0,12,0,2.0,11.0
Kartik Tyagi,Middle,2026,161.0,120,5,20.0,8.05
Kartik Tyagi,Powerplay,2021,187.0,114,4,19.0,9.84
Kartik Tyagi,Powerplay,2022,28.0,12,0,2.0,14.0
Kartik Tyagi,Powerplay,2023,49.0,18,1,3.0,16.33
Kartik Tyagi,Powerplay,2024,10.0,6,0,1.0,10.0
Kartik Tyagi,Powerplay,2026,125.0,66,4,11.0,11.36
Krish Bhagat,Death,2026,35.0,18,0,3.0,11.67
Krish Bhagat,Powerplay,2026,28.0,18,0,3.0,9.33
Kuldeep Yadav,Death,2016,14.0,12,3,2.0,7.0
Kuldeep Yadav,Death,2017,93.0,60,7,10.0,9.3
Kuldeep Yadav,Death,2018,31.0,18,1,3.0,10.33
Kuldeep Yadav,Death,2019,59.0,36,5,6.0,9.83
Kuldeep Yadav,Death,2021,20.0,18,1,3.0,6.67
Kuldeep Yadav,Death,2022,45.0,34,6,5.67,7.94
Kuldeep Yadav,Death,2023,54.0,48,1,8.0,6.75
Kuldeep Yadav,Death,2024,80.0,48,4,8.0,10.0
Kuldeep Yadav,Death,2025,66.0,60,5,10.0,6.6
Kuldeep Yadav,Death,2026,77.0,36,1,6.0,12.83
Kuldeep Yadav,Middle,2016,86.0,60,4,10.0,8.6
Kuldeep Yadav,Middle,2017,210.0,156,5,26.0,8.08
Kuldeep Yadav,Middle,2018,357.0,266,17,44.33,8.05
Kuldeep Yadav,Middle,2019,227.0,162,0,27.0,8.41
Kuldeep Yadav,Middle,2021,72.0,54,0,9.0,8.0
Kuldeep Yadav,Middle,2022,374.0,264,15,44.0,8.5
Kuldeep Yadav,Middle,2023,307.0,246,9,41.0,7.49
Kuldeep Yadav,Middle,2024,272.0,204,12,34.0,8.0
Kuldeep Yadav,Middle,2025,324.0,258,11,43.0,7.53
Kuldeep Yadav,Middle,2026,304.0,186,9,31.0,9.81
Kuldeep Yadav,Powerplay,2017,37.0,30,0,5.0,7.4
Kuldeep Yadav,Powerplay,2018,30.0,24,0,4.0,7.5
Kuldeep Yadav,Powerplay,2024,20.0,6,0,1.0,20.0
L Ablish,Death,2010,10.0,12,4,2.0,5.0
L Ablish,Death,2011,8.0,6,0,1.0,8.0
L Ablish,Middle,2011,31.0,12,0,2.0,15.5
L Ablish,Powerplay,2010,26.0,12,1,2.0,13.0
L Balaji,Death,2008,145.0,90,8,15.0,9.67
L Balaji,Death,2009,149.0,92,6,15.33,9.72
L Balaji,Death,2010,78.0,38,5,6.33,12.32
L Balaji,Death,2011,151.0,96,5,16.0,9.44
L Balaji,Death,2012,36.0,36,3,6.0,6.0
L Balaji,Death,2013,146.0,72,6,12.0,12.17
L Balaji,Death,2014,148.0,78,6,13.0,11.38
L Balaji,Middle,2008,141.0,108,3,18.0,7.83
L Balaji,Middle,2009,98.0,84,7,14.0,7.0
L Balaji,Middle,2010,62.0,54,2,9.0,6.89
L Balaji,Middle,2011,100.0,74,5,12.33,8.11
L Balaji,Middle,2012,78.0,84,6,14.0,5.57
L Balaji,Middle,2013,95.0,90,5,15.0,6.33
L Balaji,Middle,2014,79.0,66,2,11.0,7.18
L Balaji,Powerplay,2009,69.0,48,1,8.0,8.62
L Balaji,Powerplay,2010,67.0,48,3,8.0,8.38
L Balaji,Powerplay,2011,120.0,96,3,16.0,7.5
L Balaji,Powerplay,2012,48.0,60,3,10.0,4.8
L Balaji,Powerplay,2013,146.0,138,2,23.0,6.35
L Balaji,Powerplay,2014,72.0,60,4,10.0,7.2
L Ngidi,Death,2018,68.0,60,5,10.0,6.8
L Ngidi,Death,2021,146.0,72,9,12.0,12.17
L Ngidi,Death,2025,21.0,12,2,2.0,10.5
L Ngidi,Death,2026,144.0,104,8,17.33,8.31
L Ngidi,Middle,2018,4.0,6,2,1.0,4.0
L Ngidi,Middle,2021,72.0,54,4,9.0,8.0
L Ngidi,Middle,2025,30.0,18,0,3.0,10.0
L Ngidi,Middle,2026,63.0,48,2,8.0,7.88
L Ngidi,Powerplay,2018,84.0,90,6,15.0,5.6
L Ngidi,Powerplay,2021,74.0,42,2,7.0,10.57
L Ngidi,Powerplay,2025,30.0,18,2,3.0,10.0
L Ngidi,Powerplay,2026,133.0,96,4,16.0,8.31
L Wood,Death,2024,45.0,12,0,2.0,22.5
L Wood,Middle,2024,23.0,12,1,2.0,11.5
L Wood,Powerplay,2024,25.0,12,0,2.0,12.5
LA Carseldine,Powerplay,2009,6.0,6,1,1.0,6.0
LB Williams,Death,2024,14.0,6,0,1.0,14.0
LB Williams,Middle,2024,4.0,6,1,1.0,4.0
LB Williams,Powerplay,2024,54.0,24,0,4.0,13.5
LE Plunkett,Death,2018,69.0,48,2,8.0,8.62
LE Plunkett,Middle,2018,85.0,60,1,10.0,8.5
LE Plunkett,Powerplay,2018,71.0,42,1,7.0,10.14
LH Ferguson,Death,2017,23.0,12,0,2.0,11.5
LH Ferguson,Death,2019,85.0,42,1,7.0,12.14
LH Ferguson,Death,2021,127.0,89,9,14.83,8.56
LH Ferguson,Death,2022,171.0,94,6,15.67,10.91
LH Ferguson,Death,2023,37.0,16,1,2.67,13.86
LH Ferguson,Death,2024,79.0,42,3,7.0,11.29
LH Ferguson,Death,2025,31.0,18,2,3.0,10.33
LH Ferguson,Death,2026,56.0,24,0,4.0,14.0
LH Ferguson,Middle,2017,19.0,36,4,6.0,3.17
LH Ferguson,Middle,2019,30.0,18,0,3.0,10.0
LH Ferguson,Middle,2021,152.0,126,7,21.0,7.24
LH Ferguson,Middle,2022,181.0,138,4,23.0,7.87
LH Ferguson,Middle,2023,39.0,18,0,3.0,13.0
LH Ferguson,Middle,2024,114.0,78,5,13.0,8.77
LH Ferguson,Middle,2025,48.0,30,3,5.0,9.6
LH Ferguson,Middle,2026,19.0,12,0,2.0,9.5
LH Ferguson,Powerplay,2017,51.0,30,1,5.0,10.2
LH Ferguson,Powerplay,2019,68.0,42,1,7.0,9.71
LH Ferguson,Powerplay,2021,95.0,87,7,14.5,6.55
LH Ferguson,Powerplay,2022,75.0,54,6,9.0,8.33
LH Ferguson,Powerplay,2023,20.0,12,0,2.0,10.0
LH Ferguson,Powerplay,2024,62.0,24,2,4.0,15.5
LH Ferguson,Powerplay,2025,25.0,20,1,3.33,7.51
LH Ferguson,Powerplay,2026,66.0,30,1,5.0,13.2
LI Meriwala,Middle,2021,4.0,6,1,1.0,4.0
LI Meriwala,Powerplay,2021,28.0,12,0,2.0,14.0
LJ Wright,Death,2013,45.0,23,1,3.83,11.75
LJ Wright,Middle,2012,12.0,6,0,1.0,12.0
LJ Wright,Middle,2013,55.0,36,1,6.0,9.17
LJ Wright,Powerplay,2012,12.0,6,0,1.0,12.0
LMP Simmons,Death,2014,24.0,12,1,2.0,12.0
LMP Simmons,Middle,2014,10.0,6,0,1.0,10.0
LPC Silva,Death,2008,21.0,6,0,1.0,21.0
LR Shukla,Death,2008,50.0,30,6,5.0,10.0
LR Shukla,Death,2009,29.0,18,1,3.0,9.67
LR Shukla,Death,2010,38.0,24,1,4.0,9.5
LR Shukla,Death,2012,5.0,6,1,1.0,5.0
LR Shukla,Middle,2008,74.0,42,0,7.0,10.57
LR Shukla,Middle,2009,64.0,60,4,10.0,6.4
LR Shukla,Middle,2010,43.0,36,2,6.0,7.17
LR Shukla,Middle,2012,7.0,6,0,1.0,7.0
LR Shukla,Middle,2013,22.0,18,1,3.0,7.33
LR Shukla,Middle,2014,65.0,48,1,8.0,8.12
LR Shukla,Powerplay,2009,7.0,6,0,1.0,7.0
LR Shukla,Powerplay,2010,25.0,12,0,2.0,12.5
LR Shukla,Powerplay,2014,18.0,8,0,1.33,13.53
LRPL Taylor,Middle,2009,13.0,6,0,1.0,13.0
LRPL Taylor,Middle,2011,11.0,6,0,1.0,11.0
LS Livingstone,Death,2022,21.0,12,0,2.0,10.5
LS Livingstone,Death,2025,7.0,12,1,2.0,3.5
LS Livingstone,Middle,2019,13.0,6,0,1.0,13.0
LS Livingstone,Middle,2022,171.0,114,5,19.0,9.0
LS Livingstone,Middle,2023,94.0,42,2,7.0,13.43
LS Livingstone,Middle,2024,77.0,66,3,11.0,7.0
LS Livingstone,Middle,2025,69.0,42,1,7.0,9.86
LS Livingstone,Powerplay,2022,10.0,12,1,2.0,5.0
LS Livingstone,Powerplay,2024,7.0,6,0,1.0,7.0
Lalit Yadav,Death,2022,22.0,12,1,2.0,11.0
Lalit Yadav,Death,2023,24.0,12,0,2.0,12.0
Lalit Yadav,Middle,2021,91.0,78,3,13.0,7.0
Lalit Yadav,Middle,2022,80.0,54,2,9.0,8.89
Lalit Yadav,Middle,2023,55.0,36,3,6.0,9.17
Lalit Yadav,Powerplay,2021,10.0,6,1,1.0,10.0
Lalit Yadav,Powerplay,2022,48.0,42,1,7.0,6.86
Lalit Yadav,Powerplay,2023,39.0,30,0,5.0,7.8
Lalit Yadav,Powerplay,2024,56.0,18,0,3.0,18.67
M Ashwin,Death,2016,75.0,51,3,8.5,8.82
M Ashwin,Death,2018,19.0,12,0,2.0,9.5
M Ashwin,Death,2019,17.0,12,1,2.0,8.5
M Ashwin,Death,2021,64.0,39,3,6.5,9.85
M Ashwin,Death,2022,3.0,6,0,1.0,3.0
M Ashwin,Death,2023,11.0,6,0,1.0,11.0
M Ashwin,Middle,2016,134.0,108,4,18.0,7.44
M Ashwin,Middle,2018,34.0,30,3,5.0,6.8
M Ashwin,Middle,2019,229.0,186,4,31.0,7.39
M Ashwin,Middle,2021,239.0,198,8,33.0,7.24
M Ashwin,Middle,2022,156.0,114,7,19.0,8.21
M Ashwin,Middle,2023,42.0,18,0,3.0,14.0
M Ashwin,Powerplay,2016,32.0,12,0,2.0,16.0
M Ashwin,Powerplay,2019,9.0,6,0,1.0,9.0
M Ashwin,Powerplay,2021,29.0,18,0,3.0,9.67
M Ashwin,Powerplay,2022,69.0,54,2,9.0,7.67
M Jansen,Death,2021,6.0,6,1,1.0,6.0
M Jansen,Death,2022,41.0,18,1,3.0,13.67
M Jansen,Death,2023,17.0,6,0,1.0,17.0
M Jansen,Death,2024,15.0,6,0,1.0,15.0
M Jansen,Death,2025,92.0,55,8,9.17,10.03
M Jansen,Death,2026,158.0,80,4,13.33,11.85
M Jansen,Middle,2021,9.0,12,2,2.0,4.5
M Jansen,Middle,2022,78.0,48,1,8.0,9.75
M Jansen,Middle,2023,84.0,42,3,7.0,12.0
M Jansen,Middle,2024,66.0,30,0,5.0,13.2
M Jansen,Middle,2025,156.0,108,4,18.0,8.67
M Jansen,Middle,2026,144.0,96,3,16.0,9.0
M Jansen,Powerplay,2021,30.0,18,0,3.0,10.0
M Jansen,Powerplay,2022,155.0,126,5,21.0,7.38
M Jansen,Powerplay,2023,166.0,114,7,19.0,8.74
M Jansen,Powerplay,2024,48.0,24,2,4.0,12.0
M Jansen,Powerplay,2025,186.0,120,4,20.0,9.3
M Jansen,Powerplay,2026,181.0,108,2,18.0,10.06
M Kartik,Death,2008,18.0,10,2,1.67,10.78
M Kartik,Death,2009,33.0,24,0,4.0,8.25
M Kartik,Death,2010,67.0,54,3,9.0,7.44
M Kartik,Death,2011,33.0,18,0,3.0,11.0
M Kartik,Death,2012,10.0,6,0,1.0,10.0
M Kartik,Death,2013,37.0,36,3,6.0,6.17
M Kartik,Death,2014,8.0,6,0,1.0,8.0
M Kartik,Middle,2008,109.0,78,3,13.0,8.38
M Kartik,Middle,2009,143.0,156,4,26.0,5.5
M Kartik,Middle,2010,146.0,150,4,25.0,5.84
M Kartik,Middle,2011,95.0,72,0,12.0,7.92
M Kartik,Middle,2012,187.0,144,3,24.0,7.79
M Kartik,Middle,2013,224.0,180,7,30.0,7.47
M Kartik,Middle,2014,70.0,36,2,6.0,11.67
M Kartik,Powerplay,2009,25.0,24,1,4.0,6.25
M Kartik,Powerplay,2010,40.0,30,3,5.0,8.0
M Kartik,Powerplay,2011,38.0,35,2,5.83,6.52
M Kartik,Powerplay,2012,69.0,66,1,11.0,6.27
M Kartik,Powerplay,2013,23.0,18,1,3.0,7.67
M Kartik,Powerplay,2014,13.0,6,0,1.0,13.0
M Manhas,Death,2011,8.0,6,0,1.0,8.0
M Manhas,Middle,2011,34.0,36,0,6.0,5.67
M Markande,Death,2018,60.0,42,1,7.0,8.57
M Markande,Death,2023,60.0,36,2,6.0,10.0
M Markande,Death,2024,57.0,18,0,3.0,19.0
M Markande,Middle,2018,308.0,222,14,37.0,8.32
M Markande,Middle,2019,59.0,36,1,6.0,9.83
M Markande,Middle,2021,26.0,18,0,3.0,8.67
M Markande,Middle,2022,57.0,42,1,7.0,8.14
M Markande,Middle,2023,240.0,192,10,32.0,7.5
M Markande,Middle,2024,202.0,114,8,19.0,10.63
M Markande,Middle,2026,76.0,30,0,5.0,15.2
M Morkel,Death,2009,1.0,6,1,1.0,1.0
M Morkel,Death,2010,13.0,6,0,1.0,13.0
M Morkel,Death,2011,81.0,60,8,10.0,8.1
M Morkel,Death,2012,186.0,144,16,24.0,7.75
M Morkel,Death,2013,126.0,66,3,11.0,11.45
M Morkel,Death,2014,66.0,36,4,6.0,11.0
M Morkel,Death,2015,45.0,30,4,5.0,9.0
M Morkel,Death,2016,74.0,42,4,7.0,10.57
M Morkel,Middle,2009,9.0,6,0,1.0,9.0
M Morkel,Middle,2010,20.0,18,0,3.0,6.67
M Morkel,Middle,2011,78.0,66,2,11.0,7.09
M Morkel,Middle,2012,55.0,36,3,6.0,9.17
M Morkel,Middle,2013,90.0,78,2,13.0,6.92
M Morkel,Middle,2014,81.0,60,2,10.0,8.1
M Morkel,Middle,2015,33.0,30,2,5.0,6.6
M Morkel,Middle,2016,54.0,39,0,6.5,8.31
M Morkel,Powerplay,2009,30.0,30,0,5.0,6.0
M Morkel,Powerplay,2010,33.0,18,0,3.0,11.0
M Morkel,Powerplay,2011,166.0,132,4,22.0,7.55
M Morkel,Powerplay,2012,212.0,198,11,33.0,6.42
M Morkel,Powerplay,2013,119.0,96,3,16.0,7.44
M Morkel,Powerplay,2014,220.0,192,7,32.0,6.88
M Morkel,Powerplay,2015,128.0,108,6,18.0,7.11
M Morkel,Powerplay,2016,169.0,132,6,22.0,7.68
M Muralitharan,Death,2008,90.0,72,5,12.0,7.5
M Muralitharan,Death,2009,30.0,42,5,7.0,4.29
M Muralitharan,Death,2010,81.0,72,7,12.0,6.75
M Muralitharan,Death,2011,41.0,23,1,3.83,10.7
M Muralitharan,Death,2012,86.0,48,4,8.0,10.75
M Muralitharan,Death,2013,45.0,18,1,3.0,15.0
M Muralitharan,Middle,2008,307.0,270,6,45.0,6.82
M Muralitharan,Middle,2009,217.0,234,10,39.0,5.56
M Muralitharan,Middle,2010,224.0,192,8,32.0,7.0
M Muralitharan,Middle,2011,84.0,67,1,11.17,7.52
M Muralitharan,Middle,2012,159.0,180,11,30.0,5.3
M Muralitharan,Middle,2013,101.0,102,2,17.0,5.94
M Muralitharan,Middle,2014,82.0,60,3,10.0,8.2
M Muralitharan,Powerplay,2008,7.0,6,0,1.0,7.0
M Muralitharan,Powerplay,2009,14.0,24,1,4.0,3.5
M Muralitharan,Powerplay,2010,34.0,28,1,4.67,7.28
M Muralitharan,Powerplay,2011,16.0,24,0,4.0,4.0
M Muralitharan,Powerplay,2012,15.0,12,0,2.0,7.5
M Muralitharan,Powerplay,2013,31.0,18,0,3.0,10.33
M Muralitharan,Powerplay,2014,42.0,36,1,6.0,7.0
M Ntini,Death,2008,52.0,36,3,6.0,8.67
M Ntini,Middle,2008,22.0,18,0,3.0,7.33
M Ntini,Powerplay,2008,168.0,156,5,26.0,6.46
M Pathirana,Death,2022,27.0,17,0,2.83,9.54
M Pathirana,Death,2023,236.0,176,22,29.33,8.05
M Pathirana,Death,2024,98.0,66,5,11.0,8.91
M Pathirana,Death,2025,253.0,143,12,23.83,10.62
M Pathirana,Middle,2022,25.0,24,2,4.0,6.25
M Pathirana,Middle,2023,135.0,102,1,17.0,7.94
M Pathirana,Middle,2024,71.0,66,8,11.0,6.45
M Pathirana,Middle,2025,171.0,108,3,18.0,9.5
M Pathirana,Powerplay,2026,9.0,8,0,1.33,6.77
M Prasidh Krishna,Death,2018,126.0,84,12,14.0,9.0
M Prasidh Krishna,Death,2019,150.0,74,1,12.33,12.17
M Prasidh Krishna,Death,2021,176.0,99,6,16.5,10.67
M Prasidh Krishna,Death,2022,238.0,135,8,22.5,10.58
M Prasidh Krishna,Death,2025,179.0,108,16,18.0,9.94
M Prasidh Krishna,Death,2026,124.0,60,5,10.0,12.4
M Prasidh Krishna,Middle,2018,29.0,18,0,3.0,9.67
M Prasidh Krishna,Middle,2019,59.0,48,1,8.0,7.38
M Prasidh Krishna,Middle,2021,154.0,111,8,18.5,8.32
M Prasidh Krishna,Middle,2022,76.0,48,2,8.0,9.5
M Prasidh Krishna,Middle,2025,189.0,168,7,28.0,6.75
M Prasidh Krishna,Middle,2026,255.0,162,13,27.0,9.44
M Prasidh Krishna,Powerplay,2018,105.0,66,0,11.0,9.55
M Prasidh Krishna,Powerplay,2019,178.0,126,3,21.0,8.48
M Prasidh Krishna,Powerplay,2021,185.0,126,2,21.0,8.81
M Prasidh Krishna,Powerplay,2022,237.0,216,11,36.0,6.58
M Prasidh Krishna,Powerplay,2025,120.0,78,3,13.0,9.23
M Prasidh Krishna,Powerplay,2026,28.0,12,0,2.0,14.0
M Shahrukh Khan,Death,2024,7.0,6,0,1.0,7.0
M Shahrukh Khan,Middle,2024,8.0,6,0,1.0,8.0
M Shahrukh Khan,Middle,2025,13.0,6,1,1.0,13.0
M Siddharth,Death,2026,43.0,24,3,4.0,10.75
M Siddharth,Middle,2024,9.0,6,0,1.0,9.0
M Siddharth,Middle,2025,50.0,30,1,5.0,10.0
M Siddharth,Middle,2026,86.0,54,3,9.0,9.56
M Siddharth,Powerplay,2024,62.0,48,1,8.0,7.75
M Siddharth,Powerplay,2025,17.0,12,1,2.0,8.5
M Siddharth,Powerplay,2026,16.0,12,0,2.0,8.0
M Theekshana,Death,2022,42.0,42,4,7.0,6.0
M Theekshana,Death,2023,80.0,60,4,10.0,8.0
M Theekshana,Death,2024,14.0,6,0,1.0,14.0
M Theekshana,Death,2025,100.0,48,4,8.0,12.5
M Theekshana,Middle,2022,100.0,78,2,13.0,7.69
M Theekshana,Middle,2023,191.0,150,4,25.0,7.64
M Theekshana,Middle,2024,71.0,66,2,11.0,6.45
M Theekshana,Middle,2025,165.0,114,6,19.0,8.68
M Theekshana,Powerplay,2022,119.0,90,6,15.0,7.93
M Theekshana,Powerplay,2023,121.0,84,3,14.0,8.64
M Theekshana,Powerplay,2024,59.0,48,0,8.0,7.38
M Theekshana,Powerplay,2025,145.0,90,1,15.0,9.67
M Tiwari,Death,2026,22.0,12,2,2.0,11.0
M Tiwari,Middle,2025,14.0,6,0,1.0,14.0
M Tiwari,Middle,2026,65.0,48,2,8.0,8.12
M Vijay,Middle,2014,13.0,6,0,1.0,13.0
M Vijay,Middle,2015,28.0,24,0,4.0,7.0
M Vijay,Powerplay,2016,8.0,6,0,1.0,8.0
M de Lange,Death,2012,28.0,12,1,2.0,14.0
M de Lange,Death,2014,7.0,6,1,1.0,7.0
M de Lange,Death,2015,25.0,12,1,2.0,12.5
M de Lange,Middle,2012,17.0,6,0,1.0,17.0
M de Lange,Middle,2014,11.0,12,1,2.0,5.5
M de Lange,Powerplay,2012,62.0,42,2,7.0,8.86
M de Lange,Powerplay,2014,14.0,6,0,1.0,14.0
M de Lange,Powerplay,2015,5.0,12,0,2.0,2.5
MA Khote,Death,2008,23.0,12,1,2.0,11.5
MA Khote,Middle,2008,28.0,18,1,3.0,9.33
MA Starc,Death,2014,177.0,124,10,20.67,8.56
MA Starc,Death,2015,78.0,78,12,13.0,6.0
MA Starc,Death,2024,134.0,65,9,10.83,12.37
MA Starc,Death,2025,87.0,54,9,9.0,9.67
MA Starc,Death,2026,63.0,36,8,6.0,10.5
MA Starc,Middle,2014,39.0,30,1,5.0,7.8
MA Starc,Middle,2015,67.0,54,7,9.0,7.44
MA Starc,Middle,2024,18.0,12,0,2.0,9.0
MA Starc,Middle,2025,42.0,36,2,6.0,7.0
MA Starc,Middle,2026,47.0,30,3,5.0,9.4
MA Starc,Powerplay,2014,186.0,168,6,28.0,6.64
MA Starc,Powerplay,2015,146.0,126,3,21.0,6.95
MA Starc,Powerplay,2024,292.0,174,11,29.0,10.07
MA Starc,Powerplay,2025,271.0,143,8,23.83,11.37
MA Starc,Powerplay,2026,114.0,66,2,11.0,10.36
MA Wood,Death,2018,36.0,12,0,2.0,18.0
MA Wood,Death,2023,76.0,42,7,7.0,10.86
MA Wood,Middle,2018,13.0,12,0,2.0,6.5
MA Wood,Middle,2023,19.0,30,2,5.0,3.8
MA Wood,Powerplay,2023,35.0,24,2,4.0,8.75
MB Parmar,Middle,2010,19.0,12,0,2.0,9.5
MB Parmar,Powerplay,2010,14.0,6,0,1.0,14.0
MC Henriques,Death,2009,35.0,24,1,4.0,8.75
MC Henriques,Death,2010,23.0,12,0,2.0,11.5
MC Henriques,Death,2013,22.0,7,0,1.17,18.8
MC Henriques,Death,2014,14.0,12,3,2.0,7.0
MC Henriques,Death,2015,19.0,12,0,2.0,9.5
MC Henriques,Death,2016,27.0,18,1,3.0,9.0
MC Henriques,Death,2017,12.0,7,0,1.17,10.26
MC Henriques,Death,2021,5.0,6,0,1.0,5.0
MC Henriques,Middle,2009,42.0,31,1,5.17,8.12
MC Henriques,Middle,2010,12.0,12,1,2.0,6.0
MC Henriques,Middle,2013,59.0,36,4,6.0,9.83
MC Henriques,Middle,2014,31.0,30,1,5.0,6.2
MC Henriques,Middle,2015,114.0,108,7,18.0,6.33
MC Henriques,Middle,2016,380.0,288,13,48.0,7.92
MC Henriques,Middle,2017,203.0,120,2,20.0,10.15
MC Henriques,Middle,2021,16.0,24,3,4.0,4.0
MC Henriques,Powerplay,2009,30.0,18,0,3.0,10.0
MC Henriques,Powerplay,2013,104.0,84,4,14.0,7.43
MC Henriques,Powerplay,2014,51.0,18,0,3.0,17.0
MC Henriques,Powerplay,2015,25.0,30,4,5.0,5.0
MC Henriques,Powerplay,2016,8.0,6,0,1.0,8.0
MC Henriques,Powerplay,2017,33.0,17,0,2.83,11.66
MC Henriques,Powerplay,2021,24.0,30,1,5.0,4.8
MD Shanaka,Death,2026,6.0,6,0,1.0,6.0
MD Shanaka,Middle,2026,54.0,30,1,5.0,10.8
MF Maharoof,Death,2008,98.0,66,10,11.0,8.91
MF Maharoof,Death,2009,17.0,12,1,2.0,8.5
MF Maharoof,Death,2010,38.0,24,2,4.0,9.5
MF Maharoof,Middle,2008,116.0,114,8,19.0,6.11
MF Maharoof,Middle,2009,25.0,24,1,4.0,6.25
MF Maharoof,Middle,2010,18.0,12,0,2.0,9.0
MF Maharoof,Powerplay,2008,35.0,36,1,6.0,5.83
MF Maharoof,Powerplay,2009,23.0,24,2,4.0,5.75
MF Maharoof,Powerplay,2010,150.0,108,8,18.0,8.33
MG Bracewell,Middle,2023,82.0,54,3,9.0,9.11
MG Bracewell,Powerplay,2023,13.0,12,3,2.0,6.5
MG Johnson,Death,2013,116.0,78,5,13.0,8.92
MG Johnson,Death,2014,152.0,105,11,17.5,8.69
MG Johnson,Death,2015,88.0,41,4,6.83,12.88
MG Johnson,Death,2016,22.0,12,2,2.0,11.0
MG Johnson,Death,2017,32.0,24,6,4.0,8.0
MG Johnson,Death,2018,66.0,42,2,7.0,9.43
MG Johnson,Middle,2013,107.0,72,3,12.0,8.92
MG Johnson,Middle,2014,48.0,42,0,7.0,6.86
MG Johnson,Middle,2015,126.0,102,3,17.0,7.41
MG Johnson,Middle,2016,30.0,18,1,3.0,10.0
MG Johnson,Middle,2017,40.0,36,1,6.0,6.67
MG Johnson,Middle,2018,64.0,42,0,7.0,9.14
MG Johnson,Powerplay,2013,236.0,234,16,39.0,6.05
MG Johnson,Powerplay,2014,244.0,174,6,29.0,8.41
MG Johnson,Powerplay,2015,128.0,75,4,12.5,10.24
MG Johnson,Powerplay,2016,54.0,36,0,6.0,9.0
MG Johnson,Powerplay,2017,69.0,60,2,10.0,6.9
MG Johnson,Powerplay,2018,86.0,42,0,7.0,12.29
MG Neser,Death,2013,33.0,12,0,2.0,16.5
MG Neser,Middle,2013,11.0,6,0,1.0,11.0
MG Neser,Powerplay,2013,18.0,6,0,1.0,18.0
MJ Clarke,Death,2012,9.0,6,0,1.0,9.0
MJ Clarke,Middle,2012,58.0,60,3,10.0,5.8
MJ Henry,Death,2017,35.0,12,2,2.0,17.5
MJ Henry,Death,2024,10.0,6,0,1.0,10.0
MJ Henry,Death,2026,12.0,6,1,1.0,12.0
MJ Henry,Middle,2024,8.0,6,0,1.0,8.0
MJ Henry,Middle,2026,41.0,18,0,3.0,13.67
MJ Henry,Powerplay,2017,36.0,18,0,3.0,12.0
MJ Henry,Powerplay,2024,92.0,60,1,10.0,9.2
MJ Henry,Powerplay,2026,77.0,36,1,6.0,12.83
MJ McClenaghan,Death,2015,123.0,84,9,14.0,8.79
MJ McClenaghan,Death,2016,157.0,104,11,17.33,9.06
MJ McClenaghan,Death,2017,190.0,120,9,20.0,9.5
MJ McClenaghan,Death,2018,89.0,42,4,7.0,12.71
MJ McClenaghan,Death,2019,27.0,18,1,3.0,9.0
MJ McClenaghan,Middle,2015,73.0,48,4,8.0,9.12
MJ McClenaghan,Middle,2016,75.0,60,2,10.0,7.5
MJ McClenaghan,Middle,2017,126.0,60,1,10.0,12.6
MJ McClenaghan,Middle,2018,57.0,48,2,8.0,7.12
MJ McClenaghan,Middle,2019,36.0,36,0,6.0,6.0
MJ McClenaghan,Powerplay,2015,190.0,150,5,25.0,7.6
MJ McClenaghan,Powerplay,2016,204.0,156,5,26.0,7.85
MJ McClenaghan,Powerplay,2017,191.0,144,10,24.0,7.96
MJ McClenaghan,Powerplay,2018,186.0,150,10,25.0,7.44
MJ McClenaghan,Powerplay,2019,79.0,54,2,9.0,8.78
MJ Santner,Death,2019,10.0,12,1,2.0,5.0
MJ Santner,Death,2023,7.0,6,0,1.0,7.0
MJ Santner,Death,2025,57.0,27,3,4.5,12.67
MJ Santner,Death,2026,7.0,6,1,1.0,7.0
MJ Santner,Middle,2019,47.0,48,1,8.0,5.88
MJ Santner,Middle,2021,31.0,30,2,5.0,6.2
MJ Santner,Middle,2022,80.0,72,4,12.0,6.67
MJ Santner,Middle,2023,56.0,54,3,9.0,6.22
MJ Santner,Middle,2024,44.0,30,3,5.0,8.8
MJ Santner,Middle,2025,221.0,186,7,31.0,7.13
MJ Santner,Middle,2026,77.0,60,3,10.0,7.7
MJ Santner,Powerplay,2019,37.0,24,2,4.0,9.25
MJ Santner,Powerplay,2021,22.0,12,0,2.0,11.0
MJ Santner,Powerplay,2022,50.0,42,0,7.0,7.14
MJ Santner,Powerplay,2023,18.0,12,0,2.0,9.0
MJ Santner,Powerplay,2024,20.0,24,0,4.0,5.0
MJ Santner,Powerplay,2025,35.0,24,0,4.0,8.75
MJ Santner,Powerplay,2026,41.0,18,1,3.0,13.67
MJ Suthar,Death,2026,34.0,18,1,3.0,11.33
MJ Suthar,Middle,2026,34.0,18,1,3.0,11.33
MJ Suthar,Powerplay,2024,26.0,12,0,2.0,13.0
MK Lomror,Middle,2018,27.0,18,0,3.0,9.0
MK Lomror,Middle,2021,36.0,30,0,5.0,7.2
MK Lomror,Middle,2022,18.0,12,0,2.0,9.0
MK Lomror,Middle,2023,17.0,12,1,2.0,8.5
MK Lomror,Middle,2024,18.0,6,0,1.0,18.0
MK Lomror,Powerplay,2021,11.0,12,1,2.0,5.5
MK Tiwary,Death,2010,11.0,6,1,1.0,11.0
MK Tiwary,Death,2014,17.0,6,0,1.0,17.0
MK Tiwary,Middle,2009,11.0,6,0,1.0,11.0
MK Tiwary,Middle,2011,23.0,12,0,2.0,11.5
MK Tiwary,Middle,2014,11.0,6,0,1.0,11.0
MK Tiwary,Middle,2018,10.0,6,0,1.0,10.0
MM Ali,Death,2019,34.0,18,1,3.0,11.33
MM Ali,Death,2021,11.0,14,0,2.33,4.72
MM Ali,Death,2022,4.0,6,0,1.0,4.0
MM Ali,Death,2023,3.0,6,1,1.0,3.0
MM Ali,Death,2024,19.0,12,1,2.0,9.5
MM Ali,Middle,2018,83.0,66,5,11.0,7.55
MM Ali,Middle,2019,118.0,114,6,19.0,6.21
MM Ali,Middle,2021,192.0,168,8,28.0,6.86
MM Ali,Middle,2022,147.0,125,8,20.83,7.06
MM Ali,Middle,2023,182.0,138,6,23.0,7.91
MM Ali,Middle,2024,52.0,36,1,6.0,8.67
MM Ali,Middle,2025,95.0,54,3,9.0,10.56
MM Ali,Powerplay,2018,13.0,12,0,2.0,6.5
MM Ali,Powerplay,2019,17.0,18,0,3.0,5.67
MM Ali,Powerplay,2022,7.0,12,0,2.0,3.5
MM Ali,Powerplay,2023,10.0,12,2,2.0,5.0
MM Ali,Powerplay,2025,41.0,42,3,7.0,5.86
MM Patel,Death,2008,101.0,60,3,10.0,10.1
MM Patel,Death,2009,98.0,47,7,7.83,12.52
MM Patel,Death,2010,10.0,12,2,2.0,5.0
MM Patel,Death,2011,127.0,74,8,12.33,10.3
MM Patel,Death,2012,151.0,82,6,13.67,11.05
MM Patel,Death,2013,52.0,30,2,5.0,10.4
MM Patel,Middle,2008,102.0,108,10,18.0,5.67
MM Patel,Middle,2009,76.0,78,4,13.0,5.85
MM Patel,Middle,2010,19.0,18,3,3.0,6.33
MM Patel,Middle,2011,94.0,90,4,15.0,6.27
MM Patel,Middle,2012,36.0,48,2,8.0,4.5
MM Patel,Middle,2013,20.0,18,0,3.0,6.67
MM Patel,Middle,2017,50.0,36,1,6.0,8.33
MM Patel,Powerplay,2008,217.0,162,3,27.0,8.04
MM Patel,Powerplay,2009,67.0,84,7,14.0,4.79
MM Patel,Powerplay,2010,89.0,48,0,8.0,11.12
MM Patel,Powerplay,2011,137.0,162,10,27.0,5.07
MM Patel,Powerplay,2012,180.0,150,9,25.0,7.2
MM Patel,Powerplay,2013,65.0,42,1,7.0,9.29
MM Patel,Powerplay,2017,7.0,6,0,1.0,7.0
MM Sharma,Death,2013,26.0,16,2,2.67,9.74
MM Sharma,Death,2014,213.0,125,16,20.83,10.23
MM Sharma,Death,2015,125.0,84,7,14.0,8.93
MM Sharma,Death,2016,171.0,111,13,18.5,9.24
MM Sharma,Death,2017,172.0,106,5,17.67,9.73
MM Sharma,Death,2018,135.0,64,2,10.67,12.65
MM Sharma,Death,2019,16.0,6,1,1.0,16.0
MM Sharma,Death,2021,17.0,6,0,1.0,17.0
MM Sharma,Death,2023,168.0,115,18,19.17,8.76
MM Sharma,Death,2024,214.0,114,11,19.0,11.26
MM Sharma,Death,2025,124.0,60,0,10.0,12.4
MM Sharma,Middle,2013,71.0,72,4,12.0,5.92
MM Sharma,Middle,2014,74.0,78,4,13.0,5.69
MM Sharma,Middle,2015,113.0,96,3,16.0,7.06
MM Sharma,Middle,2016,103.0,78,0,13.0,7.92
MM Sharma,Middle,2017,96.0,72,5,12.0,8.0
MM Sharma,Middle,2018,56.0,30,1,5.0,11.2
MM Sharma,Middle,2019,10.0,6,0,1.0,10.0
MM Sharma,Middle,2021,14.0,6,0,1.0,14.0
MM Sharma,Middle,2023,165.0,132,13,22.0,7.5
MM Sharma,Middle,2024,160.0,96,4,16.0,10.0
MM Sharma,Middle,2025,108.0,72,2,12.0,9.0
MM Sharma,Powerplay,2013,229.0,216,15,36.0,6.36
MM Sharma,Powerplay,2014,165.0,120,6,20.0,8.25
MM Sharma,Powerplay,2015,243.0,162,5,27.0,9.0
MM Sharma,Powerplay,2016,133.0,102,3,17.0,7.82
MM Sharma,Powerplay,2017,142.0,96,3,16.0,8.88
MM Sharma,Powerplay,2018,131.0,84,4,14.0,9.36
MM Sharma,Powerplay,2019,1.0,6,0,1.0,1.0
MM Sharma,Powerplay,2021,14.0,12,1,2.0,7.0
MM Sharma,Powerplay,2023,28.0,18,0,3.0,9.33
MM Sharma,Powerplay,2024,51.0,24,1,4.0,12.75
MM Sharma,Powerplay,2025,25.0,18,0,3.0,8.33
MN Samuels,Death,2012,72.0,46,5,7.67,9.39
MN Samuels,Death,2013,15.0,6,0,1.0,15.0
MN Samuels,Middle,2012,78.0,60,1,10.0,7.8
MN Samuels,Middle,2013,4.0,6,1,1.0,4.0
MN Samuels,Middle,2017,34.0,18,0,3.0,11.33
MN Samuels,Powerplay,2012,66.0,66,3,11.0,6.0
MN Samuels,Powerplay,2013,15.0,12,0,2.0,7.5
MP Stoinis,Death,2016,21.0,18,3,3.0,7.0
MP Stoinis,Death,2017,38.0,15,0,2.5,15.2
MP Stoinis,Death,2018,20.0,6,0,1.0,20.0
MP Stoinis,Death,2019,44.0,16,0,2.67,16.48
MP Stoinis,Death,2021,134.0,70,8,11.67,11.48
MP Stoinis,Death,2022,32.0,12,2,2.0,16.0
MP Stoinis,Death,2023,22.0,12,2,2.0,11.0
MP Stoinis,Death,2024,15.0,6,1,1.0,15.0
MP Stoinis,Death,2025,28.0,9,0,1.5,18.67
MP Stoinis,Death,2026,33.0,11,0,1.83,18.03
MP Stoinis,Middle,2016,96.0,78,5,13.0,7.38
MP Stoinis,Middle,2017,58.0,42,1,7.0,8.29
MP Stoinis,Middle,2018,89.0,54,3,9.0,9.89
MP Stoinis,Middle,2019,101.0,84,2,14.0,7.21
MP Stoinis,Middle,2021,199.0,121,3,20.17,9.87
MP Stoinis,Middle,2022,47.0,30,2,5.0,9.4
MP Stoinis,Middle,2023,46.0,36,2,6.0,7.67
MP Stoinis,Middle,2024,82.0,54,3,9.0,9.11
MP Stoinis,Middle,2025,127.0,66,0,11.0,11.55
MP Stoinis,Middle,2026,65.0,36,2,6.0,10.83
MP Stoinis,Powerplay,2016,77.0,42,1,7.0,11.0
MP Stoinis,Powerplay,2017,14.0,6,1,1.0,14.0
MP Stoinis,Powerplay,2018,11.0,6,0,1.0,11.0
MP Stoinis,Powerplay,2021,67.0,54,4,9.0,7.44
MP Stoinis,Powerplay,2023,32.0,17,1,2.83,11.31
MP Stoinis,Powerplay,2024,29.0,24,1,4.0,7.25
MP Stoinis,Powerplay,2025,20.0,10,1,1.67,11.98
MP Yadav,Death,2024,3.0,7,2,1.17,2.56
MP Yadav,Death,2025,20.0,12,1,2.0,10.0
MP Yadav,Death,2026,33.0,18,0,3.0,11.0
MP Yadav,Middle,2024,63.0,54,4,9.0,7.0
MP Yadav,Middle,2025,25.0,12,0,2.0,12.5
MP Yadav,Middle,2026,131.0,60,0,10.0,13.1
MP Yadav,Powerplay,2024,19.0,12,2,2.0,9.5
MP Yadav,Powerplay,2025,55.0,24,1,4.0,13.75
MP Yadav,Powerplay,2026,18.0,18,0,3.0,6.0
MR Marsh,Death,2010,32.0,18,1,3.0,10.67
MR Marsh,Death,2011,24.0,24,5,4.0,6.0
MR Marsh,Death,2013,58.0,30,2,5.0,11.6
MR Marsh,Death,2016,10.0,6,0,1.0,10.0
MR Marsh,Death,2022,29.0,12,1,2.0,14.5
MR Marsh,Death,2023,31.0,19,3,3.17,9.78
MR Marsh,Death,2024,37.0,12,0,2.0,18.5
MR Marsh,Middle,2010,16.0,18,0,3.0,5.33
MR Marsh,Middle,2011,51.0,49,2,8.17,6.24
MR Marsh,Middle,2013,83.0,74,5,12.33,6.73
MR Marsh,Middle,2016,24.0,24,1,4.0,6.0
MR Marsh,Middle,2022,72.0,54,3,9.0,8.0
MR Marsh,Middle,2023,125.0,90,7,15.0,8.33
MR Marsh,Middle,2024,50.0,24,1,4.0,12.5
MR Marsh,Powerplay,2010,40.0,24,1,4.0,10.0
MR Marsh,Powerplay,2011,24.0,12,0,2.0,12.0
MR Marsh,Powerplay,2013,41.0,12,0,2.0,20.5
MR Marsh,Powerplay,2016,11.0,24,3,4.0,2.75
MR Marsh,Powerplay,2022,1.0,6,0,1.0,1.0
MR Marsh,Powerplay,2023,14.0,12,2,2.0,7.0
MR Marsh,Powerplay,2024,16.0,12,0,2.0,8.0
MS Gony,Death,2008,45.0,30,3,5.0,9.0
MS Gony,Death,2009,24.0,12,0,2.0,12.0
MS Gony,Death,2011,14.0,6,1,1.0,14.0
MS Gony,Death,2012,49.0,18,1,3.0,16.33
MS Gony,Death,2013,76.0,54,3,9.0,8.44
MS Gony,Middle,2008,65.0,60,2,10.0,6.5
MS Gony,Middle,2009,19.0,12,2,2.0,9.5
MS Gony,Middle,2010,11.0,6,0,1.0,11.0
MS Gony,Middle,2011,43.0,36,2,6.0,7.17
MS Gony,Middle,2012,68.0,66,3,11.0,6.18
MS Gony,Middle,2013,147.0,96,4,16.0,9.19
MS Gony,Middle,2017,15.0,6,0,1.0,15.0
MS Gony,Powerplay,2008,333.0,270,13,45.0,7.4
MS Gony,Powerplay,2009,129.0,78,3,13.0,9.92
MS Gony,Powerplay,2010,81.0,42,1,7.0,11.57
MS Gony,Powerplay,2011,28.0,12,1,2.0,14.0
MS Gony,Powerplay,2012,90.0,60,0,10.0,9.0
MS Gony,Powerplay,2013,33.0,18,0,3.0,11.0
MS Gony,Powerplay,2017,17.0,6,0,1.0,17.0
MW Short,Middle,2023,11.0,12,0,2.0,5.5
MW Short,Powerplay,2023,14.0,12,0,2.0,7.0
MW Short,Powerplay,2026,38.0,18,0,3.0,12.67
Mandeep Singh,Middle,2019,26.0,12,0,2.0,13.0
Mashrafe Mortaza,Death,2009,32.0,12,1,2.0,16.0
Mashrafe Mortaza,Powerplay,2009,26.0,12,0,2.0,13.0
Mayank Dagar,Death,2023,12.0,12,0,2.0,6.0
Mayank Dagar,Middle,2023,62.0,48,1,8.0,7.75
Mayank Dagar,Middle,2024,90.0,60,1,10.0,9.0
Mayank Dagar,Powerplay,2023,9.0,6,0,1.0,9.0
Mayank Dagar,Powerplay,2024,20.0,6,0,1.0,20.0
Mohammad Asif,Death,2008,101.0,60,5,10.0,10.1
Mohammad Asif,Middle,2008,50.0,42,1,7.0,7.14
Mohammad Asif,Powerplay,2008,145.0,90,3,15.0,9.67
Mohammad Hafeez,Middle,2008,68.0,60,2,10.0,6.8
Mohammad Nabi,Death,2019,29.0,13,0,2.17,13.36
Mohammad Nabi,Death,2021,3.0,6,2,1.0,3.0
Mohammad Nabi,Middle,2017,24.0,30,1,5.0,4.8
Mohammad Nabi,Middle,2018,12.0,6,0,1.0,12.0
Mohammad Nabi,Middle,2019,111.0,90,3,15.0,7.4
Mohammad Nabi,Middle,2021,78.0,48,0,8.0,9.75
Mohammad Nabi,Middle,2024,84.0,54,2,9.0,9.33
Mohammad Nabi,Powerplay,2017,34.0,36,1,6.0,5.67
Mohammad Nabi,Powerplay,2018,35.0,24,1,4.0,8.75
Mohammad Nabi,Powerplay,2019,54.0,72,5,12.0,4.5
Mohammad Nabi,Powerplay,2021,28.0,18,0,3.0,9.33
Mohammad Nabi,Powerplay,2024,22.0,18,0,3.0,7.33
Mohammed Shami,Death,2013,8.0,6,1,1.0,8.0
Mohammed Shami,Death,2014,117.0,54,3,9.0,13.0
Mohammed Shami,Death,2016,86.0,49,7,8.17,10.53
Mohammed Shami,Death,2017,46.0,30,4,5.0,9.2
Mohammed Shami,Death,2018,42.0,23,2,3.83,10.97
Mohammed Shami,Death,2019,214.0,132,17,22.0,9.73
Mohammed Shami,Death,2021,342.0,194,25,32.33,10.58
Mohammed Shami,Death,2022,152.0,84,9,14.0,10.86
Mohammed Shami,Death,2023,147.0,90,9,15.0,9.8
Mohammed Shami,Death,2025,39.0,12,0,2.0,19.5
Mohammed Shami,Death,2026,120.0,54,2,9.0,13.33
Mohammed Shami,Middle,2013,37.0,24,0,4.0,9.25
Mohammed Shami,Middle,2014,48.0,54,3,9.0,5.33
Mohammed Shami,Middle,2016,45.0,36,0,6.0,7.5
Mohammed Shami,Middle,2017,91.0,60,2,10.0,9.1
Mohammed Shami,Middle,2018,76.0,48,1,8.0,9.5
Mohammed Shami,Middle,2019,66.0,42,2,7.0,9.43
Mohammed Shami,Middle,2021,105.0,84,5,14.0,7.5
Mohammed Shami,Middle,2022,71.0,42,1,7.0,10.14
Mohammed Shami,Middle,2023,45.0,36,2,6.0,7.5
Mohammed Shami,Middle,2025,72.0,36,1,6.0,12.0
Mohammed Shami,Middle,2026,109.0,72,1,12.0,9.08
Mohammed Shami,Powerplay,2013,33.0,24,0,4.0,8.25
Mohammed Shami,Powerplay,2014,204.0,156,4,26.0,7.85
Mohammed Shami,Powerplay,2016,113.0,66,1,11.0,10.27
Mohammed Shami,Powerplay,2017,106.0,66,2,11.0,9.64
Mohammed Shami,Powerplay,2018,26.0,12,0,2.0,13.0
Mohammed Shami,Powerplay,2019,189.0,150,3,25.0,7.56
Mohammed Shami,Powerplay,2021,416.0,368,13,61.33,6.78
Mohammed Shami,Powerplay,2022,265.0,240,11,40.0,6.62
Mohammed Shami,Powerplay,2023,330.0,264,17,44.0,7.5
Mohammed Shami,Powerplay,2025,226.0,132,5,22.0,10.27
Mohammed Shami,Powerplay,2026,230.0,180,9,30.0,7.67
Mohammed Siraj,Death,2017,66.0,36,2,6.0,11.0
Mohammed Siraj,Death,2018,181.0,102,9,17.0,10.65
Mohammed Siraj,Death,2019,124.0,73,6,12.17,10.19
Mohammed Siraj,Death,2021,207.0,139,8,23.17,8.93
Mohammed Siraj,Death,2022,146.0,66,1,11.0,13.27
Mohammed Siraj,Death,2023,133.0,78,8,13.0,10.23
Mohammed Siraj,Death,2024,138.0,96,5,16.0,8.62
Mohammed Siraj,Death,2025,141.0,78,6,13.0,10.85
Mohammed Siraj,Death,2026,151.0,72,5,12.0,12.58
Mohammed Siraj,Middle,2017,36.0,42,5,7.0,5.14
Mohammed Siraj,Middle,2018,127.0,108,1,18.0,7.06
Mohammed Siraj,Middle,2019,74.0,54,2,9.0,8.22
Mohammed Siraj,Middle,2021,86.0,66,3,11.0,7.82
Mohammed Siraj,Middle,2022,51.0,54,3,9.0,5.67
Mohammed Siraj,Middle,2023,64.0,42,1,7.0,9.14
Mohammed Siraj,Middle,2024,93.0,60,5,10.0,9.3
Mohammed Siraj,Middle,2025,45.0,24,1,4.0,11.25
Mohammed Siraj,Middle,2026,34.0,18,0,3.0,11.33
Mohammed Siraj,Powerplay,2017,110.0,60,3,10.0,11.0
Mohammed Siraj,Powerplay,2018,59.0,36,2,6.0,9.83
Mohammed Siraj,Powerplay,2019,71.0,42,0,7.0,10.14
Mohammed Siraj,Powerplay,2021,296.0,270,11,45.0,6.58
Mohammed Siraj,Powerplay,2022,317.0,186,5,31.0,10.23
Mohammed Siraj,Powerplay,2023,178.0,180,11,30.0,5.93
Mohammed Siraj,Powerplay,2024,265.0,168,5,28.0,9.46
Mohammed Siraj,Powerplay,2025,341.0,240,9,40.0,8.52
Mohammed Siraj,Powerplay,2026,377.0,282,15,47.0,8.02
Mohit Rathee,Middle,2023,29.0,12,0,2.0,14.5
Mohsin Khan,Death,2022,69.0,48,5,8.0,8.62
Mohsin Khan,Death,2023,23.0,24,3,4.0,5.75
Mohsin Khan,Death,2024,142.0,66,3,11.0,12.91
Mohsin Khan,Death,2026,42.0,30,1,5.0,8.4
Mohsin Khan,Middle,2022,44.0,54,3,9.0,4.89
Mohsin Khan,Middle,2023,22.0,12,0,2.0,11.0
Mohsin Khan,Middle,2024,79.0,48,2,8.0,9.88
Mohsin Khan,Middle,2026,77.0,54,6,9.0,8.56
Mohsin Khan,Powerplay,2022,84.0,96,6,16.0,5.25
Mohsin Khan,Powerplay,2023,62.0,24,0,4.0,15.5
Mohsin Khan,Powerplay,2024,164.0,114,5,19.0,8.63
Mohsin Khan,Powerplay,2026,109.0,84,4,14.0,7.79
Monu Kumar,Death,2021,13.0,6,0,1.0,13.0
Monu Kumar,Powerplay,2021,7.0,6,0,1.0,7.0
Mujeeb Ur Rahman,Death,2018,88.0,48,2,8.0,11.0
Mujeeb Ur Rahman,Death,2019,46.0,18,2,3.0,15.33
Mujeeb Ur Rahman,Death,2021,8.0,6,1,1.0,8.0
Mujeeb Ur Rahman,Middle,2018,138.0,132,9,22.0,6.27
Mujeeb Ur Rahman,Middle,2019,70.0,48,0,8.0,8.75
Mujeeb Ur Rahman,Middle,2021,79.0,48,1,8.0,9.88
Mujeeb Ur Rahman,Middle,2025,13.0,6,1,1.0,13.0
Mujeeb Ur Rahman,Powerplay,2018,63.0,68,4,11.33,5.56
Mujeeb Ur Rahman,Powerplay,2019,75.0,48,1,8.0,9.38
Mujeeb Ur Rahman,Powerplay,2021,25.0,18,0,3.0,8.33
Mujeeb Ur Rahman,Powerplay,2025,15.0,6,0,1.0,15.0
Mukesh Choudhary,Death,2022,89.0,39,2,6.5,13.69
Mukesh Choudhary,Death,2025,23.0,12,0,2.0,11.5
Mukesh Choudhary,Death,2026,57.0,30,2,5.0,11.4
Mukesh Choudhary,Middle,2022,62.0,42,3,7.0,8.86
Mukesh Choudhary,Middle,2026,44.0,30,2,5.0,8.8
Mukesh Choudhary,Powerplay,2022,273.0,192,11,32.0,8.53
Mukesh Choudhary,Powerplay,2024,27.0,6,0,1.0,27.0
Mukesh Choudhary,Powerplay,2025,48.0,24,1,4.0,12.0
Mukesh Choudhary,Powerplay,2026,148.0,108,5,18.0,8.22
Mukesh Kumar,Death,2023,152.0,78,6,13.0,11.69
Mukesh Kumar,Death,2024,175.0,93,14,15.5,11.29
Mukesh Kumar,Death,2025,177.0,69,4,11.5,15.39
Mukesh Kumar,Death,2026,85.0,42,1,7.0,12.14
Mukesh Kumar,Middle,2023,71.0,36,2,6.0,11.83
Mukesh Kumar,Middle,2024,80.0,54,4,9.0,8.89
Mukesh Kumar,Middle,2025,54.0,42,5,7.0,7.71
Mukesh Kumar,Middle,2026,78.0,44,2,7.33,10.64
Mukesh Kumar,Powerplay,2023,103.0,72,1,12.0,8.58
Mukesh Kumar,Powerplay,2024,113.0,66,4,11.0,10.27
Mukesh Kumar,Powerplay,2025,177.0,126,5,21.0,8.43
Mukesh Kumar,Powerplay,2026,190.0,102,4,17.0,11.18
Musheer Khan,Middle,2025,27.0,12,1,2.0,13.5
Mustafizur Rahman,Death,2016,203.0,162,10,27.0,7.52
Mustafizur Rahman,Death,2018,96.0,63,5,10.5,9.14
Mustafizur Rahman,Death,2021,200.0,123,9,20.5,9.76
Mustafizur Rahman,Death,2022,147.0,96,7,16.0,9.19
Mustafizur Rahman,Death,2023,35.0,18,1,3.0,11.67
Mustafizur Rahman,Death,2024,160.0,86,7,14.33,11.17
Mustafizur Rahman,Death,2025,31.0,24,2,4.0,7.75
Mustafizur Rahman,Middle,2016,139.0,108,5,18.0,7.72
Mustafizur Rahman,Middle,2017,11.0,6,0,1.0,11.0
Mustafizur Rahman,Middle,2018,78.0,54,2,9.0,8.67
Mustafizur Rahman,Middle,2021,96.0,80,5,13.33,7.2
Mustafizur Rahman,Middle,2022,12.0,12,0,2.0,6.0
Mustafizur Rahman,Middle,2023,21.0,12,0,2.0,10.5
Mustafizur Rahman,Middle,2024,58.0,48,4,8.0,7.25
Mustafizur Rahman,Middle,2025,9.0,6,0,1.0,9.0
Mustafizur Rahman,Powerplay,2016,79.0,96,4,16.0,4.94
Mustafizur Rahman,Powerplay,2017,19.0,6,0,1.0,19.0
Mustafizur Rahman,Powerplay,2018,56.0,48,2,8.0,7.0
Mustafizur Rahman,Powerplay,2021,140.0,108,4,18.0,7.78
Mustafizur Rahman,Powerplay,2022,85.0,84,2,14.0,6.07
Mustafizur Rahman,Powerplay,2023,23.0,12,0,2.0,11.5
Mustafizur Rahman,Powerplay,2024,100.0,72,3,12.0,8.33
Mustafizur Rahman,Powerplay,2025,47.0,36,2,6.0,7.83
N Burger,Death,2024,13.0,18,1,3.0,4.33
N Burger,Death,2026,70.0,45,5,7.5,9.33
N Burger,Middle,2024,33.0,24,2,4.0,8.25
N Burger,Middle,2026,109.0,60,2,10.0,10.9
N Burger,Powerplay,2024,99.0,60,4,10.0,9.9
N Burger,Powerplay,2026,261.0,156,7,26.0,10.04
N Rana,Death,2019,5.0,6,1,1.0,5.0
N Rana,Death,2023,22.0,17,1,2.83,7.77
N Rana,Middle,2016,3.0,6,0,1.0,3.0
N Rana,Middle,2018,38.0,24,4,4.0,9.5
N Rana,Middle,2019,67.0,42,2,7.0,9.57
N Rana,Middle,2021,30.0,18,0,3.0,10.0
N Rana,Middle,2022,23.0,12,0,2.0,11.5
N Rana,Middle,2023,27.0,30,2,5.0,5.4
N Rana,Middle,2025,18.0,12,0,2.0,9.0
N Rana,Middle,2026,29.0,12,1,2.0,14.5
N Rana,Powerplay,2018,6.0,13,0,2.17,2.76
N Rana,Powerplay,2021,5.0,6,0,1.0,5.0
N Rana,Powerplay,2023,26.0,6,0,1.0,26.0
N Rana,Powerplay,2026,26.0,12,0,2.0,13.0
N Thushara,Death,2024,100.0,60,2,10.0,10.0
N Thushara,Death,2025,7.0,6,0,1.0,7.0
N Thushara,Middle,2024,33.0,18,0,3.0,11.0
N Thushara,Powerplay,2024,124.0,78,6,13.0,9.54
N Thushara,Powerplay,2025,19.0,18,1,3.0,6.33
N Wadhera,Middle,2024,13.0,12,0,2.0,6.5
NA Saini,Death,2019,139.0,90,9,15.0,9.27
NA Saini,Death,2021,124.0,76,2,12.67,9.79
NA Saini,Death,2023,23.0,6,0,1.0,23.0
NA Saini,Middle,2019,65.0,60,0,10.0,6.5
NA Saini,Middle,2021,143.0,96,2,16.0,8.94
NA Saini,Middle,2023,11.0,6,0,1.0,11.0
NA Saini,Powerplay,2019,193.0,138,3,23.0,8.39
NA Saini,Powerplay,2021,145.0,120,4,20.0,7.25
NB Singh,Powerplay,2017,15.0,24,1,4.0,3.75
ND Doshi,Death,2010,1.0,6,1,1.0,1.0
ND Doshi,Death,2011,10.0,6,0,1.0,10.0
ND Doshi,Middle,2010,16.0,18,0,3.0,5.33
ND Doshi,Middle,2011,20.0,8,0,1.33,15.04
ND Doshi,Powerplay,2011,32.0,18,1,3.0,10.67
NJ Rimmington,Middle,2011,6.0,6,0,1.0,6.0
NJ Rimmington,Powerplay,2011,13.0,12,0,2.0,6.5
NL McCullum,Middle,2011,22.0,18,0,3.0,7.33
NL McCullum,Powerplay,2011,12.0,12,0,2.0,6.0
NLTC Perera,Death,2010,19.0,6,0,1.0,19.0
NLTC Perera,Death,2011,25.0,18,3,3.0,8.33
NLTC Perera,Death,2013,220.0,124,10,20.67,10.64
NLTC Perera,Death,2015,14.0,6,0,1.0,14.0
NLTC Perera,Death,2016,148.0,73,8,12.17,12.16
NLTC Perera,Middle,2011,68.0,54,2,9.0,7.56
NLTC Perera,Middle,2012,18.0,12,0,2.0,9.0
NLTC Perera,Middle,2013,155.0,144,6,24.0,6.46
NLTC Perera,Middle,2015,41.0,30,1,5.0,8.2
NLTC Perera,Middle,2016,79.0,48,1,8.0,9.88
NLTC Perera,Powerplay,2011,18.0,12,0,2.0,9.0
NLTC Perera,Powerplay,2013,103.0,90,5,15.0,6.87
NLTC Perera,Powerplay,2016,99.0,78,1,13.0,7.62
NM Coulter-Nile,Death,2014,24.0,12,1,2.0,12.0
NM Coulter-Nile,Death,2015,107.0,60,7,10.0,10.7
NM Coulter-Nile,Death,2016,37.0,24,4,4.0,9.25
NM Coulter-Nile,Death,2017,62.0,44,7,7.33,8.46
NM Coulter-Nile,Death,2021,138.0,102,7,17.0,8.12
NM Coulter-Nile,Death,2022,25.0,6,0,1.0,25.0
NM Coulter-Nile,Middle,2013,12.0,6,0,1.0,12.0
NM Coulter-Nile,Middle,2015,63.0,45,3,7.5,8.4
NM Coulter-Nile,Middle,2016,30.0,30,0,5.0,6.0
NM Coulter-Nile,Middle,2017,47.0,54,5,9.0,5.22
NM Coulter-Nile,Middle,2021,104.0,102,3,17.0,6.12
NM Coulter-Nile,Middle,2022,23.0,12,0,2.0,11.5
NM Coulter-Nile,Powerplay,2013,17.0,18,1,3.0,5.67
NM Coulter-Nile,Powerplay,2014,3.0,12,1,2.0,1.5
NM Coulter-Nile,Powerplay,2015,151.0,150,6,25.0,6.04
NM Coulter-Nile,Powerplay,2016,47.0,36,0,6.0,7.83
NM Coulter-Nile,Powerplay,2017,119.0,72,4,12.0,9.92
NM Coulter-Nile,Powerplay,2021,91.0,72,3,12.0,7.58
NT Ellis,Death,2021,42.0,24,1,4.0,10.5
NT Ellis,Death,2022,25.0,12,3,2.0,12.5
NT Ellis,Death,2023,131.0,72,5,12.0,10.92
NT Ellis,Death,2024,18.0,12,0,2.0,9.0
NT Ellis,Death,2025,29.0,18,1,3.0,9.67
NT Ellis,Middle,2021,30.0,24,0,4.0,7.5
NT Ellis,Middle,2022,13.0,12,1,2.0,6.5
NT Ellis,Middle,2023,135.0,96,4,16.0,8.44
NT Ellis,Middle,2024,3.0,6,1,1.0,3.0
NT Ellis,Powerplay,2021,18.0,18,0,3.0,6.0
NT Ellis,Powerplay,2022,17.0,12,0,2.0,8.5
NT Ellis,Powerplay,2023,73.0,60,4,10.0,7.3
NT Ellis,Powerplay,2024,3.0,6,0,1.0,3.0
NT Ellis,Powerplay,2025,9.0,6,0,1.0,9.0
Naman Dhir,Death,2025,8.0,12,1,2.0,4.0
Naman Dhir,Middle,2024,49.0,22,0,3.67,13.35
Naman Dhir,Middle,2025,13.0,12,0,2.0,6.5
Naman Dhir,Powerplay,2024,6.0,6,0,1.0,6.0
Navdeep Saini,Death,2022,5.0,6,1,1.0,5.0
Navdeep Saini,Death,2023,8.0,6,0,1.0,8.0
Navdeep Saini,Middle,2022,51.0,24,1,4.0,12.75
Navdeep Saini,Middle,2023,20.0,12,2,2.0,10.0
Navdeep Saini,Middle,2026,20.0,12,0,2.0,10.0
Navdeep Saini,Powerplay,2021,25.0,12,0,2.0,12.5
Navdeep Saini,Powerplay,2022,16.0,6,1,1.0,16.0
Navdeep Saini,Powerplay,2023,12.0,6,1,1.0,12.0
Navdeep Saini,Powerplay,2026,17.0,6,0,1.0,17.0
Naveen-ul-Haq,Death,2023,117.0,78,6,13.0,9.0
Naveen-ul-Haq,Death,2024,139.0,81,6,13.5,10.3
Naveen-ul-Haq,Middle,2023,20.0,24,3,4.0,5.0
Naveen-ul-Haq,Middle,2024,83.0,60,5,10.0,8.3
Naveen-ul-Haq,Powerplay,2023,82.0,66,2,11.0,7.45
Naveen-ul-Haq,Powerplay,2024,150.0,78,4,13.0,11.54
Nithish Kumar Reddy,Death,2024,58.0,25,3,4.17,13.91
Nithish Kumar Reddy,Death,2025,20.0,6,3,1.0,20.0
Nithish Kumar Reddy,Death,2026,17.0,12,2,2.0,8.5
Nithish Kumar Reddy,Middle,2023,35.0,18,0,3.0,11.67
Nithish Kumar Reddy,Middle,2024,87.0,48,1,8.0,10.88
Nithish Kumar Reddy,Middle,2025,27.0,24,1,4.0,6.75
Nithish Kumar Reddy,Middle,2026,193.0,108,4,18.0,10.72
Nithish Kumar Reddy,Powerplay,2023,19.0,12,0,2.0,9.5
Nithish Kumar Reddy,Powerplay,2024,8.0,6,0,1.0,8.0
Nithish Kumar Reddy,Powerplay,2026,113.0,66,3,11.0,10.27
Noor Ahmad,Death,2023,49.0,43,4,7.17,6.83
Noor Ahmad,Death,2024,14.0,6,1,1.0,14.0
Noor Ahmad,Death,2025,108.0,78,8,13.0,8.31
Noor Ahmad,Death,2026,37.0,24,0,4.0,9.25
Noor Ahmad,Middle,2023,278.0,210,12,35.0,7.94
Noor Ahmad,Middle,2024,270.0,197,6,32.83,8.22
Noor Ahmad,Middle,2025,271.0,204,15,34.0,7.97
Noor Ahmad,Middle,2026,376.0,276,14,46.0,8.17
Noor Ahmad,Powerplay,2023,42.0,30,0,5.0,8.4
Noor Ahmad,Powerplay,2024,6.0,6,1,1.0,6.0
Noor Ahmad,Powerplay,2025,29.0,18,1,3.0,9.67
Noor Ahmad,Powerplay,2026,15.0,6,0,1.0,15.0
O Thomas,Death,2019,18.0,12,2,2.0,9.0
O Thomas,Middle,2019,8.0,12,1,2.0,4.0
O Thomas,Powerplay,2019,53.0,36,2,6.0,8.83
OC McCoy,Death,2022,84.0,59,8,9.83,8.55
OC McCoy,Death,2023,13.0,6,0,1.0,13.0
OC McCoy,Middle,2022,139.0,84,3,14.0,9.93
OC McCoy,Powerplay,2022,14.0,12,0,2.0,7.0
OF Smith,Death,2022,45.0,18,4,3.0,15.0
OF Smith,Middle,2022,112.0,54,2,9.0,12.44
OF Smith,Powerplay,2022,21.0,18,1,3.0,7.0
P Amarnath,Death,2008,39.0,18,1,3.0,13.0
P Amarnath,Middle,2008,185.0,108,6,18.0,10.28
P Amarnath,Powerplay,2008,12.0,6,0,1.0,12.0
P Awana,Death,2012,123.0,78,7,13.0,9.46
P Awana,Death,2013,129.0,66,6,11.0,11.73
P Awana,Death,2014,55.0,27,3,4.5,12.22
P Awana,Middle,2012,129.0,108,4,18.0,7.17
P Awana,Middle,2013,181.0,162,6,27.0,6.7
P Awana,Middle,2014,55.0,36,3,6.0,9.17
P Awana,Powerplay,2012,120.0,96,7,16.0,7.5
P Awana,Powerplay,2013,102.0,96,4,16.0,6.38
P Awana,Powerplay,2014,135.0,78,3,13.0,10.38
P Dubey,Death,2021,11.0,6,0,1.0,11.0
P Dubey,Middle,2021,61.0,42,0,7.0,8.71
P Dubey,Middle,2023,19.0,18,1,3.0,6.33
P Dubey,Middle,2025,20.0,12,1,2.0,10.0
P Kumar,Death,2008,93.0,64,5,10.67,8.72
P Kumar,Death,2009,143.0,88,9,14.67,9.75
P Kumar,Death,2010,156.0,84,8,14.0,11.14
P Kumar,Death,2011,44.0,18,2,3.0,14.67
P Kumar,Death,2012,114.0,72,5,12.0,9.5
P Kumar,Death,2013,152.0,92,3,15.33,9.92
P Kumar,Death,2014,19.0,12,2,2.0,9.5
P Kumar,Death,2015,120.0,60,2,10.0,12.0
P Kumar,Death,2016,154.0,81,6,13.5,11.41
P Kumar,Death,2017,37.0,21,1,3.5,10.57
P Kumar,Middle,2008,113.0,72,5,12.0,9.42
P Kumar,Middle,2009,75.0,60,2,10.0,7.5
P Kumar,Middle,2010,21.0,18,0,3.0,7.0
P Kumar,Middle,2011,73.0,48,2,8.0,9.12
P Kumar,Middle,2012,50.0,48,1,8.0,6.25
P Kumar,Middle,2013,20.0,24,3,4.0,5.0
P Kumar,Middle,2014,14.0,6,0,1.0,14.0
P Kumar,Middle,2015,93.0,78,2,13.0,7.15
P Kumar,Middle,2017,6.0,6,0,1.0,6.0
P Kumar,Powerplay,2008,160.0,132,2,22.0,7.27
P Kumar,Powerplay,2009,176.0,150,5,25.0,7.04
P Kumar,Powerplay,2010,203.0,168,4,28.0,7.25
P Kumar,Powerplay,2011,228.0,210,6,35.0,6.51
P Kumar,Powerplay,2012,270.0,258,6,43.0,6.28
P Kumar,Powerplay,2013,201.0,222,7,37.0,5.43
P Kumar,Powerplay,2014,45.0,54,2,9.0,5.0
P Kumar,Powerplay,2015,116.0,78,3,13.0,8.92
P Kumar,Powerplay,2016,247.0,228,4,38.0,6.5
P Kumar,Powerplay,2017,108.0,72,5,12.0,9.0
P Negi,Death,2012,26.0,12,0,2.0,13.0
P Negi,Death,2013,7.0,6,0,1.0,7.0
P Negi,Death,2014,7.0,6,1,1.0,7.0
P Negi,Death,2015,49.0,18,1,3.0,16.33
P Negi,Death,2017,37.0,31,7,5.17,7.16
P Negi,Death,2019,23.0,7,0,1.17,19.66
P Negi,Middle,2012,126.0,120,7,20.0,6.3
P Negi,Middle,2013,21.0,18,0,3.0,7.0
P Negi,Middle,2014,68.0,36,0,6.0,11.33
P Negi,Middle,2015,188.0,150,5,25.0,7.52
P Negi,Middle,2016,55.0,42,1,7.0,7.86
P Negi,Middle,2017,148.0,150,10,25.0,5.92
P Negi,Middle,2018,41.0,18,0,3.0,13.67
P Negi,Middle,2019,79.0,60,3,10.0,7.9
P Negi,Powerplay,2015,15.0,12,1,2.0,7.5
P Negi,Powerplay,2016,29.0,12,1,2.0,14.5
P Negi,Powerplay,2017,12.0,12,0,2.0,6.0
P Negi,Powerplay,2018,8.0,6,1,1.0,8.0
P Parameswaran,Death,2011,28.0,21,2,3.5,8.0
P Parameswaran,Death,2012,34.0,18,3,3.0,11.33
P Parameswaran,Middle,2011,52.0,49,1,8.17,6.36
P Parameswaran,Middle,2012,45.0,30,1,5.0,9.0
P Parameswaran,Powerplay,2011,57.0,24,1,4.0,14.25
P Parameswaran,Powerplay,2012,8.0,12,1,2.0,4.0
P Prasanth,Middle,2011,18.0,6,0,1.0,18.0
P Ray Barman,Death,2019,20.0,6,0,1.0,20.0
P Ray Barman,Middle,2019,36.0,18,0,3.0,12.0
P Sahu,Death,2016,30.0,18,0,3.0,10.0
P Sahu,Middle,2016,106.0,81,3,13.5,7.85
P Sahu,Powerplay,2016,10.0,6,0,1.0,10.0
P Suyal,Death,2015,42.0,24,0,4.0,10.5
P Suyal,Middle,2014,1.0,6,1,1.0,1.0
P Suyal,Middle,2015,17.0,6,0,1.0,17.0
P Suyal,Powerplay,2013,21.0,18,1,3.0,7.0
P Suyal,Powerplay,2014,34.0,12,0,2.0,17.0
P Suyal,Powerplay,2015,36.0,30,0,5.0,7.2
PC Valthaty,Death,2011,30.0,19,2,3.17,9.46
PC Valthaty,Middle,2011,159.0,126,5,21.0,7.57
PC Valthaty,Middle,2012,16.0,6,0,1.0,16.0
PD Collingwood,Death,2010,21.0,23,3,3.83,5.48
PD Collingwood,Middle,2010,80.0,66,2,11.0,7.27
PH Solanki,Death,2022,15.0,12,1,2.0,7.5
PH Solanki,Middle,2022,23.0,24,1,4.0,5.75
PHKD Mendis,Middle,2025,60.0,42,2,7.0,8.57
PJ Cummins,Death,2014,4.0,6,1,1.0,4.0
PJ Cummins,Death,2015,26.0,18,0,3.0,8.67
PJ Cummins,Death,2017,126.0,91,8,15.17,8.31
PJ Cummins,Death,2021,184.0,107,8,17.83,10.32
PJ Cummins,Death,2022,98.0,41,3,6.83,14.35
PJ Cummins,Death,2024,213.0,114,5,19.0,11.21
PJ Cummins,Death,2025,117.0,70,4,11.67,10.03
PJ Cummins,Death,2026,63.0,42,1,7.0,9.0
PJ Cummins,Middle,2014,9.0,6,0,1.0,9.0
PJ Cummins,Middle,2015,4.0,6,0,1.0,4.0
PJ Cummins,Middle,2017,128.0,108,4,18.0,7.11
PJ Cummins,Middle,2021,158.0,102,4,17.0,9.29
PJ Cummins,Middle,2022,45.0,36,4,6.0,7.5
PJ Cummins,Middle,2024,175.0,138,8,23.0,7.61
PJ Cummins,Middle,2025,103.0,78,5,13.0,7.92
PJ Cummins,Middle,2026,68.0,60,4,10.0,6.8
PJ Cummins,Powerplay,2014,16.0,12,1,2.0,8.0
PJ Cummins,Powerplay,2015,67.0,36,1,6.0,11.17
PJ Cummins,Powerplay,2017,119.0,78,4,13.0,9.15
PJ Cummins,Powerplay,2021,304.0,264,9,44.0,6.91
PJ Cummins,Powerplay,2022,69.0,42,1,7.0,9.86
PJ Cummins,Powerplay,2024,178.0,114,5,19.0,9.37
PJ Cummins,Powerplay,2025,230.0,150,7,25.0,9.2
PJ Cummins,Powerplay,2026,176.0,90,3,15.0,11.73
PJ Sangwan,Death,2008,53.0,30,2,5.0,10.6
PJ Sangwan,Death,2009,69.0,52,5,8.67,7.96
PJ Sangwan,Death,2010,51.0,30,2,5.0,10.2
PJ Sangwan,Death,2017,46.0,24,0,4.0,11.5
PJ Sangwan,Middle,2008,92.0,66,3,11.0,8.36
PJ Sangwan,Middle,2009,145.0,120,6,20.0,7.25
PJ Sangwan,Middle,2010,132.0,102,7,17.0,7.76
PJ Sangwan,Middle,2012,25.0,18,1,3.0,8.33
PJ Sangwan,Middle,2013,34.0,12,0,2.0,17.0
PJ Sangwan,Middle,2016,12.0,6,0,1.0,12.0
PJ Sangwan,Middle,2017,27.0,12,0,2.0,13.5
PJ Sangwan,Middle,2022,45.0,30,2,5.0,9.0
PJ Sangwan,Powerplay,2008,70.0,48,2,8.0,8.75
PJ Sangwan,Powerplay,2009,146.0,108,7,18.0,8.11
PJ Sangwan,Powerplay,2010,75.0,54,0,9.0,8.33
PJ Sangwan,Powerplay,2012,17.0,6,0,1.0,17.0
PJ Sangwan,Powerplay,2013,17.0,12,0,2.0,8.5
PJ Sangwan,Powerplay,2016,37.0,18,0,3.0,12.33
PJ Sangwan,Powerplay,2017,108.0,72,6,12.0,9.0
PJ Sangwan,Powerplay,2018,19.0,12,0,2.0,9.5
PJ Sangwan,Powerplay,2022,20.0,24,1,4.0,5.0
PM Sarvesh Kumar,Middle,2008,34.0,24,1,4.0,8.5
PM Sarvesh Kumar,Powerplay,2008,8.0,6,0,1.0,8.0
PP Chawla,Death,2008,47.0,30,3,5.0,9.4
PP Chawla,Death,2009,36.0,24,4,4.0,9.0
PP Chawla,Death,2010,63.0,48,3,8.0,7.88
PP Chawla,Death,2011,56.0,38,3,6.33,8.85
PP Chawla,Death,2012,73.0,54,6,9.0,8.11
PP Chawla,Death,2013,33.0,20,2,3.33,9.91
PP Chawla,Death,2014,63.0,51,6,8.5,7.41
PP Chawla,Death,2015,21.0,12,1,2.0,10.5
PP Chawla,Death,2016,49.0,38,3,6.33,7.74
PP Chawla,Death,2017,11.0,6,0,1.0,11.0
PP Chawla,Death,2018,60.0,42,6,7.0,8.57
PP Chawla,Death,2019,62.0,33,2,5.5,11.27
PP Chawla,Death,2021,30.0,18,0,3.0,10.0
PP Chawla,Death,2023,18.0,18,0,3.0,6.0
PP Chawla,Death,2024,19.0,12,2,2.0,9.5
PP Chawla,Middle,2008,328.0,245,15,40.83,8.03
PP Chawla,Middle,2009,253.0,228,7,38.0,6.66
PP Chawla,Middle,2010,270.0,210,8,35.0,7.71
PP Chawla,Middle,2011,268.0,204,13,34.0,7.88
PP Chawla,Middle,2012,328.0,270,11,45.0,7.29
PP Chawla,Middle,2013,377.0,324,9,54.0,6.98
PP Chawla,Middle,2014,230.0,180,8,30.0,7.67
PP Chawla,Middle,2015,223.0,180,9,30.0,7.43
PP Chawla,Middle,2016,212.0,162,9,27.0,7.85
PP Chawla,Middle,2017,142.0,84,2,14.0,10.14
PP Chawla,Middle,2018,172.0,120,3,20.0,8.6
PP Chawla,Middle,2019,258.0,174,7,29.0,8.9
PP Chawla,Middle,2021,180.0,120,7,20.0,9.0
PP Chawla,Middle,2023,394.0,288,21,48.0,8.21
PP Chawla,Middle,2024,261.0,180,10,30.0,8.7
PP Chawla,Powerplay,2008,14.0,6,1,1.0,14.0
PP Chawla,Powerplay,2009,19.0,17,1,2.83,6.71
PP Chawla,Powerplay,2010,34.0,36,2,6.0,5.67
PP Chawla,Powerplay,2011,12.0,6,0,1.0,12.0
PP Chawla,Powerplay,2012,18.0,18,1,3.0,6.0
PP Chawla,Powerplay,2013,8.0,6,0,1.0,8.0
PP Chawla,Powerplay,2014,10.0,6,0,1.0,10.0
PP Chawla,Powerplay,2015,25.0,18,2,3.0,8.33
PP Chawla,Powerplay,2016,12.0,12,0,2.0,6.0
PP Chawla,Powerplay,2017,26.0,30,4,5.0,5.2
PP Chawla,Powerplay,2018,180.0,132,5,22.0,8.18
PP Chawla,Powerplay,2019,79.0,60,1,10.0,7.9
PP Chawla,Powerplay,2021,19.0,12,1,2.0,9.5
PP Chawla,Powerplay,2023,83.0,60,2,10.0,8.3
PP Chawla,Powerplay,2024,32.0,18,1,3.0,10.67
PP Hinge,Death,2026,95.0,54,5,9.0,10.56
PP Hinge,Middle,2026,84.0,36,3,6.0,14.0
PP Hinge,Powerplay,2026,126.0,66,6,11.0,11.45
PP Ojha,Death,2008,73.0,54,5,9.0,8.11
PP Ojha,Death,2009,71.0,57,6,9.5,7.47
PP Ojha,Death,2010,72.0,36,3,6.0,12.0
PP Ojha,Death,2011,74.0,47,6,7.83,9.45
PP Ojha,Death,2012,53.0,30,3,5.0,10.6
PP Ojha,Death,2013,52.0,32,3,5.33,9.76
PP Ojha,Death,2014,53.0,30,0,5.0,10.6
PP Ojha,Middle,2008,178.0,156,6,26.0,6.85
PP Ojha,Middle,2009,269.0,258,15,43.0,6.26
PP Ojha,Middle,2010,330.0,287,17,47.83,6.9
PP Ojha,Middle,2011,149.0,138,5,23.0,6.48
PP Ojha,Middle,2012,117.0,114,6,19.0,6.16
PP Ojha,Middle,2013,276.0,240,14,40.0,6.9
PP Ojha,Middle,2014,225.0,168,3,28.0,8.04
PP Ojha,Middle,2015,23.0,12,0,2.0,11.5
PP Ojha,Powerplay,2008,33.0,12,0,2.0,16.5
PP Ojha,Powerplay,2009,8.0,6,0,1.0,8.0
PP Ojha,Powerplay,2010,27.0,30,2,5.0,5.4
PP Ojha,Powerplay,2011,44.0,36,1,6.0,7.33
PP Ojha,Powerplay,2012,50.0,36,1,6.0,8.33
PP Ojha,Powerplay,2013,53.0,42,1,7.0,7.57
PP Ojha,Powerplay,2014,102.0,78,2,13.0,7.85
PR Veer,Middle,2026,7.0,6,0,1.0,7.0
PR Veer,Powerplay,2026,18.0,6,0,1.0,18.0
PV Tambe,Death,2014,50.0,36,3,6.0,8.33
PV Tambe,Death,2015,80.0,36,1,6.0,13.33
PV Tambe,Death,2016,13.0,6,1,1.0,13.0
PV Tambe,Middle,2013,79.0,60,1,10.0,7.9
PV Tambe,Middle,2014,259.0,228,12,38.0,6.82
PV Tambe,Middle,2015,157.0,144,4,24.0,6.54
PV Tambe,Middle,2016,103.0,72,3,12.0,8.58
PV Tambe,Powerplay,2013,9.0,6,0,1.0,9.0
PV Tambe,Powerplay,2014,47.0,30,0,5.0,9.4
PV Tambe,Powerplay,2015,29.0,24,2,4.0,7.25
PV Tambe,Powerplay,2016,27.0,18,1,3.0,9.0
PVD Chameera,Death,2022,111.0,60,4,10.0,11.1
PVD Chameera,Death,2024,18.0,6,0,1.0,18.0
PVD Chameera,Death,2025,68.0,36,3,6.0,11.33
PVD Chameera,Middle,2022,78.0,60,0,10.0,7.8
PVD Chameera,Middle,2025,49.0,30,1,5.0,9.8
PVD Chameera,Powerplay,2022,195.0,144,7,24.0,8.12
PVD Chameera,Powerplay,2024,30.0,12,0,2.0,15.0
PVD Chameera,Powerplay,2025,81.0,36,0,6.0,13.5
PVD Chameera,Powerplay,2026,18.0,12,0,2.0,9.0
PVSN Raju,Death,2025,28.0,12,2,2.0,14.0
PVSN Raju,Middle,2025,12.0,6,0,1.0,12.0
PVSN Raju,Powerplay,2025,13.0,6,0,1.0,13.0
PWA Mulder,Death,2025,16.0,6,0,1.0,16.0
PWH de Silva,Death,2021,11.0,6,0,1.0,11.0
PWH de Silva,Death,2022,100.0,72,7,12.0,8.33
PWH de Silva,Death,2023,4.0,12,2,2.0,2.0
PWH de Silva,Death,2025,50.0,30,3,5.0,10.0
PWH de Silva,Middle,2021,30.0,18,0,3.0,10.0
PWH de Silva,Middle,2022,293.0,252,20,42.0,6.98
PWH de Silva,Middle,2023,211.0,132,3,22.0,9.59
PWH de Silva,Middle,2025,321.0,216,8,36.0,8.92
PWH de Silva,Powerplay,2021,19.0,12,0,2.0,9.5
PWH de Silva,Powerplay,2022,37.0,18,0,3.0,12.33
PWH de Silva,Powerplay,2023,43.0,30,4,5.0,8.6
Pankaj Singh,Death,2008,33.0,12,0,2.0,16.5
Pankaj Singh,Death,2009,12.0,6,0,1.0,12.0
Pankaj Singh,Death,2010,12.0,6,0,1.0,12.0
Pankaj Singh,Death,2011,12.0,6,0,1.0,12.0
Pankaj Singh,Death,2012,41.0,18,1,3.0,13.67
Pankaj Singh,Middle,2008,68.0,42,0,7.0,9.71
Pankaj Singh,Middle,2010,56.0,24,1,4.0,14.0
Pankaj Singh,Middle,2012,41.0,36,1,6.0,6.83
Pankaj Singh,Powerplay,2008,28.0,18,0,3.0,9.33
Pankaj Singh,Powerplay,2009,53.0,36,2,6.0,8.83
Pankaj Singh,Powerplay,2010,13.0,18,1,3.0,4.33
Pankaj Singh,Powerplay,2011,11.0,6,0,1.0,11.0
Pankaj Singh,Powerplay,2012,88.0,72,5,12.0,7.33
Parvez Rasool,Middle,2013,19.0,24,1,4.0,4.75
Parvez Rasool,Middle,2014,59.0,42,1,7.0,8.43
Parvez Rasool,Middle,2015,25.0,24,1,4.0,6.25
Parvez Rasool,Middle,2016,68.0,42,0,7.0,9.71
Parvez Rasool,Powerplay,2013,9.0,6,0,1.0,9.0
Parvez Rasool,Powerplay,2014,24.0,12,0,2.0,12.0
Parvez Rasool,Powerplay,2015,6.0,6,0,1.0,6.0
Parvez Rasool,Powerplay,2016,61.0,42,1,7.0,8.71
Prince Yadav,Death,2025,79.0,35,2,5.83,13.55
Prince Yadav,Death,2026,167.0,102,6,17.0,9.82
Prince Yadav,Middle,2025,113.0,78,3,13.0,8.69
Prince Yadav,Middle,2026,127.0,96,7,16.0,7.94
Prince Yadav,Powerplay,2025,33.0,24,0,4.0,8.25
Prince Yadav,Powerplay,2026,169.0,115,7,19.17,8.82
R Ashwin,Death,2009,2.0,6,2,1.0,2.0
R Ashwin,Death,2010,86.0,60,1,10.0,8.6
R Ashwin,Death,2011,114.0,84,3,14.0,8.14
R Ashwin,Death,2012,76.0,63,7,10.5,7.24
R Ashwin,Death,2013,34.0,30,2,5.0,6.8
R Ashwin,Death,2014,77.0,53,4,8.83,8.72
R Ashwin,Death,2015,9.0,12,1,2.0,4.5
R Ashwin,Death,2016,74.0,54,5,9.0,8.22
R Ashwin,Death,2018,64.0,42,4,7.0,9.14
R Ashwin,Death,2019,33.0,36,3,6.0,5.5
R Ashwin,Death,2021,58.0,41,3,6.83,8.49
R Ashwin,Death,2022,61.0,42,2,7.0,8.71
R Ashwin,Death,2023,25.0,30,2,5.0,5.0
R Ashwin,Death,2024,94.0,42,1,7.0,13.43
R Ashwin,Death,2025,18.0,6,0,1.0,18.0
R Ashwin,Middle,2009,8.0,12,0,2.0,4.0
R Ashwin,Middle,2010,97.0,96,5,16.0,6.06
R Ashwin,Middle,2011,115.0,126,6,21.0,5.48
R Ashwin,Middle,2012,186.0,182,8,30.33,6.13
R Ashwin,Middle,2013,311.0,276,13,46.0,6.76
R Ashwin,Middle,2014,276.0,216,7,36.0,7.67
R Ashwin,Middle,2015,154.0,156,8,26.0,5.92
R Ashwin,Middle,2016,169.0,162,4,27.0,6.26
R Ashwin,Middle,2018,282.0,216,6,36.0,7.83
R Ashwin,Middle,2019,276.0,228,12,38.0,7.26
R Ashwin,Middle,2021,469.0,371,10,61.83,7.59
R Ashwin,Middle,2022,341.0,282,8,47.0,7.26
R Ashwin,Middle,2023,232.0,186,12,31.0,7.48
R Ashwin,Middle,2024,278.0,222,6,37.0,7.51
R Ashwin,Middle,2025,153.0,126,6,21.0,7.29
R Ashwin,Powerplay,2009,3.0,6,0,1.0,3.0
R Ashwin,Powerplay,2010,110.0,132,8,22.0,5.0
R Ashwin,Powerplay,2011,159.0,168,12,28.0,5.68
R Ashwin,Powerplay,2012,169.0,150,4,25.0,6.76
R Ashwin,Powerplay,2013,45.0,42,1,7.0,6.43
R Ashwin,Powerplay,2014,84.0,90,6,15.0,5.6
R Ashwin,Powerplay,2015,65.0,66,1,11.0,5.91
R Ashwin,Powerplay,2016,76.0,48,2,8.0,9.5
R Ashwin,Powerplay,2018,64.0,46,1,7.67,8.34
R Ashwin,Powerplay,2019,91.0,66,2,11.0,8.27
R Ashwin,Powerplay,2021,195.0,162,10,27.0,7.22
R Ashwin,Powerplay,2022,101.0,78,3,13.0,7.77
R Ashwin,Powerplay,2023,111.0,78,1,13.0,8.54
R Ashwin,Powerplay,2024,95.0,66,2,11.0,8.64
R Ashwin,Powerplay,2025,112.0,54,1,9.0,12.44
R Bhatia,Death,2008,55.0,24,3,4.0,13.75
R Bhatia,Death,2009,56.0,52,7,8.67,6.46
R Bhatia,Death,2010,7.0,6,0,1.0,7.0
R Bhatia,Death,2011,26.0,18,0,3.0,8.67
R Bhatia,Death,2012,95.0,66,8,11.0,8.64
R Bhatia,Death,2013,55.0,41,3,6.83,8.05
R Bhatia,Death,2014,21.0,12,0,2.0,10.5
R Bhatia,Death,2016,18.0,12,0,2.0,9.0
R Bhatia,Middle,2008,128.0,108,6,18.0,7.11
R Bhatia,Middle,2009,90.0,78,4,13.0,6.92
R Bhatia,Middle,2010,100.0,78,3,13.0,7.69
R Bhatia,Middle,2011,184.0,174,10,29.0,6.34
R Bhatia,Middle,2012,294.0,253,9,42.17,6.97
R Bhatia,Middle,2013,277.0,222,8,37.0,7.49
R Bhatia,Middle,2014,262.0,216,13,36.0,7.28
R Bhatia,Middle,2015,46.0,30,0,5.0,9.2
R Bhatia,Middle,2016,226.0,192,6,32.0,7.06
R Bhatia,Middle,2017,55.0,42,2,7.0,7.86
R Bhatia,Powerplay,2010,25.0,12,0,2.0,12.5
R Dhawan,Death,2013,37.0,24,0,4.0,9.25
R Dhawan,Death,2014,73.0,44,3,7.33,9.96
R Dhawan,Death,2015,25.0,12,0,2.0,12.5
R Dhawan,Death,2016,10.0,6,0,1.0,10.0
R Dhawan,Death,2022,15.0,6,1,1.0,15.0
R Dhawan,Middle,2013,47.0,36,0,6.0,7.83
R Dhawan,Middle,2014,241.0,210,12,35.0,6.89
R Dhawan,Middle,2015,60.0,42,1,7.0,8.57
R Dhawan,Middle,2016,46.0,36,2,6.0,7.67
R Dhawan,Middle,2022,118.0,84,3,14.0,8.43
R Dhawan,Middle,2023,15.0,6,0,1.0,15.0
R Dhawan,Powerplay,2013,25.0,30,2,5.0,5.0
R Dhawan,Powerplay,2014,51.0,30,0,5.0,10.2
R Dhawan,Powerplay,2015,25.0,18,0,3.0,8.33
R Dhawan,Powerplay,2022,23.0,24,2,4.0,5.75
R Dhawan,Powerplay,2023,45.0,36,1,6.0,7.5
R Dhawan,Powerplay,2024,35.0,18,0,3.0,11.67
R Goyal,Middle,2023,33.0,24,0,4.0,8.25
R McLaren,Death,2010,68.0,42,2,7.0,9.71
R McLaren,Death,2011,53.0,30,2,5.0,10.6
R McLaren,Death,2013,29.0,12,3,2.0,14.5
R McLaren,Middle,2010,82.0,66,1,11.0,7.45
R McLaren,Middle,2011,98.0,54,2,9.0,10.89
R McLaren,Powerplay,2010,120.0,96,2,16.0,7.5
R McLaren,Powerplay,2011,27.0,24,1,4.0,6.75
R McLaren,Powerplay,2013,65.0,30,1,5.0,13.0
R Ninan,Death,2011,16.0,6,0,1.0,16.0
R Ninan,Middle,2011,49.0,30,3,5.0,9.8
R Parag,Death,2022,14.0,6,0,1.0,14.0
R Parag,Death,2025,13.0,6,0,1.0,13.0
R Parag,Middle,2019,111.0,78,1,13.0,8.54
R Parag,Middle,2021,96.0,48,2,8.0,12.0
R Parag,Middle,2022,45.0,18,1,3.0,15.0
R Parag,Middle,2024,27.0,18,0,3.0,9.0
R Parag,Middle,2025,151.0,108,4,18.0,8.39
R Parag,Middle,2026,38.0,24,2,4.0,9.5
R Parag,Powerplay,2019,10.0,6,1,1.0,10.0
R Parag,Powerplay,2025,6.0,6,0,1.0,6.0
R Powell,Death,2023,14.0,6,0,1.0,14.0
R Powell,Middle,2022,17.0,6,0,1.0,17.0
R Powell,Middle,2023,4.0,6,1,1.0,4.0
R Rampaul,Death,2013,101.0,52,4,8.67,11.65
R Rampaul,Middle,2013,41.0,48,3,8.0,5.12
R Rampaul,Middle,2014,6.0,6,0,1.0,6.0
R Rampaul,Powerplay,2013,130.0,132,8,22.0,5.91
R Rampaul,Powerplay,2014,31.0,30,2,5.0,6.2
R Ravindra,Middle,2024,7.0,12,0,2.0,3.5
R Sai Kishore,Death,2022,20.0,12,2,2.0,10.0
R Sai Kishore,Death,2024,46.0,18,2,3.0,15.33
R Sai Kishore,Death,2025,77.0,51,5,8.5,9.06
R Sai Kishore,Middle,2022,101.0,84,4,14.0,7.21
R Sai Kishore,Middle,2024,72.0,60,4,10.0,7.2
R Sai Kishore,Middle,2025,302.0,198,14,33.0,9.15
R Sai Kishore,Middle,2026,46.0,24,1,4.0,11.5
R Sai Kishore,Powerplay,2024,19.0,12,1,2.0,9.5
R Sai Kishore,Powerplay,2025,14.0,6,0,1.0,14.0
R Sanjay Yadav,Middle,2022,15.0,6,0,1.0,15.0
R Sanjay Yadav,Powerplay,2022,8.0,6,0,1.0,8.0
R Sathish,Death,2010,21.0,6,1,1.0,21.0
R Sathish,Death,2013,33.0,12,0,2.0,16.5
R Sathish,Death,2016,23.0,6,0,1.0,23.0
R Sathish,Middle,2010,60.0,42,2,7.0,8.57
R Sathish,Middle,2011,40.0,30,0,5.0,8.0
R Sathish,Middle,2013,18.0,12,1,2.0,9.0
R Sathish,Middle,2016,36.0,30,2,5.0,7.2
R Sharma,Death,2010,52.0,22,0,3.67,14.17
R Sharma,Death,2011,54.0,60,4,10.0,5.4
R Sharma,Death,2012,87.0,48,2,8.0,10.88
R Sharma,Death,2013,35.0,24,2,4.0,8.75
R Sharma,Middle,2010,112.0,96,6,16.0,7.0
R Sharma,Middle,2011,188.0,210,12,35.0,5.37
R Sharma,Middle,2012,189.0,156,7,26.0,7.27
R Sharma,Middle,2013,205.0,186,6,31.0,6.61
R Sharma,Middle,2014,65.0,36,1,6.0,10.83
R Sharma,Powerplay,2010,3.0,6,0,1.0,3.0
R Sharma,Powerplay,2011,31.0,30,1,5.0,6.2
R Sharma,Powerplay,2012,24.0,18,0,3.0,8.0
R Sharma,Powerplay,2013,41.0,36,1,6.0,6.83
R Shepherd,Death,2022,23.0,12,2,2.0,11.5
R Shepherd,Death,2024,51.0,18,1,3.0,17.0
R Shepherd,Death,2025,24.0,12,2,2.0,12.0
R Shepherd,Death,2026,97.0,42,3,7.0,13.86
R Shepherd,Middle,2022,60.0,30,1,5.0,12.0
R Shepherd,Middle,2024,86.0,42,0,7.0,12.29
R Shepherd,Middle,2025,127.0,72,4,12.0,10.58
R Shepherd,Middle,2026,201.0,108,4,18.0,11.17
R Shepherd,Powerplay,2022,15.0,12,1,2.0,7.5
R Shepherd,Powerplay,2024,22.0,12,1,2.0,11.0
R Shukla,Death,2013,8.0,6,1,1.0,8.0
R Shukla,Death,2014,63.0,24,1,4.0,15.75
R Shukla,Middle,2012,25.0,12,0,2.0,12.5
R Shukla,Middle,2013,32.0,18,1,3.0,10.67
R Shukla,Middle,2014,6.0,6,0,1.0,6.0
R Shukla,Powerplay,2012,6.0,6,0,1.0,6.0
R Shukla,Powerplay,2013,39.0,24,2,4.0,9.75
R Shukla,Powerplay,2014,29.0,24,2,4.0,7.25
R Tewatia,Death,2018,21.0,18,3,3.0,7.0
R Tewatia,Death,2021,18.0,12,0,2.0,9.0
R Tewatia,Death,2022,9.0,6,0,1.0,9.0
R Tewatia,Death,2023,7.0,7,0,1.17,5.98
R Tewatia,Middle,2014,59.0,54,3,9.0,6.56
R Tewatia,Middle,2015,31.0,18,2,3.0,10.33
R Tewatia,Middle,2017,43.0,48,3,8.0,5.38
R Tewatia,Middle,2018,143.0,108,3,18.0,7.94
R Tewatia,Middle,2019,42.0,36,1,6.0,7.0
R Tewatia,Middle,2021,648.0,486,19,81.0,8.0
R Tewatia,Middle,2022,67.0,30,1,5.0,13.4
R Tewatia,Middle,2023,8.0,6,0,1.0,8.0
R Tewatia,Powerplay,2017,6.0,6,0,1.0,6.0
R Tewatia,Powerplay,2018,9.0,6,0,1.0,9.0
R Vinay Kumar,Death,2008,26.0,12,2,2.0,13.0
R Vinay Kumar,Death,2009,99.0,62,4,10.33,9.58
R Vinay Kumar,Death,2010,161.0,91,6,15.17,10.61
R Vinay Kumar,Death,2011,116.0,64,8,10.67,10.87
R Vinay Kumar,Death,2012,245.0,137,12,22.83,10.73
R Vinay Kumar,Death,2013,208.0,133,16,22.17,9.38
R Vinay Kumar,Death,2014,108.0,60,7,10.0,10.8
R Vinay Kumar,Death,2015,150.0,81,4,13.5,11.11
R Vinay Kumar,Death,2016,8.0,6,1,1.0,8.0
R Vinay Kumar,Death,2018,35.0,11,2,1.83,19.13
R Vinay Kumar,Middle,2008,140.0,108,5,18.0,7.78
R Vinay Kumar,Middle,2009,74.0,48,1,8.0,9.25
R Vinay Kumar,Middle,2010,138.0,102,9,17.0,8.12
R Vinay Kumar,Middle,2011,134.0,114,4,19.0,7.05
R Vinay Kumar,Middle,2012,51.0,36,2,6.0,8.5
R Vinay Kumar,Middle,2013,174.0,144,6,24.0,7.25
R Vinay Kumar,Middle,2014,97.0,66,1,11.0,8.82
R Vinay Kumar,Middle,2015,58.0,54,1,9.0,6.44
R Vinay Kumar,Middle,2016,27.0,24,1,4.0,6.75
R Vinay Kumar,Middle,2017,31.0,18,2,3.0,10.33
R Vinay Kumar,Powerplay,2008,16.0,18,0,3.0,5.33
R Vinay Kumar,Powerplay,2009,98.0,84,4,14.0,7.0
R Vinay Kumar,Powerplay,2010,97.0,84,4,14.0,6.93
R Vinay Kumar,Powerplay,2011,85.0,90,5,15.0,5.67
R Vinay Kumar,Powerplay,2012,184.0,162,7,27.0,6.81
R Vinay Kumar,Powerplay,2013,131.0,90,5,15.0,8.73
R Vinay Kumar,Powerplay,2014,76.0,66,2,11.0,6.91
R Vinay Kumar,Powerplay,2015,160.0,126,4,21.0,7.62
R Vinay Kumar,Powerplay,2016,29.0,24,2,4.0,7.25
R Vinay Kumar,Powerplay,2018,30.0,12,0,2.0,15.0
RA Bawa,Death,2026,15.0,6,1,1.0,15.0
RA Bawa,Middle,2026,35.0,18,1,3.0,11.67
RA Jadeja,Death,2008,21.0,13,1,2.17,9.68
RA Jadeja,Death,2009,36.0,26,0,4.33,8.31
RA Jadeja,Death,2011,76.0,66,3,11.0,6.91
RA Jadeja,Death,2012,91.0,72,8,12.0,7.58
RA Jadeja,Death,2013,64.0,43,4,7.17,8.93
RA Jadeja,Death,2014,104.0,68,5,11.33,9.18
RA Jadeja,Death,2015,72.0,40,1,6.67,10.79
RA Jadeja,Death,2016,49.0,32,2,5.33,9.19
RA Jadeja,Death,2017,48.0,24,0,4.0,12.0
RA Jadeja,Death,2018,42.0,24,0,4.0,10.5
RA Jadeja,Death,2019,43.0,54,5,9.0,4.78
RA Jadeja,Death,2021,49.0,26,1,4.33,11.32
RA Jadeja,Death,2022,15.0,12,2,2.0,7.5
RA Jadeja,Death,2023,33.0,12,0,2.0,16.5
RA Jadeja,Death,2024,8.0,6,0,1.0,8.0
RA Jadeja,Death,2025,21.0,10,1,1.67,12.57
RA Jadeja,Middle,2009,109.0,108,6,18.0,6.06
RA Jadeja,Middle,2011,199.0,168,5,28.0,7.11
RA Jadeja,Middle,2012,166.0,132,4,22.0,7.55
RA Jadeja,Middle,2013,231.0,192,11,32.0,7.22
RA Jadeja,Middle,2014,338.0,252,13,42.0,8.05
RA Jadeja,Middle,2015,244.0,210,11,35.0,6.97
RA Jadeja,Middle,2016,242.0,197,6,32.83,7.37
RA Jadeja,Middle,2017,292.0,198,5,33.0,8.85
RA Jadeja,Middle,2018,223.0,192,10,32.0,6.97
RA Jadeja,Middle,2019,277.0,252,10,42.0,6.6
RA Jadeja,Middle,2021,615.0,486,18,81.0,7.59
RA Jadeja,Middle,2022,233.0,186,4,31.0,7.52
RA Jadeja,Middle,2023,398.0,330,20,55.0,7.24
RA Jadeja,Middle,2024,361.0,276,8,46.0,7.85
RA Jadeja,Middle,2025,290.0,205,9,34.17,8.49
RA Jadeja,Middle,2026,277.0,198,10,33.0,8.39
RA Jadeja,Powerplay,2009,6.0,6,0,1.0,6.0
RA Jadeja,Powerplay,2011,30.0,18,1,3.0,10.0
RA Jadeja,Powerplay,2012,16.0,6,0,1.0,16.0
RA Jadeja,Powerplay,2013,28.0,24,0,4.0,7.0
RA Jadeja,Powerplay,2014,1.0,6,2,1.0,1.0
RA Jadeja,Powerplay,2015,14.0,6,0,1.0,14.0
RA Jadeja,Powerplay,2016,20.0,12,1,2.0,10.0
RA Jadeja,Powerplay,2017,9.0,6,0,1.0,9.0
RA Jadeja,Powerplay,2018,38.0,30,2,5.0,7.6
RA Jadeja,Powerplay,2019,23.0,18,0,3.0,7.67
RA Jadeja,Powerplay,2025,13.0,12,0,2.0,6.5
RA Shaikh,Powerplay,2009,11.0,6,0,1.0,11.0
RA Tripathi,Middle,2017,12.0,6,0,1.0,12.0
RD Chahar,Death,2017,1.0,6,0,1.0,1.0
RD Chahar,Death,2019,3.0,6,0,1.0,3.0
RD Chahar,Death,2021,44.0,36,4,6.0,7.33
RD Chahar,Death,2022,62.0,46,6,7.67,8.08
RD Chahar,Death,2023,56.0,34,2,5.67,9.88
RD Chahar,Death,2024,55.0,36,3,6.0,9.17
RD Chahar,Death,2026,14.0,6,0,1.0,14.0
RD Chahar,Middle,2017,57.0,36,2,6.0,9.5
RD Chahar,Middle,2019,255.0,234,10,39.0,6.54
RD Chahar,Middle,2021,673.0,516,25,86.0,7.83
RD Chahar,Middle,2022,298.0,234,8,39.0,7.64
RD Chahar,Middle,2023,320.0,258,6,43.0,7.44
RD Chahar,Middle,2024,224.0,150,7,25.0,8.96
RD Chahar,Middle,2025,9.0,6,0,1.0,9.0
RD Chahar,Middle,2026,32.0,18,0,3.0,10.67
RD Chahar,Powerplay,2019,50.0,42,3,7.0,7.14
RD Chahar,Powerplay,2021,34.0,24,0,4.0,8.5
RD Chahar,Powerplay,2023,9.0,6,0,1.0,9.0
RE van der Merwe,Death,2009,99.0,72,4,12.0,8.25
RE van der Merwe,Death,2011,11.0,11,3,1.83,6.01
RE van der Merwe,Death,2012,3.0,6,0,1.0,3.0
RE van der Merwe,Death,2013,12.0,6,0,1.0,12.0
RE van der Merwe,Middle,2009,124.0,120,5,20.0,6.2
RE van der Merwe,Middle,2010,27.0,24,2,4.0,6.75
RE van der Merwe,Middle,2011,67.0,72,3,12.0,5.58
RE van der Merwe,Middle,2012,51.0,48,3,8.0,6.38
RE van der Merwe,Middle,2013,48.0,48,1,8.0,6.0
RE van der Merwe,Powerplay,2009,25.0,12,0,2.0,12.5
RE van der Merwe,Powerplay,2011,14.0,6,0,1.0,14.0
RE van der Merwe,Powerplay,2012,6.0,6,1,1.0,6.0
RE van der Merwe,Powerplay,2013,11.0,12,3,2.0,5.5
RG More,Death,2015,26.0,17,0,2.83,9.19
RG More,Middle,2015,18.0,12,1,2.0,9.0
RG More,Powerplay,2015,15.0,6,0,1.0,15.0
RG Sharma,Death,2009,27.0,30,6,5.0,5.4
RG Sharma,Death,2010,24.0,12,1,2.0,12.0
RG Sharma,Death,2012,16.0,6,0,1.0,16.0
RG Sharma,Middle,2008,25.0,24,1,4.0,6.25
RG Sharma,Middle,2009,125.0,96,4,16.0,7.81
RG Sharma,Middle,2010,72.0,66,1,11.0,6.55
RG Sharma,Middle,2011,53.0,24,0,4.0,13.25
RG Sharma,Middle,2013,5.0,6,0,1.0,5.0
RG Sharma,Middle,2014,26.0,18,1,3.0,8.67
RG Sharma,Middle,2021,9.0,6,0,1.0,9.0
RG Sharma,Powerplay,2009,9.0,12,2,2.0,4.5
RG Sharma,Powerplay,2010,57.0,36,0,6.0,9.5
RJ Gleeson,Death,2024,32.0,17,0,2.83,11.31
RJ Gleeson,Death,2025,17.0,9,1,1.5,11.33
RJ Gleeson,Middle,2024,10.0,12,0,2.0,5.0
RJ Gleeson,Middle,2025,11.0,6,0,1.0,11.0
RJ Gleeson,Powerplay,2024,29.0,18,1,3.0,9.67
RJ Gleeson,Powerplay,2025,11.0,6,0,1.0,11.0
RJ Harris,Death,2009,93.0,60,3,10.0,9.3
RJ Harris,Death,2010,123.0,64,9,10.67,11.53
RJ Harris,Death,2011,169.0,114,11,19.0,8.89
RJ Harris,Death,2012,31.0,18,3,3.0,10.33
RJ Harris,Death,2013,8.0,18,1,3.0,2.67
RJ Harris,Middle,2009,6.0,6,0,1.0,6.0
RJ Harris,Middle,2010,32.0,24,1,4.0,8.0
RJ Harris,Middle,2011,70.0,48,2,8.0,8.75
RJ Harris,Middle,2012,34.0,36,3,6.0,5.67
RJ Harris,Middle,2013,25.0,18,0,3.0,8.33
RJ Harris,Powerplay,2009,131.0,120,3,20.0,6.55
RJ Harris,Powerplay,2010,78.0,96,5,16.0,4.88
RJ Harris,Powerplay,2011,143.0,120,4,20.0,7.15
RJ Harris,Powerplay,2012,65.0,54,2,9.0,7.22
RJ Harris,Powerplay,2013,39.0,36,0,6.0,6.5
RJ Peterson,Death,2012,39.0,18,2,3.0,13.0
RJ Peterson,Middle,2012,21.0,18,1,3.0,7.0
RJ Peterson,Powerplay,2012,10.0,12,0,2.0,5.0
RJW Topley,Death,2024,69.0,30,2,5.0,13.8
RJW Topley,Middle,2024,43.0,24,1,4.0,10.75
RJW Topley,Middle,2025,19.0,6,0,1.0,19.0
RJW Topley,Powerplay,2023,14.0,12,1,2.0,7.0
RJW Topley,Powerplay,2024,56.0,36,1,6.0,9.33
RJW Topley,Powerplay,2025,21.0,12,0,2.0,10.5
RN ten Doeschate,Death,2012,12.0,6,0,1.0,12.0
RN ten Doeschate,Middle,2011,7.0,6,0,1.0,7.0
RN ten Doeschate,Middle,2012,12.0,12,1,2.0,6.0
RN ten Doeschate,Middle,2013,24.0,18,0,3.0,8.0
RN ten Doeschate,Middle,2014,35.0,30,1,5.0,7.0
RN ten Doeschate,Middle,2015,4.0,6,1,1.0,4.0
RP Meredith,Death,2021,49.0,18,1,3.0,16.33
RP Meredith,Death,2022,94.0,60,8,10.0,9.4
RP Meredith,Death,2023,98.0,52,5,8.67,11.3
RP Meredith,Middle,2021,60.0,42,2,7.0,8.57
RP Meredith,Middle,2022,88.0,66,1,11.0,8.0
RP Meredith,Middle,2023,66.0,42,2,7.0,9.43
RP Meredith,Powerplay,2021,60.0,42,1,7.0,8.57
RP Meredith,Powerplay,2022,54.0,42,1,7.0,7.71
RP Meredith,Powerplay,2023,43.0,24,0,4.0,10.75
RP Singh,Death,2008,172.0,98,11,16.33,10.53
RP Singh,Death,2009,156.0,124,15,20.67,7.55
RP Singh,Death,2010,162.0,84,8,14.0,11.57
RP Singh,Death,2011,63.0,54,3,9.0,7.0
RP Singh,Death,2012,86.0,54,4,9.0,9.56
RP Singh,Death,2013,137.0,95,12,15.83,8.65
RP Singh,Death,2016,36.0,18,2,3.0,12.0
RP Singh,Middle,2008,43.0,36,1,6.0,7.17
RP Singh,Middle,2009,30.0,24,0,4.0,7.5
RP Singh,Middle,2010,44.0,48,3,8.0,5.5
RP Singh,Middle,2011,70.0,48,4,8.0,8.75
RP Singh,Middle,2012,61.0,42,2,7.0,8.71
RP Singh,Middle,2013,83.0,48,0,8.0,10.38
RP Singh,Powerplay,2008,227.0,174,5,29.0,7.83
RP Singh,Powerplay,2009,231.0,210,11,35.0,6.6
RP Singh,Powerplay,2010,164.0,120,3,20.0,8.2
RP Singh,Powerplay,2011,212.0,198,8,33.0,6.42
RP Singh,Powerplay,2012,171.0,150,5,25.0,6.84
RP Singh,Powerplay,2013,115.0,96,2,16.0,7.19
RP Singh,Powerplay,2016,75.0,54,1,9.0,8.33
RR Bhatkal,Middle,2012,15.0,6,0,1.0,15.0
RR Bhatkal,Powerplay,2012,20.0,6,0,1.0,20.0
RR Bose,Powerplay,2009,24.0,12,0,2.0,12.0
RR Powar,Death,2010,3.0,6,0,1.0,3.0
RR Powar,Death,2011,32.0,18,2,3.0,10.67
RR Powar,Middle,2008,68.0,54,3,9.0,7.56
RR Powar,Middle,2009,86.0,90,3,15.0,5.73
RR Powar,Middle,2010,85.0,66,1,11.0,7.73
RR Powar,Middle,2011,60.0,48,0,8.0,7.5
RR Powar,Middle,2012,24.0,12,0,2.0,12.0
RR Powar,Powerplay,2008,23.0,18,0,3.0,7.67
RR Powar,Powerplay,2009,46.0,36,3,6.0,7.67
RR Powar,Powerplay,2010,72.0,66,3,11.0,6.55
RR Powar,Powerplay,2011,20.0,6,0,1.0,20.0
RR Powar,Powerplay,2012,8.0,6,0,1.0,8.0
RR Raje,Death,2008,42.0,26,1,4.33,9.7
RR Raje,Death,2009,22.0,11,0,1.83,12.02
RR Raje,Middle,2008,86.0,66,5,11.0,7.82
RR Raje,Middle,2009,50.0,30,1,5.0,10.0
RR Raje,Powerplay,2008,9.0,6,0,1.0,9.0
RS Bopara,Death,2010,34.0,18,2,3.0,11.33
RS Bopara,Death,2015,34.0,24,0,4.0,8.5
RS Bopara,Middle,2009,5.0,8,0,1.33,3.76
RS Bopara,Middle,2010,93.0,60,3,10.0,9.3
RS Bopara,Middle,2015,126.0,96,8,16.0,7.88
RS Gavaskar,Death,2010,8.0,6,0,1.0,8.0
RS Ghosh,Middle,2026,24.0,18,1,3.0,8.0
RS Hangargekar,Death,2023,16.0,12,1,2.0,8.0
RS Hangargekar,Middle,2023,32.0,18,1,3.0,10.67
RS Hangargekar,Powerplay,2023,12.0,6,1,1.0,12.0
RV Gomez,Death,2011,20.0,6,1,1.0,20.0
RV Gomez,Death,2013,5.0,6,1,1.0,5.0
RV Gomez,Middle,2011,104.0,84,4,14.0,7.43
RV Patel,Death,2021,11.0,6,0,1.0,11.0
RV Patel,Middle,2021,11.0,12,0,2.0,5.5
RW Price,Middle,2011,19.0,12,0,2.0,9.5
RW Price,Powerplay,2011,14.0,6,0,1.0,14.0
Raghu Sharma,Death,2026,14.0,6,0,1.0,14.0
Raghu Sharma,Middle,2026,116.0,84,1,14.0,8.29
Ramandeep Singh,Death,2022,31.0,18,4,3.0,10.33
Ramandeep Singh,Death,2026,17.0,10,1,1.67,10.18
Ramandeep Singh,Middle,2022,23.0,18,2,3.0,7.67
Ramandeep Singh,Middle,2026,14.0,6,0,1.0,14.0
Rashid Khan,Death,2017,45.0,30,1,5.0,9.0
Rashid Khan,Death,2018,157.0,114,5,19.0,8.26
Rashid Khan,Death,2019,87.0,66,7,11.0,7.91
Rashid Khan,Death,2021,108.0,96,5,16.0,6.75
Rashid Khan,Death,2022,71.0,72,8,12.0,5.92
Rashid Khan,Death,2023,114.0,78,10,13.0,8.77
Rashid Khan,Death,2024,110.0,60,5,10.0,11.0
Rashid Khan,Death,2025,120.0,60,2,10.0,12.0
Rashid Khan,Death,2026,107.0,54,2,9.0,11.89
Rashid Khan,Middle,2017,254.0,240,13,40.0,6.35
Rashid Khan,Middle,2018,263.0,264,17,44.0,5.98
Rashid Khan,Middle,2019,240.0,252,10,42.0,5.71
Rashid Khan,Middle,2021,574.0,594,32,99.0,5.8
Rashid Khan,Middle,2022,292.0,275,12,45.83,6.37
Rashid Khan,Middle,2023,324.0,252,15,42.0,7.71
Rashid Khan,Middle,2024,199.0,148,2,24.67,8.07
Rashid Khan,Middle,2025,375.0,252,6,42.0,8.93
Rashid Khan,Middle,2026,400.0,275,19,45.83,8.73
Rashid Khan,Powerplay,2017,59.0,54,4,9.0,6.56
Rashid Khan,Powerplay,2018,38.0,30,1,5.0,7.6
Rashid Khan,Powerplay,2019,59.0,45,2,7.5,7.87
Rashid Khan,Powerplay,2021,43.0,40,2,6.67,6.45
Rashid Khan,Powerplay,2022,58.0,36,0,6.0,9.67
Rashid Khan,Powerplay,2023,114.0,72,3,12.0,9.5
Rashid Khan,Powerplay,2024,58.0,54,3,9.0,6.44
Rashid Khan,Powerplay,2025,19.0,18,1,3.0,6.33
Rashid Khan,Powerplay,2026,9.0,12,0,2.0,4.5
Rasikh Salam,Death,2019,21.0,6,0,1.0,21.0
Rasikh Salam,Death,2024,89.0,51,3,8.5,10.47
Rasikh Salam,Death,2025,7.0,6,0,1.0,7.0
Rasikh Salam,Death,2026,138.0,83,10,13.83,9.98
Rasikh Salam,Middle,2019,4.0,6,0,1.0,4.0
Rasikh Salam,Middle,2022,8.0,6,0,1.0,8.0
Rasikh Salam,Middle,2024,137.0,78,6,13.0,10.54
Rasikh Salam,Middle,2025,47.0,24,1,4.0,11.75
Rasikh Salam,Middle,2026,124.0,72,4,12.0,10.33
Rasikh Salam,Powerplay,2019,17.0,12,0,2.0,8.5
Rasikh Salam,Powerplay,2022,20.0,18,0,3.0,6.67
Rasikh Salam,Powerplay,2024,43.0,18,0,3.0,14.33
Rasikh Salam,Powerplay,2025,16.0,6,0,1.0,16.0
Rasikh Salam,Powerplay,2026,143.0,102,6,17.0,8.41
Ravi Bishnoi,Death,2021,67.0,78,8,13.0,5.15
Ravi Bishnoi,Death,2022,102.0,54,5,9.0,11.33
Ravi Bishnoi,Death,2023,67.0,45,4,7.5,8.93
Ravi Bishnoi,Death,2024,78.0,40,3,6.67,11.69
Ravi Bishnoi,Death,2025,49.0,24,1,4.0,12.25
Ravi Bishnoi,Death,2026,45.0,24,1,4.0,11.25
Ravi Bishnoi,Middle,2021,467.0,390,16,65.0,7.18
Ravi Bishnoi,Middle,2022,324.0,246,9,41.0,7.9
Ravi Bishnoi,Middle,2023,308.0,246,13,41.0,7.51
Ravi Bishnoi,Middle,2024,276.0,210,7,35.0,7.89
Ravi Bishnoi,Middle,2025,321.0,180,8,30.0,10.7
Ravi Bishnoi,Middle,2026,192.0,114,7,19.0,10.11
Ravi Bishnoi,Powerplay,2021,72.0,54,3,9.0,8.0
Ravi Bishnoi,Powerplay,2022,30.0,24,0,4.0,7.5
Ravi Bishnoi,Powerplay,2023,16.0,12,0,2.0,8.0
Ravi Bishnoi,Powerplay,2024,29.0,12,0,2.0,14.5
Ravi Bishnoi,Powerplay,2025,31.0,18,0,3.0,10.33
Ravi Bishnoi,Powerplay,2026,20.0,18,4,3.0,6.67
S Aravind,Death,2011,107.0,66,11,11.0,9.73
S Aravind,Death,2016,48.0,31,2,5.17,9.28
S Aravind,Death,2017,83.0,51,3,8.5,9.76
S Aravind,Middle,2011,100.0,66,3,11.0,9.09
S Aravind,Middle,2012,24.0,6,0,1.0,24.0
S Aravind,Middle,2015,50.0,36,4,6.0,8.33
S Aravind,Middle,2016,40.0,36,3,6.0,6.67
S Aravind,Middle,2017,51.0,42,1,7.0,7.29
S Aravind,Powerplay,2011,161.0,144,8,24.0,6.71
S Aravind,Powerplay,2012,24.0,12,0,2.0,12.0
S Aravind,Powerplay,2015,82.0,72,6,12.0,6.83
S Aravind,Powerplay,2016,128.0,108,6,18.0,7.11
S Aravind,Powerplay,2017,141.0,90,1,15.0,9.4
S Badree,Death,2017,4.0,6,0,1.0,4.0
S Badree,Middle,2013,8.0,6,0,1.0,8.0
S Badree,Middle,2014,39.0,24,1,4.0,9.75
S Badree,Middle,2017,74.0,66,3,11.0,6.73
S Badree,Powerplay,2013,26.0,18,0,3.0,8.67
S Badree,Powerplay,2014,58.0,60,1,10.0,5.8
S Badree,Powerplay,2017,110.0,78,6,13.0,8.46
S Dhawan,Middle,2011,11.0,12,1,2.0,5.5
S Dhawan,Middle,2012,29.0,18,2,3.0,9.67
S Dhawan,Powerplay,2012,26.0,18,1,3.0,8.67
S Dube,Death,2021,48.0,30,4,5.0,9.6
S Dube,Death,2022,25.0,6,0,1.0,25.0
S Dube,Middle,2019,5.0,6,0,1.0,5.0
S Dube,Middle,2021,74.0,54,1,9.0,8.22
S Dube,Middle,2022,11.0,6,0,1.0,11.0
S Dube,Middle,2024,14.0,6,1,1.0,14.0
S Dube,Middle,2025,33.0,12,0,2.0,16.5
S Dube,Middle,2026,64.0,30,1,5.0,12.8
S Gopal,Death,2014,7.0,6,1,1.0,7.0
S Gopal,Death,2018,4.0,6,1,1.0,4.0
S Gopal,Death,2019,43.0,36,4,6.0,7.17
S Gopal,Death,2021,7.0,6,0,1.0,7.0
S Gopal,Middle,2014,102.0,72,4,12.0,8.5
S Gopal,Middle,2015,22.0,12,1,2.0,11.0
S Gopal,Middle,2016,18.0,18,0,3.0,6.0
S Gopal,Middle,2018,218.0,174,11,29.0,7.52
S Gopal,Middle,2019,264.0,222,11,37.0,7.14
S Gopal,Middle,2021,412.0,264,8,44.0,9.36
S Gopal,Middle,2022,34.0,18,1,3.0,11.33
S Gopal,Middle,2024,67.0,42,3,7.0,9.57
S Gopal,Powerplay,2014,4.0,6,1,1.0,4.0
S Gopal,Powerplay,2018,14.0,6,0,1.0,14.0
S Gopal,Powerplay,2019,40.0,30,5,5.0,8.0
S Gopal,Powerplay,2021,92.0,72,2,12.0,7.67
S Joseph,Middle,2024,22.0,12,0,2.0,11.0
S Joseph,Powerplay,2024,25.0,12,0,2.0,12.5
S Kaul,Death,2013,61.0,35,1,5.83,10.46
S Kaul,Death,2014,19.0,12,0,2.0,9.5
S Kaul,Death,2017,97.0,70,10,11.67,8.31
S Kaul,Death,2018,215.0,168,13,28.0,7.68
S Kaul,Death,2019,80.0,42,2,7.0,11.43
S Kaul,Death,2021,113.0,78,8,13.0,8.69
S Kaul,Death,2022,21.0,12,0,2.0,10.5
S Kaul,Middle,2013,57.0,42,2,7.0,8.14
S Kaul,Middle,2014,53.0,24,1,4.0,13.25
S Kaul,Middle,2017,99.0,78,3,13.0,7.62
S Kaul,Middle,2018,185.0,132,6,22.0,8.41
S Kaul,Middle,2019,120.0,96,4,16.0,7.5
S Kaul,Middle,2021,93.0,66,0,11.0,8.45
S Kaul,Middle,2022,8.0,6,0,1.0,8.0
S Kaul,Powerplay,2013,52.0,54,2,9.0,5.78
S Kaul,Powerplay,2014,54.0,42,1,7.0,7.71
S Kaul,Powerplay,2017,104.0,66,3,11.0,9.45
S Kaul,Powerplay,2018,147.0,96,5,16.0,9.19
S Kaul,Powerplay,2019,42.0,24,0,4.0,10.5
S Kaul,Powerplay,2021,105.0,60,2,10.0,10.5
S Kaul,Powerplay,2022,14.0,6,0,1.0,14.0
S Kaushik,Death,2016,57.0,24,0,4.0,14.25
S Kaushik,Middle,2016,123.0,108,6,18.0,6.83
S Kaushik,Middle,2017,80.0,54,0,9.0,8.89
S Kaushik,Powerplay,2016,12.0,6,0,1.0,12.0
S Kaushik,Powerplay,2017,25.0,12,0,2.0,12.5
S Ladda,Death,2010,58.0,30,3,5.0,11.6
S Ladda,Death,2011,14.0,6,0,1.0,14.0
S Ladda,Middle,2010,65.0,48,0,8.0,8.12
S Ladda,Middle,2011,28.0,18,0,3.0,9.33
S Ladda,Middle,2013,18.0,12,1,2.0,9.0
S Ladda,Middle,2016,14.0,6,0,1.0,14.0
S Ladda,Powerplay,2010,20.0,12,1,2.0,10.0
S Ladda,Powerplay,2016,7.0,6,0,1.0,7.0
S Lamichhane,Death,2018,15.0,12,0,2.0,7.5
S Lamichhane,Death,2019,37.0,18,1,3.0,12.33
S Lamichhane,Middle,2018,45.0,36,3,6.0,7.5
S Lamichhane,Middle,2019,95.0,72,5,12.0,7.92
S Lamichhane,Powerplay,2018,22.0,24,2,4.0,5.5
S Lamichhane,Powerplay,2019,78.0,48,3,8.0,9.75
S Midhun,Middle,2019,27.0,12,0,2.0,13.5
S Nadeem,Death,2011,26.0,12,0,2.0,13.0
S Nadeem,Death,2012,55.0,36,2,6.0,9.17
S Nadeem,Death,2013,13.0,12,1,2.0,6.5
S Nadeem,Death,2014,61.0,36,2,6.0,10.17
S Nadeem,Death,2016,13.0,12,0,2.0,6.5
S Nadeem,Death,2019,13.0,6,1,1.0,13.0
S Nadeem,Middle,2011,116.0,102,4,17.0,6.82
S Nadeem,Middle,2012,202.0,180,4,30.0,6.73
S Nadeem,Middle,2013,237.0,240,8,40.0,5.92
S Nadeem,Middle,2014,185.0,144,6,24.0,7.71
S Nadeem,Middle,2015,33.0,24,0,4.0,8.25
S Nadeem,Middle,2016,46.0,30,1,5.0,9.2
S Nadeem,Middle,2017,70.0,71,4,11.83,5.92
S Nadeem,Middle,2018,76.0,42,3,7.0,10.86
S Nadeem,Middle,2019,59.0,42,2,7.0,8.43
S Nadeem,Middle,2021,168.0,126,6,21.0,8.0
S Nadeem,Powerplay,2012,61.0,54,2,9.0,6.78
S Nadeem,Powerplay,2013,9.0,12,0,2.0,4.5
S Nadeem,Powerplay,2014,65.0,48,1,8.0,8.12
S Nadeem,Powerplay,2015,10.0,18,0,3.0,3.33
S Nadeem,Powerplay,2016,68.0,48,2,8.0,8.5
S Nadeem,Powerplay,2017,49.0,36,2,6.0,8.17
S Nadeem,Powerplay,2018,85.0,48,2,8.0,10.62
S Nadeem,Powerplay,2019,18.0,6,0,1.0,18.0
S Nadeem,Powerplay,2021,46.0,30,1,5.0,9.2
S Narwal,Death,2010,59.0,18,2,3.0,19.67
S Narwal,Middle,2010,38.0,22,0,3.67,10.35
S Narwal,Powerplay,2010,88.0,54,4,9.0,9.78
S Narwal,Powerplay,2013,17.0,12,0,2.0,8.5
S Rana,Middle,2014,16.0,12,0,2.0,8.0
S Randiv,Death,2011,27.0,18,3,3.0,9.0
S Randiv,Middle,2011,175.0,144,5,24.0,7.29
S Randiv,Powerplay,2011,21.0,12,0,2.0,10.5
S Sandeep Warrier,Middle,2019,20.0,18,0,3.0,6.67
S Sandeep Warrier,Middle,2021,10.0,6,0,1.0,10.0
S Sandeep Warrier,Middle,2024,15.0,6,0,1.0,15.0
S Sandeep Warrier,Powerplay,2019,65.0,54,2,9.0,7.22
S Sandeep Warrier,Powerplay,2021,39.0,24,0,4.0,9.75
S Sandeep Warrier,Powerplay,2024,104.0,60,6,10.0,10.4
S Sreesanth,Death,2008,89.0,61,6,10.17,8.75
S Sreesanth,Death,2009,61.0,18,1,3.0,20.33
S Sreesanth,Death,2010,17.0,12,1,2.0,8.5
S Sreesanth,Death,2011,48.0,29,0,4.83,9.94
S Sreesanth,Death,2013,29.0,16,1,2.67,10.86
S Sreesanth,Middle,2008,62.0,30,0,5.0,12.4
S Sreesanth,Middle,2009,43.0,54,4,9.0,4.78
S Sreesanth,Middle,2010,55.0,18,0,3.0,18.33
S Sreesanth,Middle,2011,28.0,30,0,5.0,5.6
S Sreesanth,Middle,2013,33.0,42,1,7.0,4.71
S Sreesanth,Powerplay,2008,291.0,216,13,36.0,8.08
S Sreesanth,Powerplay,2009,88.0,66,1,11.0,8.0
S Sreesanth,Powerplay,2010,119.0,84,4,14.0,8.5
S Sreesanth,Powerplay,2011,130.0,132,7,22.0,5.91
S Sreesanth,Powerplay,2013,101.0,72,4,12.0,8.42
S Sriram,Middle,2010,24.0,12,0,2.0,12.0
S Sriram,Middle,2011,25.0,6,0,1.0,25.0
S Tyagi,Death,2010,32.0,11,0,1.83,17.49
S Tyagi,Middle,2010,38.0,30,1,5.0,7.6
S Tyagi,Powerplay,2009,136.0,114,5,19.0,7.16
S Tyagi,Powerplay,2010,89.0,54,0,9.0,9.89
S Vidyut,Middle,2008,22.0,12,1,2.0,11.0
SA Abbott,Death,2022,18.0,6,0,1.0,18.0
SA Abbott,Middle,2015,19.0,12,0,2.0,9.5
SA Abbott,Middle,2022,12.0,6,0,1.0,12.0
SA Abbott,Powerplay,2015,38.0,18,0,3.0,12.67
SA Abbott,Powerplay,2022,17.0,12,1,2.0,8.5
SA Yadav,Powerplay,2014,8.0,6,0,1.0,8.0
SB Bangar,Death,2008,56.0,24,1,4.0,14.0
SB Bangar,Middle,2008,151.0,108,3,18.0,8.39
SB Bangar,Powerplay,2008,12.0,18,2,3.0,4.0
SB Jakati,Death,2009,45.0,36,5,6.0,7.5
SB Jakati,Death,2010,55.0,36,4,6.0,9.17
SB Jakati,Death,2011,42.0,31,0,5.17,8.12
SB Jakati,Death,2012,19.0,12,1,2.0,9.5
SB Jakati,Death,2016,26.0,12,1,2.0,13.0
SB Jakati,Middle,2009,162.0,132,8,22.0,7.36
SB Jakati,Middle,2010,234.0,186,11,31.0,7.55
SB Jakati,Middle,2011,283.0,228,10,38.0,7.45
SB Jakati,Middle,2012,269.0,192,8,32.0,8.41
SB Jakati,Middle,2014,4.0,6,0,1.0,4.0
SB Jakati,Middle,2016,117.0,90,1,15.0,7.8
SB Jakati,Middle,2017,40.0,24,0,4.0,10.0
SB Jakati,Powerplay,2009,10.0,6,0,1.0,10.0
SB Jakati,Powerplay,2010,2.0,6,0,1.0,2.0
SB Jakati,Powerplay,2011,11.0,6,0,1.0,11.0
SB Jakati,Powerplay,2012,48.0,42,1,7.0,6.86
SB Jakati,Powerplay,2014,20.0,12,0,2.0,10.0
SB Jakati,Powerplay,2016,35.0,18,0,3.0,11.67
SB Jakati,Powerplay,2017,12.0,6,0,1.0,12.0
SB Joshi,Death,2008,13.0,7,1,1.17,11.11
SB Joshi,Middle,2008,69.0,48,0,8.0,8.62
SB Styris,Death,2008,83.0,48,3,8.0,10.38
SB Styris,Death,2009,30.0,18,4,3.0,10.0
SB Styris,Middle,2008,71.0,72,0,12.0,5.92
SB Styris,Middle,2009,34.0,30,1,5.0,6.8
SB Styris,Middle,2011,13.0,6,0,1.0,13.0
SB Styris,Powerplay,2008,45.0,42,1,7.0,6.43
SB Wagh,Death,2011,27.0,12,1,2.0,13.5
SB Wagh,Powerplay,2010,16.0,6,1,1.0,16.0
SB Wagh,Powerplay,2011,94.0,84,3,14.0,6.71
SC Ganguly,Death,2012,32.0,12,0,2.0,16.0
SC Ganguly,Middle,2008,125.0,114,7,19.0,6.58
SC Ganguly,Middle,2009,81.0,66,2,11.0,7.36
SC Ganguly,Middle,2010,30.0,18,0,3.0,10.0
SC Ganguly,Middle,2012,63.0,48,3,8.0,7.88
SC Ganguly,Powerplay,2008,3.0,6,0,1.0,3.0
SC Ganguly,Powerplay,2009,16.0,6,0,1.0,16.0
SC Ganguly,Powerplay,2010,13.0,6,0,1.0,13.0
SC Kuggeleijn,Death,2019,33.0,24,2,4.0,8.25
SC Kuggeleijn,Middle,2019,27.0,18,0,3.0,9.0
SC Kuggeleijn,Powerplay,2019,11.0,6,0,1.0,11.0
SD Chitnis,Death,2008,9.0,6,1,1.0,9.0
SD Chitnis,Middle,2008,39.0,24,1,4.0,9.75
SD Chitnis,Powerplay,2008,12.0,6,0,1.0,12.0
SE Bond,Death,2010,87.0,54,2,9.0,9.67
SE Bond,Middle,2010,43.0,42,3,7.0,6.14
SE Bond,Powerplay,2010,94.0,90,4,15.0,6.27
SE Rutherford,Middle,2019,57.0,36,1,6.0,9.5
SH Johnson,Death,2024,38.0,30,2,5.0,7.6
SH Johnson,Death,2025,31.0,14,1,2.33,13.3
SH Johnson,Death,2026,13.0,6,0,1.0,13.0
SH Johnson,Middle,2024,61.0,30,1,5.0,12.2
SH Johnson,Middle,2025,16.0,6,0,1.0,16.0
SH Johnson,Middle,2026,21.0,18,2,3.0,7.0
SH Johnson,Powerplay,2024,52.0,36,1,6.0,8.67
SH Johnson,Powerplay,2025,86.0,48,0,8.0,10.75
SH Johnson,Powerplay,2026,78.0,42,0,7.0,11.14
SJ Srivastava,Death,2010,42.0,24,1,4.0,10.5
SJ Srivastava,Death,2011,46.0,30,5,5.0,9.2
SJ Srivastava,Middle,2010,83.0,48,1,8.0,10.38
SJ Srivastava,Middle,2011,61.0,48,3,8.0,7.62
SJ Srivastava,Powerplay,2010,130.0,90,4,15.0,8.67
SJ Srivastava,Powerplay,2011,79.0,42,1,7.0,11.29
SK Raina,Death,2009,41.0,30,2,5.0,8.2
SK Raina,Death,2010,56.0,42,1,7.0,8.0
SK Raina,Death,2011,55.0,33,4,5.5,10.0
SK Raina,Death,2012,9.0,6,0,1.0,9.0
SK Raina,Death,2014,26.0,18,1,3.0,8.67
SK Raina,Middle,2008,30.0,20,2,3.33,9.01
SK Raina,Middle,2009,120.0,130,5,21.67,5.54
SK Raina,Middle,2010,122.0,101,6,16.83,7.25
SK Raina,Middle,2011,146.0,132,1,22.0,6.64
SK Raina,Middle,2012,96.0,78,2,13.0,7.38
SK Raina,Middle,2013,23.0,12,1,2.0,11.5
SK Raina,Middle,2014,108.0,90,0,15.0,7.2
SK Raina,Middle,2015,93.0,72,3,12.0,7.75
SK Raina,Middle,2016,53.0,36,0,6.0,8.83
SK Raina,Middle,2017,52.0,36,0,6.0,8.67
SK Raina,Middle,2019,6.0,6,0,1.0,6.0
SK Raina,Powerplay,2009,3.0,6,1,1.0,3.0
SK Raina,Powerplay,2016,29.0,24,0,4.0,7.25
SK Raina,Powerplay,2017,50.0,36,1,6.0,8.33
SK Trivedi,Death,2008,63.0,48,6,8.0,7.88
SK Trivedi,Death,2009,56.0,36,1,6.0,9.33
SK Trivedi,Death,2010,87.0,57,5,9.5,9.16
SK Trivedi,Death,2011,94.0,64,9,10.67,8.81
SK Trivedi,Death,2012,104.0,66,3,11.0,9.45
SK Trivedi,Death,2013,53.0,35,1,5.83,9.09
SK Trivedi,Middle,2008,284.0,210,8,35.0,8.11
SK Trivedi,Middle,2009,52.0,48,1,8.0,6.5
SK Trivedi,Middle,2010,153.0,138,7,23.0,6.65
SK Trivedi,Middle,2011,140.0,114,3,19.0,7.37
SK Trivedi,Middle,2012,264.0,240,11,40.0,6.6
SK Trivedi,Middle,2013,357.0,324,11,54.0,6.61
SK Trivedi,Powerplay,2008,52.0,30,1,5.0,10.4
SK Trivedi,Powerplay,2009,44.0,36,4,6.0,7.33
SK Trivedi,Powerplay,2010,20.0,18,1,3.0,6.67
SK Trivedi,Powerplay,2011,69.0,36,1,6.0,11.5
SK Trivedi,Powerplay,2012,12.0,6,0,1.0,12.0
SK Warne,Death,2008,105.0,54,5,9.0,11.67
SK Warne,Death,2009,139.0,96,7,16.0,8.69
SK Warne,Death,2010,47.0,30,3,5.0,9.4
SK Warne,Death,2011,33.0,36,3,6.0,5.5
SK Warne,Middle,2008,299.0,258,15,43.0,6.95
SK Warne,Middle,2009,223.0,198,6,33.0,6.76
SK Warne,Middle,2010,310.0,258,9,43.0,7.21
SK Warne,Middle,2011,233.0,228,11,38.0,6.13
SK Warne,Powerplay,2009,3.0,6,1,1.0,3.0
SK Warne,Powerplay,2010,24.0,12,0,2.0,12.0
SK Warne,Powerplay,2011,31.0,18,0,3.0,10.33
SL Malinga,Death,2009,119.0,123,16,20.5,5.8
SL Malinga,Death,2010,131.0,108,10,18.0,7.28
SL Malinga,Death,2011,145.0,138,16,23.0,6.3
SL Malinga,Death,2012,185.0,147,18,24.5,7.55
SL Malinga,Death,2013,198.0,158,13,26.33,7.52
SL Malinga,Death,2014,131.0,103,14,17.17,7.63
SL Malinga,Death,2015,211.0,150,17,25.0,8.44
SL Malinga,Death,2017,127.0,71,4,11.83,10.74
SL Malinga,Death,2019,217.0,119,14,19.83,10.94
SL Malinga,Middle,2009,52.0,36,2,6.0,8.67
SL Malinga,Middle,2010,80.0,66,1,11.0,7.27
SL Malinga,Middle,2011,101.0,96,7,16.0,6.31
SL Malinga,Middle,2012,52.0,54,4,9.0,5.78
SL Malinga,Middle,2013,133.0,114,5,19.0,7.0
SL Malinga,Middle,2014,53.0,48,0,8.0,6.62
SL Malinga,Middle,2015,89.0,66,3,11.0,8.09
SL Malinga,Middle,2017,113.0,84,2,14.0,8.07
SL Malinga,Middle,2019,68.0,36,2,6.0,11.33
SL Malinga,Powerplay,2009,141.0,138,3,23.0,6.13
SL Malinga,Powerplay,2010,133.0,120,6,20.0,6.65
SL Malinga,Powerplay,2011,129.0,144,7,24.0,5.38
SL Malinga,Powerplay,2012,113.0,132,3,22.0,5.14
SL Malinga,Powerplay,2013,137.0,120,5,20.0,6.85
SL Malinga,Powerplay,2014,69.0,84,3,14.0,4.93
SL Malinga,Powerplay,2015,144.0,144,6,24.0,6.0
SL Malinga,Powerplay,2017,142.0,114,5,19.0,7.47
SL Malinga,Powerplay,2019,153.0,114,2,19.0,8.05
SM Boland,Death,2016,22.0,18,2,3.0,7.33
SM Boland,Middle,2016,10.0,6,0,1.0,10.0
SM Boland,Powerplay,2016,22.0,18,1,3.0,7.33
SM Curran,Death,2019,127.0,72,8,12.0,10.58
SM Curran,Death,2021,264.0,138,13,23.0,11.48
SM Curran,Death,2023,171.0,101,8,16.83,10.16
SM Curran,Death,2024,156.0,72,7,12.0,13.0
SM Curran,Death,2025,19.0,6,0,1.0,19.0
SM Curran,Middle,2019,100.0,66,2,11.0,9.09
SM Curran,Middle,2021,80.0,48,3,8.0,10.0
SM Curran,Middle,2023,153.0,72,3,12.0,12.75
SM Curran,Middle,2024,95.0,60,6,10.0,9.5
SM Curran,Middle,2025,86.0,48,1,8.0,10.75
SM Curran,Powerplay,2019,96.0,60,1,10.0,9.6
SM Curran,Powerplay,2021,328.0,264,8,44.0,7.45
SM Curran,Powerplay,2023,165.0,114,0,19.0,8.68
SM Curran,Powerplay,2024,165.0,114,3,19.0,8.68
SM Curran,Powerplay,2025,28.0,18,0,3.0,9.33
SM Harwood,Death,2009,46.0,24,1,4.0,11.5
SM Harwood,Middle,2009,20.0,18,1,3.0,6.67
SM Harwood,Powerplay,2009,7.0,18,1,3.0,2.33
SM Pollock,Death,2008,8.0,6,0,1.0,8.0
SM Pollock,Middle,2008,84.0,66,4,11.0,7.64
SM Pollock,Powerplay,2008,209.0,204,9,34.0,6.15
SMSM Senanayake,Death,2013,33.0,24,2,4.0,8.25
SMSM Senanayake,Middle,2013,66.0,42,3,7.0,9.43
SMSM Senanayake,Powerplay,2013,110.0,126,4,21.0,5.24
SN Thakur,Death,2017,64.0,37,3,6.17,10.37
SN Thakur,Death,2018,229.0,118,11,19.67,11.64
SN Thakur,Death,2019,113.0,66,4,11.0,10.27
SN Thakur,Death,2021,317.0,203,15,33.83,9.37
SN Thakur,Death,2022,206.0,104,8,17.33,11.89
SN Thakur,Death,2023,88.0,47,3,7.83,11.24
SN Thakur,Death,2024,120.0,72,4,12.0,10.0
SN Thakur,Death,2025,129.0,66,8,11.0,11.73
SN Thakur,Death,2026,73.0,36,4,6.0,12.17
SN Thakur,Middle,2015,19.0,12,1,2.0,9.5
SN Thakur,Middle,2017,127.0,102,5,17.0,7.47
SN Thakur,Middle,2018,85.0,66,3,11.0,7.73
SN Thakur,Middle,2019,14.0,18,2,3.0,4.67
SN Thakur,Middle,2021,323.0,236,10,39.33,8.21
SN Thakur,Middle,2022,93.0,66,4,11.0,8.45
SN Thakur,Middle,2023,82.0,55,3,9.17,8.94
SN Thakur,Middle,2024,83.0,60,1,10.0,8.3
SN Thakur,Middle,2025,69.0,42,2,7.0,9.86
SN Thakur,Middle,2026,138.0,72,6,12.0,11.5
SN Thakur,Powerplay,2015,19.0,6,0,1.0,19.0
SN Thakur,Powerplay,2017,124.0,90,5,15.0,8.27
SN Thakur,Powerplay,2018,117.0,96,3,16.0,7.31
SN Thakur,Powerplay,2019,154.0,96,3,16.0,9.62
SN Thakur,Powerplay,2021,162.0,114,7,19.0,8.53
SN Thakur,Powerplay,2022,174.0,120,4,20.0,8.7
SN Thakur,Powerplay,2023,50.0,24,1,4.0,12.5
SN Thakur,Powerplay,2024,106.0,58,0,9.67,10.96
SN Thakur,Powerplay,2025,177.0,96,5,16.0,11.06
SN Thakur,Powerplay,2026,59.0,24,2,4.0,14.75
SP Narine,Death,2012,183.0,157,21,26.17,6.99
SP Narine,Death,2013,164.0,150,16,25.0,6.56
SP Narine,Death,2014,181.0,168,15,28.0,6.46
SP Narine,Death,2015,112.0,60,3,10.0,11.2
SP Narine,Death,2016,64.0,46,2,7.67,8.34
SP Narine,Death,2017,72.0,72,3,12.0,6.0
SP Narine,Death,2018,136.0,90,3,15.0,9.07
SP Narine,Death,2019,83.0,50,2,8.33,9.96
SP Narine,Death,2021,123.0,96,10,16.0,7.69
SP Narine,Death,2022,46.0,60,2,10.0,4.6
SP Narine,Death,2023,69.0,48,3,8.0,8.62
SP Narine,Death,2024,27.0,24,3,4.0,6.75
SP Narine,Death,2025,27.0,30,2,5.0,5.4
SP Narine,Death,2026,49.0,54,9,9.0,5.44
SP Narine,Middle,2012,69.0,102,5,17.0,4.06
SP Narine,Middle,2013,113.0,144,7,24.0,4.71
SP Narine,Middle,2014,142.0,126,4,21.0,6.76
SP Narine,Middle,2015,90.0,90,2,15.0,6.0
SP Narine,Middle,2016,165.0,150,8,25.0,6.6
SP Narine,Middle,2017,201.0,168,6,28.0,7.18
SP Narine,Middle,2018,185.0,168,12,28.0,6.61
SP Narine,Middle,2019,188.0,126,3,21.0,8.95
SP Narine,Middle,2021,376.0,372,14,62.0,6.06
SP Narine,Middle,2022,212.0,228,8,38.0,5.58
SP Narine,Middle,2023,245.0,198,6,33.0,7.42
SP Narine,Middle,2024,277.0,264,14,44.0,6.3
SP Narine,Middle,2025,324.0,240,10,40.0,8.1
SP Narine,Middle,2026,194.0,180,4,30.0,6.47
SP Narine,Powerplay,2012,72.0,96,3,16.0,4.5
SP Narine,Powerplay,2013,73.0,90,3,15.0,4.87
SP Narine,Powerplay,2014,95.0,96,3,16.0,5.94
SP Narine,Powerplay,2015,32.0,42,2,7.0,4.57
SP Narine,Powerplay,2016,75.0,60,3,10.0,7.5
SP Narine,Powerplay,2017,139.0,114,3,19.0,7.32
SP Narine,Powerplay,2018,146.0,108,2,18.0,8.11
SP Narine,Powerplay,2019,76.0,90,6,15.0,5.07
SP Narine,Powerplay,2021,164.0,96,0,16.0,10.25
SP Narine,Powerplay,2022,54.0,48,0,8.0,6.75
SP Narine,Powerplay,2023,69.0,42,2,7.0,9.86
SP Narine,Powerplay,2024,64.0,42,1,7.0,9.14
SP Narine,Powerplay,2026,97.0,75,4,12.5,7.76
SR Dubey,Death,2026,44.0,25,2,4.17,10.55
SR Dubey,Powerplay,2026,62.0,52,3,8.67,7.15
SR Tendulkar,Death,2009,19.0,6,0,1.0,19.0
SR Tendulkar,Middle,2009,39.0,30,0,5.0,7.8
SR Watson,Death,2008,123.0,79,9,13.17,9.34
SR Watson,Death,2010,78.0,42,3,7.0,11.14
SR Watson,Death,2011,75.0,60,4,10.0,7.5
SR Watson,Death,2012,56.0,42,3,7.0,8.0
SR Watson,Death,2013,99.0,70,8,11.67,8.48
SR Watson,Death,2014,45.0,30,2,5.0,9.0
SR Watson,Death,2015,98.0,48,5,8.0,12.25
SR Watson,Death,2016,245.0,135,16,22.5,10.89
SR Watson,Death,2017,97.0,53,4,8.83,10.99
SR Watson,Death,2018,34.0,18,1,3.0,11.33
SR Watson,Middle,2008,49.0,54,2,9.0,5.44
SR Watson,Middle,2010,19.0,24,0,4.0,4.75
SR Watson,Middle,2011,76.0,66,0,11.0,6.91
SR Watson,Middle,2012,12.0,12,1,2.0,6.0
SR Watson,Middle,2013,99.0,90,3,15.0,6.6
SR Watson,Middle,2014,37.0,30,3,5.0,7.4
SR Watson,Middle,2015,134.0,84,0,14.0,9.57
SR Watson,Middle,2016,116.0,96,3,16.0,7.25
SR Watson,Middle,2017,93.0,78,0,13.0,7.15
SR Watson,Middle,2018,111.0,84,5,14.0,7.93
SR Watson,Powerplay,2008,211.0,192,9,32.0,6.59
SR Watson,Powerplay,2010,87.0,66,4,11.0,7.91
SR Watson,Powerplay,2011,90.0,90,4,15.0,6.0
SR Watson,Powerplay,2012,93.0,84,2,14.0,6.64
SR Watson,Powerplay,2013,100.0,90,5,15.0,6.67
SR Watson,Powerplay,2014,83.0,66,2,11.0,7.55
SR Watson,Powerplay,2015,37.0,42,3,7.0,5.29
SR Watson,Powerplay,2016,124.0,108,4,18.0,6.89
SR Watson,Powerplay,2017,55.0,30,1,5.0,11.0
SR Watson,Powerplay,2018,106.0,66,1,11.0,9.64
SS Agarwal,Middle,2017,31.0,18,1,3.0,10.33
SS Agarwal,Powerplay,2017,11.0,6,0,1.0,11.0
SS Cottrell,Death,2021,48.0,18,2,3.0,16.0
SS Cottrell,Middle,2021,20.0,18,0,3.0,6.67
SS Cottrell,Powerplay,2021,108.0,84,4,14.0,7.71
SS Iyer,Death,2022,7.0,6,0,1.0,7.0
SS Mishra,Death,2026,12.0,8,1,1.33,9.02
SS Mishra,Middle,2026,42.0,24,1,4.0,10.5
SS Mishra,Powerplay,2026,13.0,6,0,1.0,13.0
SS Mundhe,Powerplay,2011,6.0,6,1,1.0,6.0
SS Sarkar,Death,2009,13.0,13,1,2.17,5.99
SS Sarkar,Middle,2009,6.0,6,0,1.0,6.0
SS Sarkar,Powerplay,2009,15.0,6,0,1.0,15.0
SSB Magala,Death,2023,9.0,12,1,2.0,4.5
SSB Magala,Middle,2023,14.0,12,0,2.0,7.0
SSB Magala,Powerplay,2023,28.0,12,0,2.0,14.0
ST Jayasuriya,Death,2008,25.0,18,1,3.0,8.33
ST Jayasuriya,Death,2009,41.0,30,3,5.0,8.2
ST Jayasuriya,Death,2010,20.0,12,0,2.0,10.0
ST Jayasuriya,Middle,2008,124.0,102,4,17.0,7.29
ST Jayasuriya,Middle,2009,122.0,84,5,14.0,8.71
ST Jayasuriya,Middle,2010,48.0,42,3,7.0,6.86
ST Jayasuriya,Powerplay,2008,10.0,6,0,1.0,10.0
STR Binny,Death,2011,14.0,6,0,1.0,14.0
STR Binny,Death,2012,33.0,24,1,4.0,8.25
STR Binny,Death,2013,39.0,24,2,4.0,9.75
STR Binny,Death,2014,11.0,6,0,1.0,11.0
STR Binny,Middle,2010,9.0,6,0,1.0,9.0
STR Binny,Middle,2011,30.0,18,0,3.0,10.0
STR Binny,Middle,2012,33.0,30,2,5.0,6.6
STR Binny,Middle,2013,122.0,114,5,19.0,6.42
STR Binny,Middle,2014,36.0,30,2,5.0,7.2
STR Binny,Middle,2015,106.0,90,5,15.0,7.07
STR Binny,Middle,2016,37.0,30,0,5.0,7.4
STR Binny,Middle,2017,38.0,24,2,4.0,9.5
STR Binny,Middle,2018,19.0,6,0,1.0,19.0
STR Binny,Middle,2019,38.0,30,1,5.0,7.6
STR Binny,Powerplay,2012,12.0,6,0,1.0,12.0
STR Binny,Powerplay,2013,1.0,6,0,1.0,1.0
STR Binny,Powerplay,2014,17.0,18,2,3.0,5.67
STR Binny,Powerplay,2015,34.0,24,3,4.0,8.5
STR Binny,Powerplay,2016,97.0,72,1,12.0,8.08
STR Binny,Powerplay,2017,12.0,12,2,2.0,6.0
STR Binny,Powerplay,2018,14.0,6,0,1.0,14.0
STR Binny,Powerplay,2019,6.0,12,0,2.0,3.0
SW Tait,Death,2010,102.0,79,9,13.17,7.74
SW Tait,Death,2011,37.0,24,3,4.0,9.25
SW Tait,Death,2012,44.0,35,3,5.83,7.55
SW Tait,Death,2013,24.0,12,0,2.0,12.0
SW Tait,Middle,2010,53.0,30,1,5.0,10.6
SW Tait,Middle,2011,35.0,17,0,2.83,12.37
SW Tait,Middle,2012,35.0,36,2,6.0,5.83
SW Tait,Middle,2013,16.0,12,1,2.0,8.0
SW Tait,Powerplay,2010,109.0,78,2,13.0,8.38
SW Tait,Powerplay,2011,55.0,48,3,8.0,6.88
SW Tait,Powerplay,2012,72.0,66,2,11.0,6.55
SW Tait,Powerplay,2013,58.0,36,0,6.0,9.67
SZ Mulani,Death,2024,21.0,6,0,1.0,21.0
SZ Mulani,Middle,2024,24.0,18,0,3.0,8.0
SZ Mulani,Powerplay,2024,12.0,6,0,1.0,12.0
Sachin Baby,Middle,2016,4.0,6,1,1.0,4.0
Sakib Hussain,Death,2026,116.0,78,8,13.0,8.92
Sakib Hussain,Middle,2026,171.0,114,5,19.0,9.0
Sakib Hussain,Powerplay,2026,110.0,60,3,10.0,11.0
Sandeep Sharma,Death,2013,46.0,24,2,4.0,11.5
Sandeep Sharma,Death,2014,94.0,43,5,7.17,13.11
Sandeep Sharma,Death,2015,69.0,42,3,7.0,9.86
Sandeep Sharma,Death,2016,143.0,84,8,14.0,10.21
Sandeep Sharma,Death,2017,151.0,84,8,14.0,10.79
Sandeep Sharma,Death,2018,9.0,12,4,2.0,4.5
Sandeep Sharma,Death,2019,94.0,76,8,12.67,7.42
Sandeep Sharma,Death,2021,148.0,87,4,14.5,10.21
Sandeep Sharma,Death,2022,48.0,18,0,3.0,16.0
Sandeep Sharma,Death,2023,144.0,90,12,15.0,9.6
Sandeep Sharma,Death,2024,137.0,84,9,14.0,9.79
Sandeep Sharma,Death,2025,201.0,99,7,16.5,12.18
Sandeep Sharma,Death,2026,105.0,46,2,7.67,13.69
Sandeep Sharma,Middle,2013,18.0,24,2,4.0,4.5
Sandeep Sharma,Middle,2014,24.0,18,1,3.0,8.0
Sandeep Sharma,Middle,2015,36.0,42,3,7.0,5.14
Sandeep Sharma,Middle,2016,67.0,54,5,9.0,7.44
Sandeep Sharma,Middle,2017,31.0,18,0,3.0,10.33
Sandeep Sharma,Middle,2018,147.0,102,5,17.0,8.65
Sandeep Sharma,Middle,2019,138.0,102,4,17.0,8.12
Sandeep Sharma,Middle,2021,124.0,84,4,14.0,8.86
Sandeep Sharma,Middle,2022,41.0,30,1,5.0,8.2
Sandeep Sharma,Middle,2023,59.0,36,1,6.0,9.83
Sandeep Sharma,Middle,2024,60.0,54,1,9.0,6.67
Sandeep Sharma,Middle,2025,78.0,48,0,8.0,9.75
Sandeep Sharma,Middle,2026,25.0,18,2,3.0,8.33
Sandeep Sharma,Powerplay,2013,55.0,48,4,8.0,6.88
Sandeep Sharma,Powerplay,2014,236.0,180,13,30.0,7.87
Sandeep Sharma,Powerplay,2015,245.0,216,7,36.0,6.81
Sandeep Sharma,Powerplay,2016,156.0,162,6,27.0,5.78
Sandeep Sharma,Powerplay,2017,216.0,186,9,31.0,6.97
Sandeep Sharma,Powerplay,2018,177.0,150,5,25.0,7.08
Sandeep Sharma,Powerplay,2019,120.0,78,1,13.0,9.23
Sandeep Sharma,Powerplay,2021,305.0,282,9,47.0,6.49
Sandeep Sharma,Powerplay,2022,64.0,72,2,12.0,5.33
Sandeep Sharma,Powerplay,2023,193.0,150,2,25.0,7.72
Sandeep Sharma,Powerplay,2024,114.0,90,5,15.0,7.6
Sandeep Sharma,Powerplay,2025,95.0,76,3,12.67,7.5
Sandeep Sharma,Powerplay,2026,94.0,54,2,9.0,10.44
Shahbaz Ahmed,Death,2021,20.0,24,4,4.0,5.0
Shahbaz Ahmed,Death,2023,19.0,6,0,1.0,19.0
Shahbaz Ahmed,Death,2025,14.0,9,1,1.5,9.33
Shahbaz Ahmed,Death,2026,37.0,13,2,2.17,17.05
Shahbaz Ahmed,Middle,2021,93.0,78,5,13.0,7.15
Shahbaz Ahmed,Middle,2022,247.0,150,4,25.0,9.88
Shahbaz Ahmed,Middle,2023,35.0,24,1,4.0,8.75
Shahbaz Ahmed,Middle,2024,193.0,111,5,18.5,10.43
Shahbaz Ahmed,Middle,2025,77.0,36,0,6.0,12.83
Shahbaz Ahmed,Middle,2026,93.0,54,3,9.0,10.33
Shahbaz Ahmed,Powerplay,2021,23.0,18,0,3.0,7.67
Shahbaz Ahmed,Powerplay,2022,89.0,60,0,10.0,8.9
Shahbaz Ahmed,Powerplay,2023,41.0,12,0,2.0,20.5
Shahbaz Ahmed,Powerplay,2024,77.0,54,2,9.0,8.56
Shahbaz Ahmed,Powerplay,2025,11.0,6,0,1.0,11.0
Shahid Afridi,Death,2008,57.0,36,2,6.0,9.5
Shahid Afridi,Middle,2008,142.0,120,6,20.0,7.1
Shahid Afridi,Powerplay,2008,26.0,24,1,4.0,6.5
Shakib Al Hasan,Death,2011,34.0,27,4,4.5,7.56
Shakib Al Hasan,Death,2012,60.0,48,6,8.0,7.5
Shakib Al Hasan,Death,2014,57.0,36,3,6.0,9.5
Shakib Al Hasan,Death,2015,54.0,24,1,4.0,13.5
Shakib Al Hasan,Death,2016,43.0,30,0,5.0,8.6
Shakib Al Hasan,Death,2018,41.0,24,0,4.0,10.25
Shakib Al Hasan,Middle,2011,98.0,90,6,15.0,6.53
Shakib Al Hasan,Middle,2012,57.0,66,4,11.0,5.18
Shakib Al Hasan,Middle,2014,196.0,186,9,31.0,6.32
Shakib Al Hasan,Middle,2015,31.0,36,2,6.0,5.17
Shakib Al Hasan,Middle,2016,124.0,96,2,16.0,7.75
Shakib Al Hasan,Middle,2018,306.0,240,11,40.0,7.65
Shakib Al Hasan,Middle,2019,52.0,36,1,6.0,8.67
Shakib Al Hasan,Middle,2021,107.0,90,3,15.0,7.13
Shakib Al Hasan,Powerplay,2011,43.0,36,1,6.0,7.17
Shakib Al Hasan,Powerplay,2012,78.0,66,2,11.0,7.09
Shakib Al Hasan,Powerplay,2014,81.0,78,3,13.0,6.23
Shakib Al Hasan,Powerplay,2015,38.0,24,2,4.0,9.5
Shakib Al Hasan,Powerplay,2016,76.0,60,3,10.0,7.6
Shakib Al Hasan,Powerplay,2017,31.0,18,0,3.0,10.33
Shakib Al Hasan,Powerplay,2018,109.0,78,5,13.0,8.38
Shakib Al Hasan,Powerplay,2019,25.0,24,1,4.0,6.25
Shakib Al Hasan,Powerplay,2021,80.0,66,2,11.0,7.27
Shashank Singh,Death,2025,16.0,6,0,1.0,16.0
Shashank Singh,Death,2026,27.0,12,1,2.0,13.5
Shashank Singh,Middle,2022,20.0,12,0,2.0,10.0
Shashank Singh,Middle,2024,5.0,6,1,1.0,5.0
Shashank Singh,Middle,2025,11.0,6,0,1.0,11.0
Shashank Singh,Middle,2026,61.0,48,3,8.0,7.62
Shivam Mavi,Death,2018,96.0,42,3,7.0,13.71
Shivam Mavi,Death,2021,147.0,91,8,15.17,9.69
Shivam Mavi,Death,2022,107.0,54,4,9.0,11.89
Shivam Mavi,Middle,2018,52.0,48,3,8.0,6.5
Shivam Mavi,Middle,2021,84.0,78,6,13.0,6.46
Shivam Mavi,Middle,2022,49.0,36,0,6.0,8.17
Shivam Mavi,Powerplay,2018,122.0,78,1,13.0,9.38
Shivam Mavi,Powerplay,2021,214.0,180,7,30.0,7.13
Shivam Mavi,Powerplay,2022,71.0,42,1,7.0,10.14
Shivam Sharma,Death,2014,26.0,18,0,3.0,8.67
Shivam Sharma,Death,2015,12.0,6,0,1.0,12.0
Shivam Sharma,Middle,2014,95.0,78,3,13.0,7.31
Shivam Sharma,Middle,2015,32.0,12,1,2.0,16.0
Shivang Kumar,Death,2026,25.0,12,2,2.0,12.5
Shivang Kumar,Middle,2026,327.0,216,9,36.0,9.08
Shivang Kumar,Powerplay,2026,23.0,6,0,1.0,23.0
Shoaib Ahmed,Death,2009,42.0,18,0,3.0,14.0
Shoaib Ahmed,Middle,2009,73.0,66,4,11.0,6.64
Shoaib Ahmed,Powerplay,2009,37.0,18,1,3.0,12.33
Shoaib Akhtar,Powerplay,2008,54.0,42,5,7.0,7.71
Shoaib Malik,Death,2008,25.0,15,1,2.5,10.0
Shoaib Malik,Middle,2008,60.0,36,1,6.0,10.0
Sikandar Raza,Middle,2023,91.0,60,3,10.0,9.1
Sikandar Raza,Middle,2024,22.0,12,0,2.0,11.0
Sikandar Raza,Powerplay,2023,28.0,12,0,2.0,14.0
Simarjeet Singh,Death,2022,12.0,12,1,2.0,6.0
Simarjeet Singh,Death,2024,35.0,18,1,3.0,11.67
Simarjeet Singh,Death,2025,17.0,6,0,1.0,17.0
Simarjeet Singh,Middle,2022,4.0,6,0,1.0,4.0
Simarjeet Singh,Middle,2024,74.0,48,5,8.0,9.25
Simarjeet Singh,Middle,2025,53.0,24,0,4.0,13.25
Simarjeet Singh,Powerplay,2022,122.0,90,3,15.0,8.13
Simarjeet Singh,Powerplay,2024,12.0,6,0,1.0,12.0
Simarjeet Singh,Powerplay,2025,71.0,30,2,5.0,14.2
Sohail Tanvir,Death,2008,117.0,103,18,17.17,6.81
Sohail Tanvir,Middle,2008,8.0,12,0,2.0,4.0
Sohail Tanvir,Powerplay,2008,141.0,132,6,22.0,6.41
Sumit Kumar,Middle,2024,30.0,18,0,3.0,10.0
Sunny Gupta,Middle,2012,35.0,12,0,2.0,17.5
Sunny Gupta,Powerplay,2012,12.0,6,0,1.0,12.0
Suryansh Shedge,Death,2025,26.0,6,0,1.0,26.0
Suryansh Shedge,Middle,2025,14.0,12,0,2.0,7.0
Suyash Sharma,Death,2023,68.0,36,1,6.0,11.33
Suyash Sharma,Death,2025,59.0,36,1,6.0,9.83
Suyash Sharma,Death,2026,19.0,23,2,3.83,4.96
Suyash Sharma,Middle,2023,231.0,180,7,30.0,7.7
Suyash Sharma,Middle,2024,51.0,24,0,4.0,12.75
Suyash Sharma,Middle,2025,383.0,264,8,44.0,8.7
Suyash Sharma,Middle,2026,357.0,222,7,37.0,9.65
Suyash Sharma,Powerplay,2023,22.0,18,3,3.0,7.33
Swapnil Singh,Middle,2016,29.0,18,0,3.0,9.67
Swapnil Singh,Middle,2017,61.0,42,1,7.0,8.71
Swapnil Singh,Middle,2023,18.0,12,0,2.0,9.0
Swapnil Singh,Middle,2024,71.0,48,1,8.0,8.88
Swapnil Singh,Powerplay,2024,62.0,42,5,7.0,8.86
T Henderson,Death,2009,27.0,18,0,3.0,9.0
T Henderson,Middle,2009,13.0,18,1,3.0,4.33
T Natarajan,Death,2017,16.0,10,0,1.67,9.58
T Natarajan,Death,2021,292.0,179,14,29.83,9.79
T Natarajan,Death,2022,209.0,114,12,19.0,11.0
T Natarajan,Death,2023,214.0,132,11,22.0,9.73
T Natarajan,Death,2024,190.0,116,11,19.33,9.83
T Natarajan,Death,2025,18.0,6,0,1.0,18.0
T Natarajan,Death,2026,130.0,74,5,12.33,10.54
T Natarajan,Middle,2017,66.0,42,2,7.0,9.43
T Natarajan,Middle,2021,155.0,138,2,23.0,6.74
T Natarajan,Middle,2022,94.0,78,2,13.0,7.23
T Natarajan,Middle,2023,92.0,66,0,11.0,8.36
T Natarajan,Middle,2024,138.0,96,5,16.0,8.62
T Natarajan,Middle,2025,11.0,7,1,1.17,9.4
T Natarajan,Middle,2026,208.0,105,1,17.5,11.89
T Natarajan,Powerplay,2017,33.0,24,0,4.0,8.25
T Natarajan,Powerplay,2021,126.0,108,5,18.0,7.0
T Natarajan,Powerplay,2022,103.0,66,6,11.0,9.36
T Natarajan,Powerplay,2023,104.0,72,2,12.0,8.67
T Natarajan,Powerplay,2024,137.0,96,4,16.0,8.56
T Natarajan,Powerplay,2025,24.0,12,0,2.0,12.0
T Natarajan,Powerplay,2026,18.0,12,0,2.0,9.0
T Shamsi,Death,2016,42.0,18,1,3.0,14.0
T Shamsi,Middle,2016,105.0,78,2,13.0,8.08
T Shamsi,Middle,2021,34.0,24,0,4.0,8.5
T Stubbs,Death,2023,5.0,6,0,1.0,5.0
T Stubbs,Middle,2023,9.0,6,1,1.0,9.0
T Stubbs,Middle,2024,15.0,12,3,2.0,7.5
T Stubbs,Middle,2025,40.0,12,0,2.0,20.0
T Thushara,Death,2009,22.0,12,1,2.0,11.0
T Thushara,Death,2010,58.0,33,5,5.5,10.55
T Thushara,Middle,2009,4.0,6,0,1.0,4.0
T Thushara,Middle,2010,20.0,24,1,4.0,5.0
T Thushara,Powerplay,2009,34.0,30,2,5.0,6.8
T Thushara,Powerplay,2010,23.0,30,1,5.0,4.6
T Vijay,Middle,2026,11.0,6,0,1.0,11.0
T Vijay,Powerplay,2026,18.0,6,0,1.0,18.0
TA Boult,Death,2015,77.0,42,8,7.0,11.0
TA Boult,Death,2016,26.0,12,0,2.0,13.0
TA Boult,Death,2017,127.0,71,4,11.83,10.74
TA Boult,Death,2018,180.0,112,11,18.67,9.64
TA Boult,Death,2019,85.0,42,3,7.0,12.14
TA Boult,Death,2021,348.0,202,16,33.67,10.34
TA Boult,Death,2022,131.0,60,3,10.0,13.1
TA Boult,Death,2023,65.0,30,1,5.0,13.0
TA Boult,Death,2024,94.0,56,4,9.33,10.08
TA Boult,Death,2025,144.0,94,11,15.67,9.19
TA Boult,Death,2026,41.0,25,2,4.17,9.83
TA Boult,Middle,2015,43.0,36,1,6.0,7.17
TA Boult,Middle,2017,7.0,6,0,1.0,7.0
TA Boult,Middle,2018,69.0,36,3,6.0,11.5
TA Boult,Middle,2019,13.0,12,2,2.0,6.5
TA Boult,Middle,2021,73.0,60,3,10.0,7.3
TA Boult,Middle,2022,62.0,54,4,9.0,6.89
TA Boult,Middle,2023,70.0,42,2,7.0,10.0
TA Boult,Middle,2024,82.0,36,0,6.0,13.67
TA Boult,Middle,2025,115.0,72,2,12.0,9.58
TA Boult,Middle,2026,38.0,24,0,4.0,9.5
TA Boult,Powerplay,2015,116.0,90,1,15.0,7.73
TA Boult,Powerplay,2016,13.0,12,1,2.0,6.5
TA Boult,Powerplay,2017,82.0,66,1,11.0,7.45
TA Boult,Powerplay,2018,217.0,168,6,28.0,7.75
TA Boult,Powerplay,2019,65.0,60,0,10.0,6.5
TA Boult,Powerplay,2021,457.0,394,21,65.67,6.96
TA Boult,Powerplay,2022,299.0,258,11,43.0,6.95
TA Boult,Powerplay,2023,177.0,156,10,26.0,6.81
TA Boult,Powerplay,2024,267.0,228,12,38.0,7.03
TA Boult,Powerplay,2025,258.0,180,10,30.0,8.6
TA Boult,Powerplay,2026,109.0,48,0,8.0,13.62
TG Southee,Death,2011,72.0,42,1,7.0,10.29
TG Southee,Death,2014,26.0,18,0,3.0,8.67
TG Southee,Death,2015,111.0,54,3,9.0,12.33
TG Southee,Death,2016,57.0,36,2,6.0,9.5
TG Southee,Death,2017,21.0,12,1,2.0,10.5
TG Southee,Death,2018,114.0,66,6,11.0,10.36
TG Southee,Death,2019,40.0,12,0,2.0,20.0
TG Southee,Death,2021,38.0,30,4,5.0,7.6
TG Southee,Death,2022,115.0,72,8,12.0,9.58
TG Southee,Death,2023,15.0,6,0,1.0,15.0
TG Southee,Middle,2011,34.0,24,2,4.0,8.5
TG Southee,Middle,2014,11.0,6,0,1.0,11.0
TG Southee,Middle,2015,38.0,30,1,5.0,7.6
TG Southee,Middle,2016,80.0,66,3,11.0,7.27
TG Southee,Middle,2017,14.0,12,1,2.0,7.0
TG Southee,Middle,2018,19.0,18,0,3.0,6.33
TG Southee,Middle,2021,12.0,6,0,1.0,12.0
TG Southee,Middle,2022,63.0,54,3,9.0,7.0
TG Southee,Middle,2023,13.0,6,1,1.0,13.0
TG Southee,Powerplay,2011,60.0,48,1,8.0,7.5
TG Southee,Powerplay,2014,39.0,36,0,6.0,6.5
TG Southee,Powerplay,2015,98.0,84,5,14.0,7.0
TG Southee,Powerplay,2016,192.0,156,4,26.0,7.38
TG Southee,Powerplay,2017,61.0,36,1,6.0,10.17
TG Southee,Powerplay,2018,128.0,90,2,15.0,8.53
TG Southee,Powerplay,2019,78.0,42,1,7.0,11.14
TG Southee,Powerplay,2021,45.0,36,1,6.0,7.5
TG Southee,Powerplay,2022,97.0,84,5,14.0,6.93
TG Southee,Powerplay,2023,51.0,24,1,4.0,12.75
TH David,Middle,2026,18.0,6,0,1.0,18.0
TK Curran,Death,2018,42.0,24,4,4.0,10.5
TK Curran,Death,2021,191.0,87,3,14.5,13.17
TK Curran,Middle,2018,53.0,25,1,4.17,12.71
TK Curran,Middle,2021,79.0,60,4,10.0,7.9
TK Curran,Powerplay,2018,23.0,12,1,2.0,11.5
TK Curran,Powerplay,2021,42.0,30,0,5.0,8.4
TL Suman,Death,2009,32.0,18,2,3.0,10.67
TL Suman,Death,2010,16.0,6,0,1.0,16.0
TL Suman,Middle,2009,76.0,72,4,12.0,6.33
TL Suman,Middle,2010,8.0,6,0,1.0,8.0
TL Suman,Middle,2011,50.0,36,0,6.0,8.33
TL Suman,Middle,2013,10.0,6,1,1.0,10.0
TL Suman,Powerplay,2013,5.0,6,0,1.0,5.0
TM Dilshan,Death,2010,22.0,19,1,3.17,6.94
TM Dilshan,Death,2011,9.0,6,0,1.0,9.0
TM Dilshan,Middle,2008,3.0,6,1,1.0,3.0
TM Dilshan,Middle,2009,95.0,90,0,15.0,6.33
TM Dilshan,Middle,2010,48.0,30,2,5.0,9.6
TM Dilshan,Middle,2011,64.0,42,1,7.0,9.14
TM Dilshan,Middle,2012,53.0,30,0,5.0,10.6
TM Dilshan,Middle,2013,10.0,6,0,1.0,10.0
TM Dilshan,Powerplay,2009,3.0,6,0,1.0,3.0
TM Dilshan,Powerplay,2011,35.0,24,0,4.0,8.75
TM Dilshan,Powerplay,2012,24.0,12,0,2.0,12.0
TM Head,Death,2017,27.0,18,3,3.0,9.0
TM Head,Death,2026,7.0,6,1,1.0,7.0
TM Head,Middle,2017,54.0,30,0,5.0,10.8
TM Head,Middle,2024,32.0,10,0,1.67,19.16
TP Sudhindra,Death,2012,49.0,22,0,3.67,13.35
TP Sudhindra,Middle,2012,47.0,24,1,4.0,11.75
TP Sudhindra,Powerplay,2012,40.0,24,0,4.0,10.0
TS Mills,Death,2017,61.0,41,2,6.83,8.93
TS Mills,Death,2022,48.0,24,2,4.0,12.0
TS Mills,Middle,2017,36.0,24,0,4.0,9.0
TS Mills,Middle,2022,95.0,48,1,8.0,11.88
TS Mills,Powerplay,2017,56.0,42,3,7.0,8.0
TS Mills,Powerplay,2022,47.0,30,3,5.0,9.4
TU Deshpande,Death,2021,45.0,24,1,4.0,11.25
TU Deshpande,Death,2023,294.0,137,13,22.83,12.88
TU Deshpande,Death,2024,159.0,96,11,16.0,9.94
TU Deshpande,Death,2025,106.0,54,5,9.0,11.78
TU Deshpande,Death,2026,99.0,48,3,8.0,12.38
TU Deshpande,Middle,2021,85.0,42,1,7.0,12.14
TU Deshpande,Middle,2022,23.0,12,1,2.0,11.5
TU Deshpande,Middle,2023,18.0,12,3,2.0,9.0
TU Deshpande,Middle,2024,60.0,42,1,7.0,8.57
TU Deshpande,Middle,2025,112.0,72,1,12.0,9.33
TU Deshpande,Middle,2026,95.0,42,2,7.0,13.57
TU Deshpande,Powerplay,2021,62.0,36,1,6.0,10.33
TU Deshpande,Powerplay,2022,40.0,30,0,5.0,8.0
TU Deshpande,Powerplay,2023,252.0,192,8,32.0,7.88
TU Deshpande,Powerplay,2024,205.0,150,6,25.0,8.2
TU Deshpande,Powerplay,2025,122.0,66,3,11.0,11.09
TU Deshpande,Powerplay,2026,81.0,48,0,8.0,10.12
Tejas Baroka,Middle,2017,16.0,12,0,2.0,8.0
Tejas Baroka,Powerplay,2017,8.0,6,0,1.0,8.0
Tilak Varma,Middle,2022,6.0,6,0,1.0,6.0
Tilak Varma,Middle,2023,7.0,6,0,1.0,7.0
Tilak Varma,Powerplay,2022,7.0,6,0,1.0,7.0
UT Yadav,Death,2010,42.0,36,3,6.0,7.0
UT Yadav,Death,2011,18.0,12,0,2.0,9.0
UT Yadav,Death,2012,199.0,138,11,23.0,8.65
UT Yadav,Death,2013,247.0,144,15,24.0,10.29
UT Yadav,Death,2014,131.0,78,5,13.0,10.08
UT Yadav,Death,2015,152.0,90,7,15.0,10.13
UT Yadav,Death,2016,104.0,54,9,9.0,11.56
UT Yadav,Death,2017,93.0,48,7,8.0,11.62
UT Yadav,Death,2018,87.0,37,1,6.17,14.1
UT Yadav,Death,2019,132.0,59,4,9.83,13.43
UT Yadav,Death,2022,36.0,18,1,3.0,12.0
UT Yadav,Death,2023,13.0,6,0,1.0,13.0
UT Yadav,Death,2024,31.0,12,2,2.0,15.5
UT Yadav,Middle,2010,81.0,66,4,11.0,7.36
UT Yadav,Middle,2011,75.0,60,3,10.0,7.5
UT Yadav,Middle,2012,132.0,114,7,19.0,6.95
UT Yadav,Middle,2013,129.0,95,1,15.83,8.15
UT Yadav,Middle,2014,106.0,84,2,14.0,7.57
UT Yadav,Middle,2015,67.0,36,1,6.0,11.17
UT Yadav,Middle,2016,66.0,54,0,9.0,7.33
UT Yadav,Middle,2017,109.0,87,4,14.5,7.52
UT Yadav,Middle,2018,122.0,96,5,16.0,7.62
UT Yadav,Middle,2019,60.0,42,1,7.0,8.57
UT Yadav,Middle,2021,44.0,18,0,3.0,14.67
UT Yadav,Middle,2022,104.0,84,7,14.0,7.43
UT Yadav,Middle,2023,53.0,24,1,4.0,13.25
UT Yadav,Middle,2024,30.0,12,1,2.0,15.0
UT Yadav,Powerplay,2010,61.0,42,1,7.0,8.71
UT Yadav,Powerplay,2011,76.0,36,0,6.0,12.67
UT Yadav,Powerplay,2012,122.0,114,4,19.0,6.42
UT Yadav,Powerplay,2013,147.0,114,4,19.0,7.74
UT Yadav,Powerplay,2014,130.0,108,5,18.0,7.22
UT Yadav,Powerplay,2015,163.0,126,4,21.0,7.76
UT Yadav,Powerplay,2016,64.0,48,3,8.0,8.0
UT Yadav,Powerplay,2017,208.0,156,7,26.0,8.0
UT Yadav,Powerplay,2018,209.0,186,14,31.0,6.74
UT Yadav,Powerplay,2019,179.0,126,4,21.0,8.52
UT Yadav,Powerplay,2021,39.0,24,1,4.0,9.75
UT Yadav,Powerplay,2022,199.0,186,8,31.0,6.42
UT Yadav,Powerplay,2023,123.0,84,0,14.0,8.79
UT Yadav,Powerplay,2024,149.0,102,6,17.0,8.76
Umar Gul,Death,2008,86.0,45,5,7.5,11.47
Umar Gul,Middle,2008,60.0,54,4,9.0,6.67
Umar Gul,Powerplay,2008,38.0,36,5,6.0,6.33
Umran Malik,Death,2021,24.0,12,0,2.0,12.0
Umran Malik,Death,2022,47.0,37,6,6.17,7.62
Umran Malik,Death,2023,55.0,24,1,4.0,13.75
Umran Malik,Middle,2021,47.0,48,2,8.0,5.88
Umran Malik,Middle,2022,355.0,246,17,41.0,8.66
Umran Malik,Middle,2023,134.0,90,5,15.0,8.93
Umran Malik,Middle,2024,15.0,6,0,1.0,15.0
Umran Malik,Powerplay,2021,25.0,12,0,2.0,12.5
Umran Malik,Powerplay,2022,42.0,12,0,2.0,21.0
Umran Malik,Powerplay,2023,28.0,6,0,1.0,28.0
V Kaverappa,Middle,2024,16.0,6,0,1.0,16.0
V Kaverappa,Powerplay,2024,20.0,18,2,3.0,6.67
V Kohli,Death,2008,9.0,6,1,1.0,9.0
V Kohli,Death,2011,18.0,12,0,2.0,9.0
V Kohli,Death,2012,28.0,6,0,1.0,28.0
V Kohli,Middle,2008,52.0,40,1,6.67,7.8
V Kohli,Middle,2009,46.0,36,0,6.0,7.67
V Kohli,Middle,2010,49.0,30,0,5.0,9.8
V Kohli,Middle,2011,121.0,90,2,15.0,8.07
V Kohli,Middle,2012,21.0,12,0,2.0,10.5
V Kohli,Middle,2015,10.0,11,1,1.83,5.46
V Kohli,Middle,2016,13.0,6,0,1.0,13.0
V Nigam,Death,2025,37.0,36,2,6.0,6.17
V Nigam,Middle,2025,243.0,150,5,25.0,9.72
V Nigam,Middle,2026,106.0,48,2,8.0,13.25
V Nigam,Powerplay,2025,76.0,48,5,8.0,9.5
V Nigam,Powerplay,2026,7.0,6,0,1.0,7.0
V Pratap Singh,Death,2012,71.0,42,6,7.0,10.14
V Pratap Singh,Middle,2012,89.0,66,3,11.0,8.09
V Pratap Singh,Powerplay,2012,136.0,96,3,16.0,8.5
V Puthur,Death,2025,24.0,12,0,2.0,12.0
V Puthur,Middle,2025,85.0,60,6,10.0,8.5
V Sehwag,Death,2008,37.0,12,1,2.0,18.5
V Sehwag,Death,2012,11.0,6,0,1.0,11.0
V Sehwag,Middle,2008,74.0,48,2,8.0,9.25
V Sehwag,Middle,2010,21.0,30,2,5.0,4.2
V Sehwag,Middle,2012,34.0,18,0,3.0,11.33
V Sehwag,Middle,2013,9.0,6,0,1.0,9.0
V Sehwag,Powerplay,2008,22.0,6,0,1.0,22.0
V Sehwag,Powerplay,2009,25.0,6,0,1.0,25.0
V Shankar,Death,2019,29.0,18,1,3.0,9.67
V Shankar,Death,2021,36.0,24,2,4.0,9.0
V Shankar,Middle,2014,19.0,6,0,1.0,19.0
V Shankar,Middle,2018,58.0,30,1,5.0,11.6
V Shankar,Middle,2019,41.0,30,1,5.0,8.2
V Shankar,Middle,2021,132.0,113,6,18.83,7.01
V Shankar,Middle,2022,14.0,6,1,1.0,14.0
V Shankar,Powerplay,2021,14.0,8,0,1.33,10.53
V Viyaskanth,Middle,2024,86.0,60,1,10.0,8.6
VG Arora,Death,2022,28.0,11,1,1.83,15.3
VG Arora,Death,2023,67.0,36,3,6.0,11.17
VG Arora,Death,2024,32.0,24,2,4.0,8.0
VG Arora,Death,2025,115.0,63,10,10.5,10.95
VG Arora,Death,2026,151.0,90,7,15.0,10.07
VG Arora,Middle,2022,31.0,18,0,3.0,10.33
VG Arora,Middle,2023,1.0,6,2,1.0,1.0
VG Arora,Middle,2024,33.0,12,0,2.0,16.5
VG Arora,Middle,2025,88.0,42,3,7.0,12.57
VG Arora,Middle,2026,45.0,24,1,4.0,11.25
VG Arora,Powerplay,2022,105.0,78,3,13.0,8.08
VG Arora,Powerplay,2023,78.0,54,0,9.0,8.67
VG Arora,Powerplay,2024,211.0,144,9,24.0,8.79
VG Arora,Powerplay,2025,227.0,150,6,25.0,9.08
VG Arora,Powerplay,2026,194.0,114,4,19.0,10.21
VR Aaron,Death,2011,27.0,18,0,3.0,9.0
VR Aaron,Death,2012,107.0,54,2,9.0,11.89
VR Aaron,Death,2014,112.0,58,6,9.67,11.58
VR Aaron,Death,2015,24.0,8,2,1.33,18.05
VR Aaron,Death,2016,38.0,16,1,2.67,14.23
VR Aaron,Death,2017,41.0,30,2,5.0,8.2
VR Aaron,Death,2019,19.0,12,2,2.0,9.5
VR Aaron,Death,2021,14.0,6,0,1.0,14.0
VR Aaron,Death,2022,9.0,6,1,1.0,9.0
VR Aaron,Middle,2011,40.0,36,1,6.0,6.67
VR Aaron,Middle,2012,76.0,66,2,11.0,6.91
VR Aaron,Middle,2014,96.0,84,6,14.0,6.86
VR Aaron,Middle,2015,54.0,42,2,7.0,7.71
VR Aaron,Middle,2016,139.0,90,1,15.0,9.27
VR Aaron,Middle,2017,64.0,54,3,9.0,7.11
VR Aaron,Middle,2019,42.0,18,0,3.0,14.0
VR Aaron,Middle,2022,24.0,12,0,2.0,12.0
VR Aaron,Powerplay,2011,15.0,18,1,3.0,5.0
VR Aaron,Powerplay,2012,88.0,66,5,11.0,8.0
VR Aaron,Powerplay,2014,91.0,78,4,13.0,7.0
VR Aaron,Powerplay,2015,99.0,54,0,9.0,11.0
VR Aaron,Powerplay,2016,50.0,36,0,6.0,8.33
VR Aaron,Powerplay,2017,58.0,36,2,6.0,9.67
VR Aaron,Powerplay,2019,55.0,42,2,7.0,7.86
VR Aaron,Powerplay,2021,80.0,42,0,7.0,11.43
VR Aaron,Powerplay,2022,19.0,12,1,2.0,9.5
VR Iyer,Death,2021,31.0,21,2,3.5,8.86
VR Iyer,Death,2022,24.0,12,0,2.0,12.0
VR Iyer,Middle,2021,38.0,30,1,5.0,7.6
VR Iyer,Middle,2022,22.0,12,0,2.0,11.0
VR Iyer,Middle,2024,28.0,6,0,1.0,28.0
VRV Singh,Death,2008,129.0,90,10,15.0,8.6
VRV Singh,Death,2009,14.0,12,1,2.0,7.0
VRV Singh,Death,2010,15.0,6,0,1.0,15.0
VRV Singh,Middle,2008,190.0,144,4,24.0,7.92
VRV Singh,Middle,2009,46.0,24,0,4.0,11.5
VRV Singh,Middle,2010,14.0,6,0,1.0,14.0
VRV Singh,Powerplay,2008,101.0,54,1,9.0,11.22
VRV Singh,Powerplay,2009,22.0,18,0,3.0,7.33
VRV Singh,Powerplay,2010,11.0,6,0,1.0,11.0
VS Malik,Death,2009,8.0,6,0,1.0,8.0
VS Malik,Middle,2009,20.0,18,0,3.0,6.67
VS Malik,Middle,2010,36.0,24,1,4.0,9.0
VS Malik,Middle,2011,13.0,12,0,2.0,6.5
VS Malik,Middle,2013,20.0,12,0,2.0,10.0
VS Malik,Middle,2014,5.0,6,1,1.0,5.0
VS Malik,Powerplay,2009,70.0,48,2,8.0,8.75
VS Malik,Powerplay,2010,22.0,18,0,3.0,7.33
VS Malik,Powerplay,2013,39.0,48,2,8.0,4.88
VS Malik,Powerplay,2014,24.0,12,0,2.0,12.0
VS Yeligati,Death,2008,13.0,6,0,1.0,13.0
VS Yeligati,Middle,2008,34.0,18,0,3.0,11.33
VS Yeligati,Powerplay,2008,12.0,6,0,1.0,12.0
VY Mahesh,Death,2008,69.0,55,10,9.17,7.52
VY Mahesh,Death,2010,1.0,6,1,1.0,1.0
VY Mahesh,Middle,2008,177.0,132,4,22.0,8.05
VY Mahesh,Middle,2010,22.0,12,0,2.0,11.0
VY Mahesh,Middle,2012,71.0,54,3,9.0,7.89
VY Mahesh,Powerplay,2008,124.0,66,3,11.0,11.27
VY Mahesh,Powerplay,2009,25.0,12,1,2.0,12.5
Vijaykumar Vyshak,Death,2023,75.0,36,4,6.0,12.5
Vijaykumar Vyshak,Death,2024,21.0,9,3,1.5,14.0
Vijaykumar Vyshak,Death,2025,79.0,36,1,6.0,13.17
Vijaykumar Vyshak,Death,2026,79.0,42,5,7.0,11.29
Vijaykumar Vyshak,Middle,2023,121.0,72,5,12.0,10.08
Vijaykumar Vyshak,Middle,2024,121.0,78,3,13.0,9.31
Vijaykumar Vyshak,Middle,2025,93.0,60,3,10.0,9.3
Vijaykumar Vyshak,Middle,2026,170.0,108,4,18.0,9.44
Vijaykumar Vyshak,Powerplay,2023,57.0,36,2,6.0,9.5
Vijaykumar Vyshak,Powerplay,2025,9.0,6,0,1.0,9.0
Vijaykumar Vyshak,Powerplay,2026,81.0,36,1,6.0,13.5
Vivrant Sharma,Middle,2023,37.0,18,0,3.0,12.33
W O'Rourke,Death,2025,30.0,14,2,2.33,12.88
W O'Rourke,Middle,2025,50.0,24,2,4.0,12.5
W O'Rourke,Powerplay,2025,52.0,24,2,4.0,13.0
WA Mota,Death,2009,47.0,24,1,4.0,11.75
WA Mota,Middle,2008,36.0,18,1,3.0,12.0
WA Mota,Middle,2009,14.0,30,2,5.0,2.8
WD Parnell,Death,2011,75.0,62,7,10.33,7.26
WD Parnell,Death,2012,59.0,54,5,9.0,6.56
WD Parnell,Death,2013,71.0,35,3,5.83,12.18
WD Parnell,Death,2014,82.0,55,4,9.17,8.94
WD Parnell,Death,2023,48.0,25,2,4.17,11.51
WD Parnell,Middle,2011,30.0,30,0,5.0,6.0
WD Parnell,Middle,2012,21.0,18,0,3.0,7.0
WD Parnell,Middle,2013,10.0,12,1,2.0,5.0
WD Parnell,Middle,2014,30.0,36,1,6.0,5.0
WD Parnell,Middle,2023,47.0,24,1,4.0,11.75
WD Parnell,Powerplay,2011,108.0,84,3,14.0,7.71
WD Parnell,Powerplay,2012,48.0,54,2,9.0,5.33
WD Parnell,Powerplay,2013,56.0,42,3,7.0,8.0
WD Parnell,Powerplay,2014,111.0,90,2,15.0,7.4
WD Parnell,Powerplay,2023,141.0,102,6,17.0,8.29
WG Jacks,Death,2025,11.0,6,0,1.0,11.0
WG Jacks,Middle,2024,66.0,30,1,5.0,13.2
WG Jacks,Middle,2025,83.0,66,5,11.0,7.55
WG Jacks,Middle,2026,36.0,24,1,4.0,9.0
WG Jacks,Powerplay,2024,34.0,24,1,4.0,8.5
WG Jacks,Powerplay,2025,26.0,12,1,2.0,13.0
WG Jacks,Powerplay,2026,51.0,24,1,4.0,12.75
WPUJC Vaas,Death,2008,42.0,18,1,3.0,14.0
WPUJC Vaas,Death,2009,28.0,12,1,2.0,14.0
WPUJC Vaas,Death,2010,24.0,18,2,3.0,8.0
WPUJC Vaas,Middle,2008,6.0,6,0,1.0,6.0
WPUJC Vaas,Middle,2009,9.0,6,1,1.0,9.0
WPUJC Vaas,Middle,2010,42.0,24,0,4.0,10.5
WPUJC Vaas,Powerplay,2008,97.0,78,5,13.0,7.46
WPUJC Vaas,Powerplay,2009,34.0,30,3,5.0,6.8
WPUJC Vaas,Powerplay,2010,73.0,90,9,15.0,4.87
Washington Sundar,Death,2017,6.0,6,1,1.0,6.0
Washington Sundar,Death,2018,5.0,6,0,1.0,5.0
Washington Sundar,Death,2019,4.0,6,1,1.0,4.0
Washington Sundar,Death,2021,24.0,18,2,3.0,8.0
Washington Sundar,Death,2022,52.0,18,0,3.0,17.33
Washington Sundar,Death,2023,13.0,10,0,1.67,7.78
Washington Sundar,Death,2025,21.0,17,1,2.83,7.42
Washington Sundar,Death,2026,21.0,7,0,1.17,17.95
Washington Sundar,Middle,2017,61.0,66,3,11.0,5.55
Washington Sundar,Middle,2018,110.0,78,4,13.0,8.46
Washington Sundar,Middle,2019,61.0,42,3,7.0,8.71
Washington Sundar,Middle,2021,240.0,234,5,39.0,6.15
Washington Sundar,Middle,2022,125.0,102,3,17.0,7.35
Washington Sundar,Middle,2023,77.0,72,3,12.0,6.42
Washington Sundar,Middle,2024,27.0,18,0,3.0,9.0
Washington Sundar,Middle,2025,69.0,42,1,7.0,9.86
Washington Sundar,Middle,2026,63.0,48,1,8.0,7.88
Washington Sundar,Powerplay,2017,118.0,108,5,18.0,6.56
Washington Sundar,Powerplay,2018,77.0,36,0,6.0,12.83
Washington Sundar,Powerplay,2019,9.0,6,0,1.0,9.0
Washington Sundar,Powerplay,2021,152.0,144,5,24.0,6.33
Washington Sundar,Powerplay,2022,62.0,48,3,8.0,7.75
Washington Sundar,Powerplay,2023,56.0,24,0,4.0,14.0
Washington Sundar,Powerplay,2024,46.0,12,1,2.0,23.0
Washington Sundar,Powerplay,2025,21.0,6,0,1.0,21.0
XC Bartlett,Death,2026,126.0,71,2,11.83,10.65
XC Bartlett,Middle,2025,24.0,12,0,2.0,12.0
XC Bartlett,Middle,2026,81.0,42,0,7.0,11.57
XC Bartlett,Powerplay,2025,72.0,48,2,8.0,9.0
XC Bartlett,Powerplay,2026,181.0,88,3,14.67,12.34
Y Gnaneswara Rao,Middle,2011,7.0,6,0,1.0,7.0
Y Nagar,Middle,2009,20.0,12,2,2.0,10.0
Y Nagar,Middle,2010,18.0,12,1,2.0,9.0
Y Nagar,Middle,2011,67.0,30,1,5.0,13.4
Y Nagar,Middle,2012,10.0,6,0,1.0,10.0
Y Nagar,Powerplay,2010,10.0,6,0,1.0,10.0
Y Prithvi Raj,Middle,2019,24.0,18,1,3.0,8.0
Y Prithvi Raj,Powerplay,2019,33.0,12,0,2.0,16.5
Y Venugopal Rao,Death,2009,53.0,24,1,4.0,13.25
Y Venugopal Rao,Middle,2008,116.0,72,2,12.0,9.67
Y Venugopal Rao,Middle,2009,59.0,54,3,9.0,6.56
Y Venugopal Rao,Middle,2010,10.0,6,0,1.0,10.0
Y Venugopal Rao,Middle,2011,12.0,6,0,1.0,12.0
Y Venugopal Rao,Middle,2012,13.0,6,0,1.0,13.0
Y Venugopal Rao,Middle,2014,7.0,6,0,1.0,7.0
Y Venugopal Rao,Powerplay,2008,21.0,12,1,2.0,10.5
Y Venugopal Rao,Powerplay,2009,10.0,12,0,2.0,5.0
Y Venugopal Rao,Powerplay,2011,14.0,6,0,1.0,14.0
Y Venugopal Rao,Powerplay,2012,13.0,6,0,1.0,13.0
Y Venugopal Rao,Powerplay,2014,9.0,6,0,1.0,9.0
YA Abdulla,Death,2009,90.0,48,6,8.0,11.25
YA Abdulla,Death,2010,24.0,11,0,1.83,13.11
YA Abdulla,Middle,2009,59.0,42,1,7.0,8.43
YA Abdulla,Middle,2010,31.0,24,1,4.0,7.75
YA Abdulla,Powerplay,2009,92.0,78,7,13.0,7.08
YA Abdulla,Powerplay,2010,11.0,6,0,1.0,11.0
YK Pathan,Death,2008,35.0,13,0,2.17,16.13
YK Pathan,Death,2009,26.0,18,2,3.0,8.67
YK Pathan,Death,2010,24.0,24,2,4.0,6.0
YK Pathan,Death,2011,9.0,12,0,2.0,4.5
YK Pathan,Death,2013,17.0,6,0,1.0,17.0
YK Pathan,Death,2015,13.0,6,0,1.0,13.0
YK Pathan,Middle,2008,167.0,126,6,21.0,7.95
YK Pathan,Middle,2009,122.0,96,0,16.0,7.62
YK Pathan,Middle,2010,125.0,96,2,16.0,7.81
YK Pathan,Middle,2011,171.0,168,10,28.0,6.11
YK Pathan,Middle,2012,131.0,96,3,16.0,8.19
YK Pathan,Middle,2013,28.0,24,1,4.0,7.0
YK Pathan,Middle,2014,10.0,6,0,1.0,10.0
YK Pathan,Middle,2015,84.0,54,2,9.0,9.33
YK Pathan,Middle,2016,12.0,12,1,2.0,6.0
YK Pathan,Middle,2017,24.0,18,1,3.0,8.0
YK Pathan,Middle,2018,14.0,12,1,2.0,7.0
YK Pathan,Middle,2019,8.0,6,0,1.0,8.0
YK Pathan,Powerplay,2008,28.0,30,4,5.0,5.6
YK Pathan,Powerplay,2009,95.0,96,5,16.0,5.94
YK Pathan,Powerplay,2010,97.0,84,2,14.0,6.93
YK Pathan,Powerplay,2011,58.0,54,3,9.0,6.44
YK Pathan,Powerplay,2012,51.0,36,1,6.0,8.5
YK Pathan,Powerplay,2013,28.0,24,0,4.0,7.0
YK Pathan,Powerplay,2016,21.0,24,0,4.0,5.25
YK Pathan,Powerplay,2017,17.0,6,0,1.0,17.0
YS Chahal,Death,2013,12.0,6,0,1.0,12.0
YS Chahal,Death,2014,23.0,24,1,4.0,5.75
YS Chahal,Death,2015,99.0,60,6,10.0,9.9
YS Chahal,Death,2016,71.0,43,4,7.17,9.9
YS Chahal,Death,2017,40.0,24,2,4.0,10.0
YS Chahal,Death,2018,62.0,30,2,5.0,12.4
YS Chahal,Death,2019,62.0,48,6,8.0,7.75
YS Chahal,Death,2021,149.0,102,10,17.0,8.76
YS Chahal,Death,2022,155.0,108,14,18.0,8.61
YS Chahal,Death,2023,112.0,84,12,14.0,8.0
YS Chahal,Death,2024,168.0,84,6,14.0,12.0
YS Chahal,Death,2025,52.0,30,6,5.0,10.4
YS Chahal,Death,2026,59.0,30,2,5.0,11.8
YS Chahal,Middle,2013,22.0,18,0,3.0,7.33
YS Chahal,Middle,2014,353.0,300,11,50.0,7.06
YS Chahal,Middle,2015,236.0,179,15,29.83,7.91
YS Chahal,Middle,2016,271.0,204,14,34.0,7.97
YS Chahal,Middle,2017,181.0,165,10,27.5,6.58
YS Chahal,Middle,2018,225.0,192,6,32.0,7.03
YS Chahal,Middle,2019,240.0,174,10,29.0,8.28
YS Chahal,Middle,2021,547.0,505,29,84.17,6.5
YS Chahal,Middle,2022,362.0,288,15,48.0,7.54
YS Chahal,Middle,2023,308.0,221,9,36.83,8.36
YS Chahal,Middle,2024,378.0,264,13,44.0,8.59
YS Chahal,Middle,2025,374.0,234,9,39.0,9.59
YS Chahal,Middle,2026,326.0,216,11,36.0,9.06
YS Chahal,Powerplay,2014,10.0,6,0,1.0,10.0
YS Chahal,Powerplay,2015,80.0,42,3,7.0,11.43
YS Chahal,Powerplay,2016,59.0,48,4,8.0,7.38
YS Chahal,Powerplay,2017,112.0,72,2,12.0,9.33
YS Chahal,Powerplay,2018,76.0,78,4,13.0,5.85
YS Chahal,Powerplay,2019,84.0,74,2,12.33,6.81
YS Chahal,Powerplay,2021,83.0,54,2,9.0,9.22
YS Chahal,Powerplay,2022,10.0,12,0,2.0,5.0
YS Chahal,Powerplay,2023,12.0,12,1,2.0,6.0
YS Chahal,Powerplay,2025,4.0,6,1,1.0,4.0
Yash Dayal,Death,2022,80.0,54,5,9.0,8.89
Yash Dayal,Death,2023,54.0,18,0,3.0,18.0
Yash Dayal,Death,2024,151.0,91,9,15.17,9.95
Yash Dayal,Death,2025,130.0,65,5,10.83,12.0
Yash Dayal,Middle,2022,76.0,48,3,8.0,9.5
Yash Dayal,Middle,2023,72.0,42,1,7.0,10.29
Yash Dayal,Middle,2024,39.0,30,0,5.0,7.8
Yash Dayal,Middle,2025,100.0,85,5,14.17,7.06
Yash Dayal,Powerplay,2022,140.0,90,5,15.0,9.33
Yash Dayal,Powerplay,2023,39.0,24,1,4.0,9.75
Yash Dayal,Powerplay,2024,269.0,180,7,30.0,8.97
Yash Dayal,Powerplay,2025,240.0,144,4,24.0,10.0
Yash Raj Punja,Death,2026,19.0,18,1,3.0,6.33
Yash Raj Punja,Middle,2026,248.0,156,8,26.0,9.54
Yash Raj Punja,Powerplay,2026,12.0,6,0,1.0,12.0
Yash Thakur,Death,2023,136.0,83,10,13.83,9.83
Yash Thakur,Death,2024,178.0,83,5,13.83,12.87
Yash Thakur,Death,2025,29.0,15,1,2.5,11.6
Yash Thakur,Death,2026,22.0,6,1,1.0,22.0
Yash Thakur,Middle,2023,98.0,72,3,12.0,8.17
Yash Thakur,Middle,2024,137.0,76,2,12.67,10.81
Yash Thakur,Middle,2025,9.0,6,0,1.0,9.0
Yash Thakur,Middle,2026,11.0,6,0,1.0,11.0
Yash Thakur,Powerplay,2023,55.0,36,2,6.0,9.17
Yash Thakur,Powerplay,2024,87.0,54,5,9.0,9.67
Yash Thakur,Powerplay,2025,41.0,18,0,3.0,13.67
Yash Thakur,Powerplay,2026,22.0,12,1,2.0,11.0
Yudhvir Singh,Death,2024,36.0,18,1,3.0,12.0
Yudhvir Singh,Middle,2023,11.0,6,0,1.0,11.0
Yudhvir Singh,Middle,2025,62.0,30,1,5.0,12.4
Yudhvir Singh,Powerplay,2023,59.0,42,3,7.0,8.43
Yudhvir Singh,Powerplay,2024,16.0,6,0,1.0,16.0
Yudhvir Singh,Powerplay,2025,69.0,36,3,6.0,11.5
Yuvraj Singh,Death,2008,3.0,6,2,1.0,3.0
Yuvraj Singh,Death,2009,12.0,18,0,3.0,4.0
Yuvraj Singh,Death,2010,32.0,24,2,4.0,8.0
Yuvraj Singh,Death,2011,39.0,24,2,4.0,9.75
Yuvraj Singh,Death,2014,48.0,34,0,5.67,8.47
Yuvraj Singh,Death,2015,12.0,6,0,1.0,12.0
Yuvraj Singh,Middle,2008,80.0,48,1,8.0,10.0
Yuvraj Singh,Middle,2009,130.0,102,6,17.0,7.65
Yuvraj Singh,Middle,2010,120.0,114,4,19.0,6.32
Yuvraj Singh,Middle,2011,153.0,150,7,25.0,6.12
Yuvraj Singh,Middle,2013,152.0,132,6,22.0,6.91
Yuvraj Singh,Middle,2014,139.0,102,6,17.0,8.18
Yuvraj Singh,Middle,2015,60.0,48,1,8.0,7.5
Yuvraj Singh,Middle,2016,46.0,36,0,6.0,7.67
Yuvraj Singh,Middle,2017,22.0,12,2,2.0,11.0
Yuvraj Singh,Middle,2018,23.0,12,0,2.0,11.5
Z Khan,Death,2008,91.0,60,5,10.0,9.1
Z Khan,Death,2009,49.0,36,2,6.0,8.17
Z Khan,Death,2010,138.0,92,9,15.33,9.0
Z Khan,Death,2011,169.0,120,7,20.0,8.45
Z Khan,Death,2012,193.0,138,13,23.0,8.39
Z Khan,Death,2014,40.0,32,1,5.33,7.5
Z Khan,Death,2015,58.0,36,2,6.0,9.67
Z Khan,Death,2016,118.0,63,4,10.5,11.24
Z Khan,Death,2017,60.0,30,3,5.0,12.0
Z Khan,Middle,2008,55.0,36,1,6.0,9.17
Z Khan,Middle,2009,21.0,24,2,4.0,5.25
Z Khan,Middle,2010,59.0,54,3,9.0,6.56
Z Khan,Middle,2011,64.0,36,1,6.0,10.67
Z Khan,Middle,2012,22.0,12,0,2.0,11.0
Z Khan,Middle,2013,26.0,12,2,2.0,13.0
Z Khan,Middle,2014,25.0,18,0,3.0,8.33
Z Khan,Middle,2015,7.0,6,0,1.0,7.0
Z Khan,Middle,2016,32.0,31,3,5.17,6.19
Z Khan,Middle,2017,103.0,72,3,12.0,8.58
Z Khan,Powerplay,2008,211.0,156,9,26.0,8.12
Z Khan,Powerplay,2009,72.0,66,3,11.0,6.55
Z Khan,Powerplay,2010,179.0,144,6,24.0,7.46
Z Khan,Powerplay,2011,222.0,198,7,33.0,6.73
Z Khan,Powerplay,2012,238.0,210,8,35.0,6.8
Z Khan,Powerplay,2013,21.0,24,3,4.0,5.25
Z Khan,Powerplay,2014,81.0,84,5,14.0,5.79
Z Khan,Powerplay,2015,91.0,103,6,17.17,5.3
Z Khan,Powerplay,2016,187.0,168,5,28.0,6.68
Z Khan,Powerplay,2017,150.0,139,6,23.17,6.47
Zeeshan Ansari,Death,2025,50.0,23,0,3.83,13.05
Zeeshan Ansari,Middle,2025,283.0,180,8,30.0,9.43
