match_id,first_bat_team,first_innings_score,second_bat_team,second_innings_score,winner,venue,season
335982,Kolkata Knight Riders,222,Royal Challengers Bangalore,82,Kolkata Knight Riders,M Chinnaswamy Stadium,2008
335983,Chennai Super Kings,240,Punjab Kings,207,Chennai Super Kings,"Punjab Cricket Association Stadium, Mohali",2008
335984,Rajasthan Royals,129,Delhi Capitals,132,Delhi Capitals,Feroz Shah Kotla,2008
335985,Mumbai Indians,165,Royal Challengers Bangalore,166,Royal Challengers Bangalore,Wankhede Stadium,2008
335986,Sunrisers Hyderabad,110,Kolkata Knight Riders,112,Kolkata Knight Riders,Eden Gardens,2008
335987,Punjab Kings,166,Rajasthan Royals,168,Rajasthan Royals,Sawai Mansingh Stadium,2008
335988,Sunrisers Hyderabad,142,Delhi Capitals,143,Delhi Capitals,"Rajiv Gandhi International Stadium, Uppal",2008
335989,Chennai Super Kings,208,Mumbai Indians,202,Chennai Super Kings,"MA Chidambaram Stadium, Chepauk",2008
335990,Sunrisers Hyderabad,214,Rajasthan Royals,217,Rajasthan Royals,"Rajiv Gandhi International Stadium, Uppal",2008
335991,Punjab Kings,182,Mumbai Indians,116,Punjab Kings,"Punjab Cricket Association Stadium, Mohali",2008
335992,Royal Challengers Bangalore,135,Rajasthan Royals,138,Rajasthan Royals,M Chinnaswamy Stadium,2008
335993,Kolkata Knight Riders,147,Chennai Super Kings,152,Chennai Super Kings,"MA Chidambaram Stadium, Chepauk",2008
335994,Mumbai Indians,154,Sunrisers Hyderabad,155,Sunrisers Hyderabad,Dr DY Patil Sports Academy,2008
335995,Delhi Capitals,158,Punjab Kings,162,Punjab Kings,"Punjab Cricket Association Stadium, Mohali",2008
335996,Chennai Super Kings,178,Royal Challengers Bangalore,165,Chennai Super Kings,M Chinnaswamy Stadium,2008
335997,Kolkata Knight Riders,137,Mumbai Indians,138,Mumbai Indians,Eden Gardens,2008
335998,Delhi Capitals,191,Royal Challengers Bangalore,181,Delhi Capitals,Feroz Shah Kotla,2008
335999,Sunrisers Hyderabad,164,Punjab Kings,167,Punjab Kings,"Rajiv Gandhi International Stadium, Uppal",2008
336000,Rajasthan Royals,196,Kolkata Knight Riders,151,Rajasthan Royals,Sawai Mansingh Stadium,2008
336001,Chennai Super Kings,169,Delhi Capitals,172,Delhi Capitals,"MA Chidambaram Stadium, Chepauk",2008
336002,Sunrisers Hyderabad,165,Royal Challengers Bangalore,171,Royal Challengers Bangalore,"Rajiv Gandhi International Stadium, Uppal",2008
336003,Punjab Kings,178,Kolkata Knight Riders,169,Punjab Kings,"Punjab Cricket Association Stadium, Mohali",2008
336004,Mumbai Indians,162,Delhi Capitals,133,Mumbai Indians,Dr DY Patil Sports Academy,2008
336005,Chennai Super Kings,109,Rajasthan Royals,110,Rajasthan Royals,Sawai Mansingh Stadium,2008
336006,Royal Challengers Bangalore,126,Punjab Kings,127,Punjab Kings,M Chinnaswamy Stadium,2008
336007,Chennai Super Kings,144,Sunrisers Hyderabad,148,Sunrisers Hyderabad,"MA Chidambaram Stadium, Chepauk",2008
336008,Rajasthan Royals,103,Mumbai Indians,104,Mumbai Indians,Dr DY Patil Sports Academy,2008
336009,Delhi Capitals,187,Chennai Super Kings,188,Chennai Super Kings,Feroz Shah Kotla,2008
336010,Kolkata Knight Riders,129,Royal Challengers Bangalore,124,Kolkata Knight Riders,Eden Gardens,2008
336011,Sunrisers Hyderabad,140,Rajasthan Royals,141,Rajasthan Royals,Sawai Mansingh Stadium,2008
336012,Royal Challengers Bangalore,122,Mumbai Indians,126,Mumbai Indians,M Chinnaswamy Stadium,2008
336013,Chennai Super Kings,181,Punjab Kings,163,Chennai Super Kings,"MA Chidambaram Stadium, Chepauk",2008
336014,Kolkata Knight Riders,204,Sunrisers Hyderabad,181,Kolkata Knight Riders,"Rajiv Gandhi International Stadium, Uppal",2008
336015,Delhi Capitals,156,Rajasthan Royals,159,Rajasthan Royals,Sawai Mansingh Stadium,2008
336016,Royal Challengers Bangalore,143,Punjab Kings,144,Punjab Kings,"Punjab Cricket Association Stadium, Mohali",2008
336017,Kolkata Knight Riders,133,Delhi Capitals,110,Kolkata Knight Riders,Eden Gardens,2008
336018,Chennai Super Kings,156,Mumbai Indians,158,Mumbai Indians,Wankhede Stadium,2008
336019,Punjab Kings,221,Rajasthan Royals,180,Punjab Kings,"Punjab Cricket Association Stadium, Mohali",2008
336020,Delhi Capitals,194,Sunrisers Hyderabad,182,Delhi Capitals,Feroz Shah Kotla,2008
336021,Kolkata Knight Riders,67,Mumbai Indians,68,Mumbai Indians,Wankhede Stadium,2008
336022,Delhi Capitals,118,Punjab Kings,94,Delhi Capitals,Feroz Shah Kotla,2008
336023,Rajasthan Royals,197,Royal Challengers Bangalore,132,Rajasthan Royals,Sawai Mansingh Stadium,2008
336024,Mumbai Indians,178,Sunrisers Hyderabad,153,Mumbai Indians,"Rajiv Gandhi International Stadium, Uppal",2008
336025,Kolkata Knight Riders,149,Chennai Super Kings,55,Kolkata Knight Riders,Eden Gardens,2008
336026,Royal Challengers Bangalore,154,Delhi Capitals,158,Delhi Capitals,M Chinnaswamy Stadium,2008
336027,Kolkata Knight Riders,147,Rajasthan Royals,150,Rajasthan Royals,Eden Gardens,2008
336028,Punjab Kings,189,Mumbai Indians,188,Punjab Kings,Wankhede Stadium,2008
336029,Royal Challengers Bangalore,126,Chennai Super Kings,112,Royal Challengers Bangalore,"MA Chidambaram Stadium, Chepauk",2008
336031,Sunrisers Hyderabad,175,Punjab Kings,178,Punjab Kings,"Punjab Cricket Association Stadium, Mohali",2008
336032,Mumbai Indians,176,Delhi Capitals,179,Delhi Capitals,Feroz Shah Kotla,2008
336033,Rajasthan Royals,211,Chennai Super Kings,201,Rajasthan Royals,"MA Chidambaram Stadium, Chepauk",2008
336034,Royal Challengers Bangalore,156,Sunrisers Hyderabad,153,Royal Challengers Bangalore,M Chinnaswamy Stadium,2008
336035,Punjab Kings,174,Kolkata Knight Riders,175,Kolkata Knight Riders,Eden Gardens,2008
336036,Mumbai Indians,145,Rajasthan Royals,146,Rajasthan Royals,Sawai Mansingh Stadium,2008
336037,Sunrisers Hyderabad,147,Chennai Super Kings,148,Chennai Super Kings,"Rajiv Gandhi International Stadium, Uppal",2008
336038,Rajasthan Royals,192,Delhi Capitals,87,Rajasthan Royals,Wankhede Stadium,2008
336039,Punjab Kings,112,Chennai Super Kings,116,Chennai Super Kings,Wankhede Stadium,2008
336040,Chennai Super Kings,163,Rajasthan Royals,164,Rajasthan Royals,Dr DY Patil Sports Academy,2008
392181,Mumbai Indians,165,Chennai Super Kings,146,Mumbai Indians,Newlands,2009
392182,Royal Challengers Bangalore,133,Rajasthan Royals,58,Royal Challengers Bangalore,Newlands,2009
392183,Punjab Kings,104,Delhi Capitals,58,Punjab Kings,Newlands,2009
392184,Kolkata Knight Riders,101,Sunrisers Hyderabad,104,Sunrisers Hyderabad,Newlands,2009
392185,Chennai Super Kings,179,Royal Challengers Bangalore,87,Chennai Super Kings,St George's Park,2009
392186,Punjab Kings,158,Kolkata Knight Riders,79,Punjab Kings,Kingsmead,2009
392188,Sunrisers Hyderabad,184,Royal Challengers Bangalore,160,Sunrisers Hyderabad,Newlands,2009
392189,Delhi Capitals,189,Chennai Super Kings,180,Delhi Capitals,Kingsmead,2009
392190,Rajasthan Royals,150,Kolkata Knight Riders,150,Kolkata Knight Riders,Newlands,2009
392191,Royal Challengers Bangalore,168,Punjab Kings,173,Punjab Kings,Kingsmead,2009
392192,Sunrisers Hyderabad,168,Mumbai Indians,156,Sunrisers Hyderabad,Kingsmead,2009
392194,Royal Challengers Bangalore,149,Delhi Capitals,150,Delhi Capitals,St George's Park,2009
392195,Punjab Kings,139,Rajasthan Royals,112,Punjab Kings,Newlands,2009
392196,Chennai Super Kings,165,Sunrisers Hyderabad,169,Sunrisers Hyderabad,Kingsmead,2009
392197,Mumbai Indians,187,Kolkata Knight Riders,95,Mumbai Indians,St George's Park,2009
392198,Delhi Capitals,143,Rajasthan Royals,147,Rajasthan Royals,SuperSport Park,2009
392199,Kolkata Knight Riders,139,Royal Challengers Bangalore,143,Royal Challengers Bangalore,Kingsmead,2009
392200,Punjab Kings,119,Mumbai Indians,116,Punjab Kings,Kingsmead,2009
392201,Sunrisers Hyderabad,148,Delhi Capitals,150,Delhi Capitals,SuperSport Park,2009
392202,Chennai Super Kings,164,Rajasthan Royals,126,Chennai Super Kings,SuperSport Park,2009
392203,Mumbai Indians,148,Kolkata Knight Riders,139,Mumbai Indians,Buffalo Park,2009
392204,Royal Challengers Bangalore,145,Punjab Kings,137,Royal Challengers Bangalore,Kingsmead,2009
392205,Sunrisers Hyderabad,141,Rajasthan Royals,142,Rajasthan Royals,St George's Park,2009
392206,Chennai Super Kings,163,Delhi Capitals,145,Chennai Super Kings,New Wanderers Stadium,2009
392207,Kolkata Knight Riders,153,Punjab Kings,154,Punjab Kings,St George's Park,2009
392208,Mumbai Indians,149,Royal Challengers Bangalore,150,Royal Challengers Bangalore,New Wanderers Stadium,2009
392209,Chennai Super Kings,178,Sunrisers Hyderabad,100,Chennai Super Kings,Buffalo Park,2009
392210,Rajasthan Royals,211,Punjab Kings,133,Rajasthan Royals,Kingsmead,2009
392211,Kolkata Knight Riders,154,Delhi Capitals,157,Delhi Capitals,Kingsmead,2009
392212,Sunrisers Hyderabad,145,Mumbai Indians,126,Sunrisers Hyderabad,SuperSport Park,2009
392213,Royal Challengers Bangalore,105,Rajasthan Royals,107,Rajasthan Royals,SuperSport Park,2009
392214,Chennai Super Kings,185,Punjab Kings,174,Chennai Super Kings,SuperSport Park,2009
392215,Mumbai Indians,116,Delhi Capitals,118,Delhi Capitals,Buffalo Park,2009
392216,Sunrisers Hyderabad,168,Punjab Kings,169,Punjab Kings,De Beers Diamond Oval,2009
392217,Rajasthan Royals,140,Chennai Super Kings,141,Chennai Super Kings,De Beers Diamond Oval,2009
392218,Mumbai Indians,157,Royal Challengers Bangalore,141,Mumbai Indians,St George's Park,2009
392219,Kolkata Knight Riders,123,Delhi Capitals,125,Delhi Capitals,New Wanderers Stadium,2009
392220,Sunrisers Hyderabad,166,Rajasthan Royals,113,Sunrisers Hyderabad,De Beers Diamond Oval,2009
392221,Kolkata Knight Riders,173,Royal Challengers Bangalore,176,Royal Challengers Bangalore,SuperSport Park,2009
392222,Punjab Kings,119,Mumbai Indians,122,Mumbai Indians,SuperSport Park,2009
392223,Delhi Capitals,173,Sunrisers Hyderabad,161,Delhi Capitals,Kingsmead,2009
392224,Chennai Super Kings,129,Royal Challengers Bangalore,132,Royal Challengers Bangalore,Kingsmead,2009
392225,Rajasthan Royals,145,Mumbai Indians,143,Rajasthan Royals,Kingsmead,2009
392226,Delhi Capitals,120,Punjab Kings,123,Punjab Kings,OUTsurance Oval,2009
392227,Mumbai Indians,147,Chennai Super Kings,151,Chennai Super Kings,St George's Park,2009
392228,Kolkata Knight Riders,160,Sunrisers Hyderabad,166,Sunrisers Hyderabad,New Wanderers Stadium,2009
392229,Punjab Kings,134,Sunrisers Hyderabad,133,Punjab Kings,New Wanderers Stadium,2009
392230,Delhi Capitals,150,Rajasthan Royals,136,Delhi Capitals,OUTsurance Oval,2009
392231,Chennai Super Kings,188,Kolkata Knight Riders,189,Kolkata Knight Riders,SuperSport Park,2009
392232,Delhi Capitals,134,Royal Challengers Bangalore,135,Royal Challengers Bangalore,New Wanderers Stadium,2009
392233,Rajasthan Royals,101,Kolkata Knight Riders,102,Kolkata Knight Riders,Kingsmead,2009
392234,Chennai Super Kings,116,Punjab Kings,92,Chennai Super Kings,Kingsmead,2009
392235,Mumbai Indians,165,Delhi Capitals,166,Delhi Capitals,SuperSport Park,2009
392236,Royal Challengers Bangalore,170,Sunrisers Hyderabad,158,Royal Challengers Bangalore,SuperSport Park,2009
392237,Delhi Capitals,153,Sunrisers Hyderabad,154,Sunrisers Hyderabad,SuperSport Park,2009
392238,Chennai Super Kings,146,Royal Challengers Bangalore,149,Royal Challengers Bangalore,New Wanderers Stadium,2009
392239,Sunrisers Hyderabad,143,Royal Challengers Bangalore,137,Sunrisers Hyderabad,New Wanderers Stadium,2009
419106,Kolkata Knight Riders,161,Sunrisers Hyderabad,150,Kolkata Knight Riders,Dr DY Patil Sports Academy,2010
419107,Mumbai Indians,212,Rajasthan Royals,208,Mumbai Indians,Brabourne Stadium,2010
419108,Punjab Kings,142,Delhi Capitals,146,Delhi Capitals,"Punjab Cricket Association Stadium, Mohali",2010
419109,Royal Challengers Bangalore,135,Kolkata Knight Riders,136,Kolkata Knight Riders,Eden Gardens,2010
419110,Sunrisers Hyderabad,190,Chennai Super Kings,159,Sunrisers Hyderabad,"MA Chidambaram Stadium, Chepauk",2010
419111,Rajasthan Royals,141,Delhi Capitals,142,Delhi Capitals,"Sardar Patel Stadium, Motera",2010
419112,Punjab Kings,203,Royal Challengers Bangalore,204,Royal Challengers Bangalore,M Chinnaswamy Stadium,2010
419113,Chennai Super Kings,164,Kolkata Knight Riders,109,Chennai Super Kings,Eden Gardens,2010
419114,Mumbai Indians,218,Delhi Capitals,120,Mumbai Indians,Feroz Shah Kotla,2010
419115,Rajasthan Royals,92,Royal Challengers Bangalore,93,Royal Challengers Bangalore,M Chinnaswamy Stadium,2010
419116,Delhi Capitals,185,Chennai Super Kings,190,Chennai Super Kings,Feroz Shah Kotla,2010
419117,Sunrisers Hyderabad,170,Punjab Kings,164,Sunrisers Hyderabad,Barabati Stadium,2010
419118,Rajasthan Royals,168,Kolkata Knight Riders,134,Rajasthan Royals,"Sardar Patel Stadium, Motera",2010
419119,Mumbai Indians,151,Royal Challengers Bangalore,155,Royal Challengers Bangalore,Brabourne Stadium,2010
419120,Sunrisers Hyderabad,171,Delhi Capitals,161,Sunrisers Hyderabad,Barabati Stadium,2010
419121,Punjab Kings,136,Chennai Super Kings,136,Chennai Super Kings,"MA Chidambaram Stadium, Chepauk",2010
419122,Kolkata Knight Riders,155,Mumbai Indians,156,Mumbai Indians,Brabourne Stadium,2010
419123,Royal Challengers Bangalore,171,Chennai Super Kings,135,Royal Challengers Bangalore,M Chinnaswamy Stadium,2010
419124,Rajasthan Royals,183,Punjab Kings,152,Rajasthan Royals,"Punjab Cricket Association Stadium, Mohali",2010
419125,Chennai Super Kings,180,Mumbai Indians,181,Mumbai Indians,"Brabourne Stadium, Mumbai",2010
419126,Sunrisers Hyderabad,148,Rajasthan Royals,151,Rajasthan Royals,"Sardar Patel Stadium, Motera",2010
419127,Kolkata Knight Riders,183,Punjab Kings,144,Kolkata Knight Riders,"Punjab Cricket Association Stadium, Mohali",2010
419128,Delhi Capitals,183,Royal Challengers Bangalore,166,Delhi Capitals,M Chinnaswamy Stadium,2010
419129,Rajasthan Royals,177,Chennai Super Kings,160,Rajasthan Royals,"Sardar Patel Stadium, Motera",2010
419130,Mumbai Indians,172,Sunrisers Hyderabad,131,Mumbai Indians,Dr DY Patil Sports Academy,2010
419131,Delhi Capitals,177,Kolkata Knight Riders,137,Delhi Capitals,Feroz Shah Kotla,2010
419132,Punjab Kings,163,Mumbai Indians,164,Mumbai Indians,Brabourne Stadium,2010
419133,Royal Challengers Bangalore,161,Chennai Super Kings,162,Chennai Super Kings,"MA Chidambaram Stadium, Chepauk",2010
419134,Delhi Capitals,188,Rajasthan Royals,121,Delhi Capitals,Feroz Shah Kotla,2010
419135,Kolkata Knight Riders,181,Sunrisers Hyderabad,157,Kolkata Knight Riders,Eden Gardens,2010
419136,Punjab Kings,181,Royal Challengers Bangalore,184,Royal Challengers Bangalore,"Punjab Cricket Association Stadium, Mohali",2010
419137,Chennai Super Kings,246,Rajasthan Royals,223,Chennai Super Kings,"MA Chidambaram Stadium, Chepauk",2010
419138,Mumbai Indians,178,Sunrisers Hyderabad,115,Mumbai Indians,Brabourne Stadium,2010
419139,Kolkata Knight Riders,200,Punjab Kings,204,Punjab Kings,Eden Gardens,2010
419140,Delhi Capitals,184,Royal Challengers Bangalore,147,Delhi Capitals,Feroz Shah Kotla,2010
419141,Rajasthan Royals,159,Sunrisers Hyderabad,157,Rajasthan Royals,"Vidarbha Cricket Association Stadium, Jamtha",2010
419142,Chennai Super Kings,165,Mumbai Indians,141,Chennai Super Kings,"MA Chidambaram Stadium, Chepauk",2010
419143,Punjab Kings,153,Rajasthan Royals,157,Rajasthan Royals,Sawai Mansingh Stadium,2010
419144,Kolkata Knight Riders,181,Delhi Capitals,167,Kolkata Knight Riders,Eden Gardens,2010
419145,Royal Challengers Bangalore,184,Sunrisers Hyderabad,186,Sunrisers Hyderabad,M Chinnaswamy Stadium,2010
419146,Mumbai Indians,154,Punjab Kings,158,Punjab Kings,"Punjab Cricket Association Stadium, Mohali",2010
419147,Chennai Super Kings,138,Sunrisers Hyderabad,139,Sunrisers Hyderabad,"Vidarbha Cricket Association Stadium, Jamtha",2010
419148,Kolkata Knight Riders,160,Royal Challengers Bangalore,162,Royal Challengers Bangalore,M Chinnaswamy Stadium,2010
419149,Delhi Capitals,111,Punjab Kings,112,Punjab Kings,Feroz Shah Kotla,2010
419150,Mumbai Indians,174,Rajasthan Royals,137,Mumbai Indians,Sawai Mansingh Stadium,2010
419151,Sunrisers Hyderabad,151,Royal Challengers Bangalore,138,Sunrisers Hyderabad,"Vidarbha Cricket Association Stadium, Jamtha",2010
419152,Mumbai Indians,183,Delhi Capitals,144,Mumbai Indians,Brabourne Stadium,2010
419153,Kolkata Knight Riders,139,Chennai Super Kings,143,Chennai Super Kings,"MA Chidambaram Stadium, Chepauk",2010
419154,Rajasthan Royals,130,Royal Challengers Bangalore,132,Royal Challengers Bangalore,Sawai Mansingh Stadium,2010
419155,Chennai Super Kings,112,Delhi Capitals,113,Delhi Capitals,"MA Chidambaram Stadium, Chepauk",2010
419156,Punjab Kings,174,Sunrisers Hyderabad,178,Sunrisers Hyderabad,Himachal Pradesh Cricket Association Stadium,2010
419157,Mumbai Indians,191,Royal Challengers Bangalore,134,Mumbai Indians,M Chinnaswamy Stadium,2010
419158,Rajasthan Royals,132,Kolkata Knight Riders,133,Kolkata Knight Riders,Eden Gardens,2010
419159,Punjab Kings,192,Chennai Super Kings,195,Chennai Super Kings,Himachal Pradesh Cricket Association Stadium,2010
419160,Sunrisers Hyderabad,145,Delhi Capitals,134,Sunrisers Hyderabad,Feroz Shah Kotla,2010
419161,Mumbai Indians,133,Kolkata Knight Riders,135,Kolkata Knight Riders,Eden Gardens,2010
419162,Mumbai Indians,184,Royal Challengers Bangalore,149,Mumbai Indians,Dr DY Patil Sports Academy,2010
419163,Chennai Super Kings,142,Sunrisers Hyderabad,104,Chennai Super Kings,Dr DY Patil Sports Academy,2010
419164,Sunrisers Hyderabad,82,Royal Challengers Bangalore,86,Royal Challengers Bangalore,Dr DY Patil Sports Academy,2010
419165,Chennai Super Kings,168,Mumbai Indians,146,Chennai Super Kings,Dr DY Patil Sports Academy,2010
501198,Chennai Super Kings,153,Kolkata Knight Riders,151,Chennai Super Kings,"MA Chidambaram Stadium, Chepauk",2011
501199,Sunrisers Hyderabad,137,Rajasthan Royals,141,Rajasthan Royals,"Rajiv Gandhi International Stadium, Uppal",2011
501200,Kochi Tuskers Kerala,161,Royal Challengers Bangalore,162,Royal Challengers Bangalore,Nehru Stadium,2011
501201,Delhi Capitals,95,Mumbai Indians,99,Mumbai Indians,Feroz Shah Kotla,2011
501202,Punjab Kings,112,Pune Warriors,113,Pune Warriors,Dr DY Patil Sports Academy,2011
501203,Kolkata Knight Riders,163,Sunrisers Hyderabad,154,Kolkata Knight Riders,Eden Gardens,2011
501204,Delhi Capitals,151,Rajasthan Royals,152,Rajasthan Royals,Sawai Mansingh Stadium,2011
501205,Royal Challengers Bangalore,140,Mumbai Indians,143,Mumbai Indians,M Chinnaswamy Stadium,2011
501206,Chennai Super Kings,188,Punjab Kings,193,Punjab Kings,"Punjab Cricket Association Stadium, Mohali",2011
501207,Kochi Tuskers Kerala,148,Pune Warriors,151,Pune Warriors,Dr DY Patil Sports Academy,2011
501208,Sunrisers Hyderabad,175,Royal Challengers Bangalore,142,Sunrisers Hyderabad,"Rajiv Gandhi International Stadium, Uppal",2011
501209,Rajasthan Royals,159,Kolkata Knight Riders,160,Kolkata Knight Riders,Sawai Mansingh Stadium,2011
501210,Mumbai Indians,182,Kochi Tuskers Kerala,184,Kochi Tuskers Kerala,Wankhede Stadium,2011
501211,Chennai Super Kings,183,Royal Challengers Bangalore,162,Chennai Super Kings,"MA Chidambaram Stadium, Chepauk",2011
501212,Sunrisers Hyderabad,165,Punjab Kings,166,Punjab Kings,"Rajiv Gandhi International Stadium, Uppal",2011
501213,Pune Warriors,187,Delhi Capitals,190,Delhi Capitals,Dr DY Patil Sports Academy,2011
501214,Rajasthan Royals,81,Kolkata Knight Riders,85,Kolkata Knight Riders,Eden Gardens,2011
501215,Chennai Super Kings,131,Kochi Tuskers Kerala,135,Kochi Tuskers Kerala,Nehru Stadium,2011
501216,Sunrisers Hyderabad,168,Delhi Capitals,152,Sunrisers Hyderabad,Feroz Shah Kotla,2011
501218,Pune Warriors,118,Mumbai Indians,124,Mumbai Indians,Wankhede Stadium,2011
501219,Kochi Tuskers Kerala,132,Kolkata Knight Riders,126,Kochi Tuskers Kerala,Eden Gardens,2011
501220,Punjab Kings,195,Rajasthan Royals,147,Punjab Kings,"Punjab Cricket Association Stadium, Mohali",2011
501221,Mumbai Indians,164,Chennai Super Kings,156,Mumbai Indians,Wankhede Stadium,2011
501222,Kolkata Knight Riders,171,Royal Challengers Bangalore,175,Royal Challengers Bangalore,Eden Gardens,2011
501223,Delhi Capitals,231,Punjab Kings,202,Delhi Capitals,Feroz Shah Kotla,2011
501224,Mumbai Indians,172,Sunrisers Hyderabad,135,Mumbai Indians,"Rajiv Gandhi International Stadium, Uppal",2011
501225,Kochi Tuskers Kerala,109,Rajasthan Royals,111,Rajasthan Royals,Sawai Mansingh Stadium,2011
501226,Chennai Super Kings,142,Pune Warriors,117,Chennai Super Kings,"MA Chidambaram Stadium, Chepauk",2011
501227,Delhi Capitals,160,Royal Challengers Bangalore,161,Royal Challengers Bangalore,Feroz Shah Kotla,2011
501228,Pune Warriors,141,Chennai Super Kings,145,Chennai Super Kings,Dr DY Patil Sports Academy,2011
501229,Sunrisers Hyderabad,129,Kochi Tuskers Kerala,74,Sunrisers Hyderabad,Nehru Stadium,2011
501230,Kolkata Knight Riders,148,Delhi Capitals,131,Kolkata Knight Riders,Feroz Shah Kotla,2011
501231,Mumbai Indians,94,Rajasthan Royals,95,Rajasthan Royals,Sawai Mansingh Stadium,2011
501232,Royal Challengers Bangalore,181,Pune Warriors,155,Royal Challengers Bangalore,M Chinnaswamy Stadium,2011
501233,Delhi Capitals,157,Kochi Tuskers Kerala,119,Delhi Capitals,Nehru Stadium,2011
501234,Punjab Kings,119,Kolkata Knight Riders,120,Kolkata Knight Riders,Eden Gardens,2011
501235,Pune Warriors,143,Rajasthan Royals,144,Rajasthan Royals,Sawai Mansingh Stadium,2011
501236,Chennai Super Kings,165,Sunrisers Hyderabad,146,Chennai Super Kings,"MA Chidambaram Stadium, Chepauk",2011
501237,Mumbai Indians,159,Punjab Kings,136,Mumbai Indians,Wankhede Stadium,2011
501238,Delhi Capitals,140,Kochi Tuskers Kerala,141,Kochi Tuskers Kerala,Feroz Shah Kotla,2011
501239,Kolkata Knight Riders,169,Sunrisers Hyderabad,149,Kolkata Knight Riders,"Rajiv Gandhi International Stadium, Uppal",2011
501240,Rajasthan Royals,147,Chennai Super Kings,149,Chennai Super Kings,"MA Chidambaram Stadium, Chepauk",2011
501241,Mumbai Indians,160,Pune Warriors,139,Mumbai Indians,Dr DY Patil Sports Academy,2011
501242,Kochi Tuskers Kerala,156,Kolkata Knight Riders,139,Kochi Tuskers Kerala,Nehru Stadium,2011
501243,Sunrisers Hyderabad,175,Delhi Capitals,179,Delhi Capitals,"Rajiv Gandhi International Stadium, Uppal",2011
501244,Royal Challengers Bangalore,205,Punjab Kings,120,Royal Challengers Bangalore,M Chinnaswamy Stadium,2011
501245,Chennai Super Kings,114,Kolkata Knight Riders,61,Chennai Super Kings,Eden Gardens,2011
501246,Mumbai Indians,178,Delhi Capitals,146,Mumbai Indians,Wankhede Stadium,2011
501247,Kochi Tuskers Kerala,125,Royal Challengers Bangalore,128,Royal Challengers Bangalore,M Chinnaswamy Stadium,2011
501248,Punjab Kings,119,Pune Warriors,120,Pune Warriors,"Punjab Cricket Association Stadium, Mohali",2011
501249,Chennai Super Kings,196,Rajasthan Royals,133,Chennai Super Kings,Sawai Mansingh Stadium,2011
501250,Sunrisers Hyderabad,136,Pune Warriors,137,Pune Warriors,"Rajiv Gandhi International Stadium, Uppal",2011
501251,Punjab Kings,163,Mumbai Indians,87,Punjab Kings,"Punjab Cricket Association Stadium, Mohali",2011
501252,Rajasthan Royals,146,Royal Challengers Bangalore,151,Royal Challengers Bangalore,Sawai Mansingh Stadium,2011
501253,Chennai Super Kings,176,Delhi Capitals,158,Chennai Super Kings,"MA Chidambaram Stadium, Chepauk",2011
501254,Kochi Tuskers Kerala,178,Punjab Kings,181,Punjab Kings,Holkar Cricket Stadium,2011
501255,Kolkata Knight Riders,89,Royal Challengers Bangalore,105,Royal Challengers Bangalore,M Chinnaswamy Stadium,2011
501256,Sunrisers Hyderabad,135,Mumbai Indians,125,Sunrisers Hyderabad,Wankhede Stadium,2011
501257,Punjab Kings,170,Delhi Capitals,141,Punjab Kings,Himachal Pradesh Cricket Association Stadium,2011
501258,Rajasthan Royals,97,Kochi Tuskers Kerala,98,Kochi Tuskers Kerala,Holkar Cricket Stadium,2011
501259,Pune Warriors,136,Sunrisers Hyderabad,138,Sunrisers Hyderabad,Dr DY Patil Sports Academy,2011
501260,Punjab Kings,232,Royal Challengers Bangalore,121,Punjab Kings,Himachal Pradesh Cricket Association Stadium,2011
501261,Chennai Super Kings,152,Kochi Tuskers Kerala,141,Chennai Super Kings,"MA Chidambaram Stadium, Chepauk",2011
501262,Pune Warriors,118,Kolkata Knight Riders,119,Kolkata Knight Riders,Dr DY Patil Sports Academy,2011
501263,Mumbai Indians,133,Rajasthan Royals,134,Rajasthan Royals,Wankhede Stadium,2011
501264,Sunrisers Hyderabad,198,Punjab Kings,116,Sunrisers Hyderabad,Himachal Pradesh Cricket Association Stadium,2011
501266,Chennai Super Kings,128,Royal Challengers Bangalore,129,Royal Challengers Bangalore,M Chinnaswamy Stadium,2011
501267,Kolkata Knight Riders,175,Mumbai Indians,178,Mumbai Indians,Eden Gardens,2011
501268,Royal Challengers Bangalore,175,Chennai Super Kings,177,Chennai Super Kings,Wankhede Stadium,2011
501269,Kolkata Knight Riders,147,Mumbai Indians,148,Mumbai Indians,Wankhede Stadium,2011
501270,Royal Challengers Bangalore,185,Mumbai Indians,142,Royal Challengers Bangalore,"MA Chidambaram Stadium, Chepauk",2011
501271,Chennai Super Kings,205,Royal Challengers Bangalore,147,Chennai Super Kings,"MA Chidambaram Stadium, Chepauk",2011
548306,Chennai Super Kings,112,Mumbai Indians,115,Mumbai Indians,"MA Chidambaram Stadium, Chepauk",2012
548307,Kolkata Knight Riders,97,Delhi Capitals,100,Delhi Capitals,Eden Gardens,2012
548308,Pune Warriors,129,Mumbai Indians,101,Pune Warriors,Wankhede Stadium,2012
548309,Rajasthan Royals,191,Punjab Kings,160,Rajasthan Royals,Sawai Mansingh Stadium,2012
548310,Royal Challengers Bangalore,157,Delhi Capitals,137,Royal Challengers Bangalore,M Chinnaswamy Stadium,2012
548311,Chennai Super Kings,193,Sunrisers Hyderabad,119,Chennai Super Kings,Dr. Y.S. Rajasekhara Reddy ACA-VDCA Cricket Stadium,2012
548312,Rajasthan Royals,164,Kolkata Knight Riders,142,Rajasthan Royals,Sawai Mansingh Stadium,2012
548313,Pune Warriors,166,Punjab Kings,144,Pune Warriors,Subrata Roy Sahara Stadium,2012
548314,Sunrisers Hyderabad,138,Mumbai Indians,142,Mumbai Indians,Dr. Y.S. Rajasekhara Reddy ACA-VDCA Cricket Stadium,2012
548315,Kolkata Knight Riders,165,Royal Challengers Bangalore,123,Kolkata Knight Riders,M Chinnaswamy Stadium,2012
548316,Chennai Super Kings,110,Delhi Capitals,111,Delhi Capitals,Feroz Shah Kotla,2012
548317,Mumbai Indians,197,Rajasthan Royals,170,Mumbai Indians,Wankhede Stadium,2012
548318,Royal Challengers Bangalore,205,Chennai Super Kings,208,Chennai Super Kings,"MA Chidambaram Stadium, Chepauk",2012
548319,Pune Warriors,115,Punjab Kings,116,Punjab Kings,"Punjab Cricket Association Stadium, Mohali",2012
548320,Rajasthan Royals,131,Kolkata Knight Riders,137,Kolkata Knight Riders,Eden Gardens,2012
548321,Sunrisers Hyderabad,157,Delhi Capitals,162,Delhi Capitals,Feroz Shah Kotla,2012
548322,Chennai Super Kings,155,Pune Warriors,156,Pune Warriors,Subrata Roy Sahara Stadium,2012
548323,Punjab Kings,134,Kolkata Knight Riders,132,Punjab Kings,Eden Gardens,2012
548324,Rajasthan Royals,195,Royal Challengers Bangalore,136,Rajasthan Royals,M Chinnaswamy Stadium,2012
548325,Mumbai Indians,92,Delhi Capitals,93,Delhi Capitals,Wankhede Stadium,2012
548326,Sunrisers Hyderabad,196,Rajasthan Royals,197,Rajasthan Royals,Sawai Mansingh Stadium,2012
548327,Pune Warriors,182,Royal Challengers Bangalore,186,Royal Challengers Bangalore,M Chinnaswamy Stadium,2012
548328,Punjab Kings,124,Kolkata Knight Riders,127,Kolkata Knight Riders,"Punjab Cricket Association Stadium, Mohali",2012
548329,Sunrisers Hyderabad,187,Delhi Capitals,193,Delhi Capitals,"Rajiv Gandhi International Stadium, Uppal",2012
548330,Chennai Super Kings,164,Pune Warriors,151,Chennai Super Kings,"MA Chidambaram Stadium, Chepauk",2012
548331,Punjab Kings,163,Royal Challengers Bangalore,166,Royal Challengers Bangalore,"Punjab Cricket Association Stadium, Mohali",2012
548332,Rajasthan Royals,146,Chennai Super Kings,147,Chennai Super Kings,"MA Chidambaram Stadium, Chepauk",2012
548333,Pune Warriors,192,Delhi Capitals,172,Pune Warriors,Feroz Shah Kotla,2012
548334,Mumbai Indians,163,Punjab Kings,164,Punjab Kings,Wankhede Stadium,2012
548335,Sunrisers Hyderabad,126,Kolkata Knight Riders,127,Kolkata Knight Riders,Barabati Stadium,2012
548336,Royal Challengers Bangalore,189,Rajasthan Royals,143,Royal Challengers Bangalore,Sawai Mansingh Stadium,2012
548337,Pune Warriors,146,Delhi Capitals,148,Delhi Capitals,Subrata Roy Sahara Stadium,2012
548339,Punjab Kings,168,Mumbai Indians,171,Mumbai Indians,"Punjab Cricket Association Stadium, Mohali",2012
548341,Sunrisers Hyderabad,177,Pune Warriors,159,Sunrisers Hyderabad,Subrata Roy Sahara Stadium,2012
548342,Delhi Capitals,207,Mumbai Indians,170,Delhi Capitals,Feroz Shah Kotla,2012
548343,Punjab Kings,156,Chennai Super Kings,149,Punjab Kings,"MA Chidambaram Stadium, Chepauk",2012
548344,Kolkata Knight Riders,190,Royal Challengers Bangalore,143,Kolkata Knight Riders,Eden Gardens,2012
548345,Delhi Capitals,152,Rajasthan Royals,151,Delhi Capitals,Feroz Shah Kotla,2012
548346,Sunrisers Hyderabad,100,Mumbai Indians,101,Mumbai Indians,Wankhede Stadium,2012
548347,Chennai Super Kings,139,Kolkata Knight Riders,140,Kolkata Knight Riders,"MA Chidambaram Stadium, Chepauk",2012
548348,Sunrisers Hyderabad,186,Pune Warriors,173,Sunrisers Hyderabad,Barabati Stadium,2012
548349,Rajasthan Royals,141,Delhi Capitals,144,Delhi Capitals,Sawai Mansingh Stadium,2012
548350,Royal Challengers Bangalore,158,Punjab Kings,163,Punjab Kings,M Chinnaswamy Stadium,2012
548351,Mumbai Indians,120,Pune Warriors,119,Mumbai Indians,Subrata Roy Sahara Stadium,2012
548352,Chennai Super Kings,160,Sunrisers Hyderabad,150,Chennai Super Kings,"MA Chidambaram Stadium, Chepauk",2012
548353,Kolkata Knight Riders,150,Pune Warriors,143,Kolkata Knight Riders,Eden Gardens,2012
548354,Rajasthan Royals,177,Punjab Kings,134,Rajasthan Royals,"Punjab Cricket Association Stadium, Mohali",2012
548355,Chennai Super Kings,173,Mumbai Indians,174,Mumbai Indians,Wankhede Stadium,2012
548356,Sunrisers Hyderabad,181,Royal Challengers Bangalore,185,Royal Challengers Bangalore,M Chinnaswamy Stadium,2012
548357,Delhi Capitals,153,Kolkata Knight Riders,154,Kolkata Knight Riders,Feroz Shah Kotla,2012
548358,Pune Warriors,125,Rajasthan Royals,126,Rajasthan Royals,Subrata Roy Sahara Stadium,2012
548359,Punjab Kings,170,Sunrisers Hyderabad,145,Punjab Kings,"Rajiv Gandhi International Stadium, Uppal",2012
548360,Mumbai Indians,141,Royal Challengers Bangalore,142,Royal Challengers Bangalore,Wankhede Stadium,2012
548361,Rajasthan Royals,126,Chennai Super Kings,127,Chennai Super Kings,Sawai Mansingh Stadium,2012
548362,Royal Challengers Bangalore,173,Pune Warriors,138,Royal Challengers Bangalore,Subrata Roy Sahara Stadium,2012
548363,Mumbai Indians,182,Kolkata Knight Riders,155,Mumbai Indians,Eden Gardens,2012
548364,Delhi Capitals,114,Chennai Super Kings,115,Chennai Super Kings,"MA Chidambaram Stadium, Chepauk",2012
548365,Rajasthan Royals,170,Pune Warriors,125,Rajasthan Royals,Sawai Mansingh Stadium,2012
548366,Sunrisers Hyderabad,190,Punjab Kings,194,Punjab Kings,"Punjab Cricket Association Stadium, Mohali",2012
548367,Royal Challengers Bangalore,171,Mumbai Indians,173,Mumbai Indians,M Chinnaswamy Stadium,2012
548368,Kolkata Knight Riders,158,Chennai Super Kings,160,Chennai Super Kings,Eden Gardens,2012
548369,Punjab Kings,136,Delhi Capitals,140,Delhi Capitals,Feroz Shah Kotla,2012
548370,Kolkata Knight Riders,140,Mumbai Indians,108,Kolkata Knight Riders,Wankhede Stadium,2012
548371,Chennai Super Kings,120,Punjab Kings,123,Punjab Kings,Himachal Pradesh Cricket Association Stadium,2012
548372,Royal Challengers Bangalore,215,Delhi Capitals,194,Royal Challengers Bangalore,Feroz Shah Kotla,2012
548373,Rajasthan Royals,126,Sunrisers Hyderabad,128,Sunrisers Hyderabad,"Rajiv Gandhi International Stadium, Uppal",2012
548374,Punjab Kings,141,Delhi Capitals,145,Delhi Capitals,Himachal Pradesh Cricket Association Stadium,2012
548375,Kolkata Knight Riders,136,Pune Warriors,102,Kolkata Knight Riders,Subrata Roy Sahara Stadium,2012
548376,Sunrisers Hyderabad,132,Royal Challengers Bangalore,123,Sunrisers Hyderabad,"Rajiv Gandhi International Stadium, Uppal",2012
548377,Rajasthan Royals,162,Mumbai Indians,163,Mumbai Indians,Sawai Mansingh Stadium,2012
548378,Kolkata Knight Riders,162,Delhi Capitals,144,Kolkata Knight Riders,Subrata Roy Sahara Stadium,2012
548379,Chennai Super Kings,187,Mumbai Indians,149,Chennai Super Kings,M Chinnaswamy Stadium,2012
548380,Chennai Super Kings,222,Delhi Capitals,136,Chennai Super Kings,"MA Chidambaram Stadium, Chepauk",2012
548381,Chennai Super Kings,190,Kolkata Knight Riders,192,Kolkata Knight Riders,"MA Chidambaram Stadium, Chepauk",2012
597998,Delhi Capitals,128,Kolkata Knight Riders,129,Kolkata Knight Riders,Eden Gardens,2013
597999,Royal Challengers Bangalore,156,Mumbai Indians,154,Royal Challengers Bangalore,M Chinnaswamy Stadium,2013
598000,Sunrisers Hyderabad,126,Pune Warriors,104,Sunrisers Hyderabad,"Rajiv Gandhi International Stadium, Uppal",2013
598001,Rajasthan Royals,165,Delhi Capitals,160,Rajasthan Royals,Feroz Shah Kotla,2013
598002,Mumbai Indians,148,Chennai Super Kings,139,Mumbai Indians,"MA Chidambaram Stadium, Chepauk",2013
598003,Pune Warriors,99,Punjab Kings,100,Punjab Kings,Subrata Roy Sahara Stadium,2013
598004,Royal Challengers Bangalore,130,Sunrisers Hyderabad,130,Sunrisers Hyderabad,"Rajiv Gandhi International Stadium, Uppal",2013
598005,Rajasthan Royals,144,Kolkata Knight Riders,125,Rajasthan Royals,Sawai Mansingh Stadium,2013
598006,Mumbai Indians,209,Delhi Capitals,165,Mumbai Indians,Wankhede Stadium,2013
598007,Punjab Kings,138,Chennai Super Kings,139,Chennai Super Kings,"Punjab Cricket Association Stadium, Mohali",2013
598008,Kolkata Knight Riders,154,Royal Challengers Bangalore,158,Royal Challengers Bangalore,M Chinnaswamy Stadium,2013
598009,Rajasthan Royals,145,Pune Warriors,148,Pune Warriors,Subrata Roy Sahara Stadium,2013
598010,Delhi Capitals,114,Sunrisers Hyderabad,115,Sunrisers Hyderabad,Feroz Shah Kotla,2013
598011,Mumbai Indians,183,Pune Warriors,142,Mumbai Indians,Wankhede Stadium,2013
598012,Royal Challengers Bangalore,165,Chennai Super Kings,166,Chennai Super Kings,"MA Chidambaram Stadium, Chepauk",2013
598013,Kolkata Knight Riders,180,Sunrisers Hyderabad,132,Kolkata Knight Riders,Eden Gardens,2013
598014,Punjab Kings,124,Rajasthan Royals,126,Rajasthan Royals,Sawai Mansingh Stadium,2013
598015,Pune Warriors,159,Chennai Super Kings,135,Pune Warriors,"MA Chidambaram Stadium, Chepauk",2013
598016,Punjab Kings,157,Kolkata Knight Riders,153,Punjab Kings,"Punjab Cricket Association Stadium, Mohali",2013
598017,Delhi Capitals,152,Royal Challengers Bangalore,152,Royal Challengers Bangalore,M Chinnaswamy Stadium,2013
598018,Sunrisers Hyderabad,119,Pune Warriors,108,Sunrisers Hyderabad,Maharashtra Cricket Association Stadium,2013
598019,Rajasthan Royals,179,Mumbai Indians,92,Rajasthan Royals,Sawai Mansingh Stadium,2013
598020,Chennai Super Kings,169,Delhi Capitals,83,Chennai Super Kings,Feroz Shah Kotla,2013
598021,Punjab Kings,123,Sunrisers Hyderabad,127,Sunrisers Hyderabad,"Rajiv Gandhi International Stadium, Uppal",2013
598022,Kolkata Knight Riders,119,Chennai Super Kings,124,Chennai Super Kings,Eden Gardens,2013
598023,Rajasthan Royals,117,Royal Challengers Bangalore,123,Royal Challengers Bangalore,M Chinnaswamy Stadium,2013
598024,Mumbai Indians,161,Delhi Capitals,165,Delhi Capitals,Feroz Shah Kotla,2013
598025,Pune Warriors,185,Punjab Kings,186,Punjab Kings,"Punjab Cricket Association Stadium, Mohali",2013
598026,Rajasthan Royals,185,Chennai Super Kings,186,Chennai Super Kings,"MA Chidambaram Stadium, Chepauk",2013
598027,Royal Challengers Bangalore,263,Pune Warriors,133,Royal Challengers Bangalore,M Chinnaswamy Stadium,2013
598028,Punjab Kings,171,Delhi Capitals,164,Punjab Kings,Himachal Pradesh Cricket Association Stadium,2013
598029,Kolkata Knight Riders,159,Mumbai Indians,162,Mumbai Indians,Eden Gardens,2013
598030,Sunrisers Hyderabad,159,Chennai Super Kings,160,Chennai Super Kings,"MA Chidambaram Stadium, Chepauk",2013
598031,Punjab Kings,149,Kolkata Knight Riders,150,Kolkata Knight Riders,Eden Gardens,2013
598032,Sunrisers Hyderabad,144,Rajasthan Royals,146,Rajasthan Royals,Sawai Mansingh Stadium,2013
598033,Mumbai Indians,194,Royal Challengers Bangalore,136,Mumbai Indians,Wankhede Stadium,2013
598034,Chennai Super Kings,200,Kolkata Knight Riders,186,Chennai Super Kings,"MA Chidambaram Stadium, Chepauk",2013
598035,Delhi Capitals,164,Pune Warriors,149,Delhi Capitals,Shaheed Veer Narayan Singh International Stadium,2013
598036,Royal Challengers Bangalore,171,Rajasthan Royals,173,Rajasthan Royals,Sawai Mansingh Stadium,2013
598037,Mumbai Indians,174,Punjab Kings,170,Mumbai Indians,Wankhede Stadium,2013
598038,Chennai Super Kings,164,Pune Warriors,127,Chennai Super Kings,Subrata Roy Sahara Stadium,2013
598039,Mumbai Indians,129,Sunrisers Hyderabad,130,Sunrisers Hyderabad,"Rajiv Gandhi International Stadium, Uppal",2013
598040,Kolkata Knight Riders,136,Delhi Capitals,137,Delhi Capitals,Shaheed Veer Narayan Singh International Stadium,2013
598041,Chennai Super Kings,186,Punjab Kings,171,Chennai Super Kings,"MA Chidambaram Stadium, Chepauk",2013
598042,Royal Challengers Bangalore,187,Pune Warriors,170,Royal Challengers Bangalore,Subrata Roy Sahara Stadium,2013
598043,Rajasthan Royals,132,Kolkata Knight Riders,133,Kolkata Knight Riders,Eden Gardens,2013
598044,Delhi Capitals,80,Sunrisers Hyderabad,81,Sunrisers Hyderabad,"Rajiv Gandhi International Stadium, Uppal",2013
598045,Royal Challengers Bangalore,174,Punjab Kings,176,Punjab Kings,M Chinnaswamy Stadium,2013
598046,Mumbai Indians,139,Chennai Super Kings,79,Mumbai Indians,Wankhede Stadium,2013
598047,Pune Warriors,178,Rajasthan Royals,182,Rajasthan Royals,Sawai Mansingh Stadium,2013
598048,Sunrisers Hyderabad,161,Royal Challengers Bangalore,162,Royal Challengers Bangalore,M Chinnaswamy Stadium,2013
598049,Delhi Capitals,154,Rajasthan Royals,155,Rajasthan Royals,Sawai Mansingh Stadium,2013
598050,Mumbai Indians,170,Kolkata Knight Riders,105,Mumbai Indians,Wankhede Stadium,2013
598051,Chennai Super Kings,223,Sunrisers Hyderabad,146,Chennai Super Kings,"Rajiv Gandhi International Stadium, Uppal",2013
598052,Punjab Kings,145,Rajasthan Royals,147,Rajasthan Royals,"Punjab Cricket Association Stadium, Mohali",2013
598053,Kolkata Knight Riders,152,Pune Warriors,106,Kolkata Knight Riders,Subrata Roy Sahara Stadium,2013
598054,Royal Challengers Bangalore,183,Delhi Capitals,179,Royal Challengers Bangalore,Feroz Shah Kotla,2013
598055,Pune Warriors,112,Mumbai Indians,116,Mumbai Indians,Subrata Roy Sahara Stadium,2013
598056,Sunrisers Hyderabad,150,Punjab Kings,120,Sunrisers Hyderabad,"Punjab Cricket Association Stadium, Mohali",2013
598057,Royal Challengers Bangalore,115,Kolkata Knight Riders,116,Kolkata Knight Riders,JSCA International Stadium Complex,2013
598058,Chennai Super Kings,141,Rajasthan Royals,144,Rajasthan Royals,Sawai Mansingh Stadium,2013
598059,Delhi Capitals,120,Punjab Kings,121,Punjab Kings,Feroz Shah Kotla,2013
598060,Sunrisers Hyderabad,178,Mumbai Indians,184,Mumbai Indians,Wankhede Stadium,2013
598061,Pune Warriors,170,Kolkata Knight Riders,163,Pune Warriors,JSCA International Stadium Complex,2013
598062,Chennai Super Kings,168,Delhi Capitals,135,Chennai Super Kings,"MA Chidambaram Stadium, Chepauk",2013
598063,Mumbai Indians,166,Rajasthan Royals,152,Mumbai Indians,Wankhede Stadium,2013
598064,Royal Challengers Bangalore,190,Punjab Kings,194,Punjab Kings,"Punjab Cricket Association Stadium, Mohali",2013
598065,Sunrisers Hyderabad,136,Rajasthan Royals,113,Sunrisers Hyderabad,"Rajiv Gandhi International Stadium, Uppal",2013
598066,Punjab Kings,183,Mumbai Indians,133,Punjab Kings,Himachal Pradesh Cricket Association Stadium,2013
598067,Pune Warriors,172,Delhi Capitals,134,Pune Warriors,Subrata Roy Sahara Stadium,2013
598068,Royal Challengers Bangalore,106,Chennai Super Kings,82,Royal Challengers Bangalore,M Chinnaswamy Stadium,2013
598069,Kolkata Knight Riders,130,Sunrisers Hyderabad,132,Sunrisers Hyderabad,"Rajiv Gandhi International Stadium, Uppal",2013
598070,Chennai Super Kings,192,Mumbai Indians,144,Chennai Super Kings,Feroz Shah Kotla,2013
598071,Sunrisers Hyderabad,132,Rajasthan Royals,135,Rajasthan Royals,Feroz Shah Kotla,2013
598072,Rajasthan Royals,165,Mumbai Indians,169,Mumbai Indians,Eden Gardens,2013
598073,Mumbai Indians,148,Chennai Super Kings,125,Mumbai Indians,Eden Gardens,2013
729279,Kolkata Knight Riders,163,Mumbai Indians,122,Kolkata Knight Riders,Sheikh Zayed Stadium,2014
729281,Delhi Capitals,145,Royal Challengers Bangalore,146,Royal Challengers Bangalore,Sharjah Cricket Stadium,2014
729283,Chennai Super Kings,205,Punjab Kings,206,Punjab Kings,Sheikh Zayed Stadium,2014
729285,Sunrisers Hyderabad,133,Rajasthan Royals,135,Rajasthan Royals,Sheikh Zayed Stadium,2014
729287,Mumbai Indians,115,Royal Challengers Bangalore,116,Royal Challengers Bangalore,Dubai International Cricket Stadium,2014
729289,Kolkata Knight Riders,166,Delhi Capitals,167,Delhi Capitals,Dubai International Cricket Stadium,2014
729291,Rajasthan Royals,191,Punjab Kings,193,Punjab Kings,Sharjah Cricket Stadium,2014
729293,Chennai Super Kings,177,Delhi Capitals,84,Chennai Super Kings,Sheikh Zayed Stadium,2014
729295,Punjab Kings,193,Sunrisers Hyderabad,121,Punjab Kings,Sharjah Cricket Stadium,2014
729297,Chennai Super Kings,140,Rajasthan Royals,133,Chennai Super Kings,Dubai International Cricket Stadium,2014
729299,Kolkata Knight Riders,150,Royal Challengers Bangalore,148,Kolkata Knight Riders,Sharjah Cricket Stadium,2014
729301,Sunrisers Hyderabad,184,Delhi Capitals,180,Sunrisers Hyderabad,Dubai International Cricket Stadium,2014
729303,Mumbai Indians,141,Chennai Super Kings,142,Chennai Super Kings,Dubai International Cricket Stadium,2014
729305,Royal Challengers Bangalore,70,Rajasthan Royals,71,Rajasthan Royals,Sheikh Zayed Stadium,2014
729307,Punjab Kings,132,Kolkata Knight Riders,109,Punjab Kings,Sheikh Zayed Stadium,2014
729309,Mumbai Indians,125,Delhi Capitals,126,Delhi Capitals,Sharjah Cricket Stadium,2014
729311,Sunrisers Hyderabad,145,Chennai Super Kings,146,Chennai Super Kings,Sharjah Cricket Stadium,2014
729313,Royal Challengers Bangalore,124,Punjab Kings,127,Punjab Kings,Dubai International Cricket Stadium,2014
729315,Rajasthan Royals,152,Kolkata Knight Riders,152,Kolkata Knight Riders,Sheikh Zayed Stadium,2014
729317,Sunrisers Hyderabad,172,Mumbai Indians,157,Sunrisers Hyderabad,Dubai International Cricket Stadium,2014
733971,Chennai Super Kings,148,Kolkata Knight Riders,114,Chennai Super Kings,JSCA International Stadium Complex,2014
733973,Punjab Kings,168,Mumbai Indians,170,Mumbai Indians,Wankhede Stadium,2014
733975,Delhi Capitals,152,Rajasthan Royals,156,Rajasthan Royals,Feroz Shah Kotla,2014
733977,Sunrisers Hyderabad,155,Royal Challengers Bangalore,158,Royal Challengers Bangalore,M Chinnaswamy Stadium,2014
733979,Rajasthan Royals,170,Kolkata Knight Riders,160,Rajasthan Royals,"Sardar Patel Stadium, Motera",2014
733981,Delhi Capitals,178,Chennai Super Kings,181,Chennai Super Kings,Feroz Shah Kotla,2014
733983,Mumbai Indians,187,Royal Challengers Bangalore,168,Mumbai Indians,Wankhede Stadium,2014
733985,Delhi Capitals,160,Kolkata Knight Riders,161,Kolkata Knight Riders,Feroz Shah Kotla,2014
733987,Punjab Kings,231,Chennai Super Kings,187,Punjab Kings,Barabati Stadium,2014
733989,Sunrisers Hyderabad,134,Rajasthan Royals,102,Sunrisers Hyderabad,"Sardar Patel Stadium, Motera",2014
733991,Punjab Kings,198,Royal Challengers Bangalore,166,Punjab Kings,M Chinnaswamy Stadium,2014
733993,Delhi Capitals,143,Sunrisers Hyderabad,44,Delhi Capitals,Feroz Shah Kotla,2014
733995,Mumbai Indians,157,Chennai Super Kings,160,Chennai Super Kings,Wankhede Stadium,2014
733997,Punjab Kings,149,Kolkata Knight Riders,150,Kolkata Knight Riders,Barabati Stadium,2014
733999,Royal Challengers Bangalore,190,Rajasthan Royals,191,Rajasthan Royals,M Chinnaswamy Stadium,2014
734001,Sunrisers Hyderabad,157,Mumbai Indians,160,Mumbai Indians,"Rajiv Gandhi International Stadium, Uppal",2014
734003,Rajasthan Royals,148,Chennai Super Kings,149,Chennai Super Kings,JSCA International Stadium Complex,2014
734005,Royal Challengers Bangalore,186,Delhi Capitals,170,Royal Challengers Bangalore,M Chinnaswamy Stadium,2014
734007,Sunrisers Hyderabad,205,Punjab Kings,211,Punjab Kings,"Rajiv Gandhi International Stadium, Uppal",2014
734009,Mumbai Indians,141,Kolkata Knight Riders,142,Kolkata Knight Riders,Barabati Stadium,2014
734011,Rajasthan Royals,201,Delhi Capitals,139,Rajasthan Royals,"Sardar Patel Stadium, Motera",2014
734013,Chennai Super Kings,138,Royal Challengers Bangalore,142,Royal Challengers Bangalore,JSCA International Stadium Complex,2014
734015,Sunrisers Hyderabad,142,Kolkata Knight Riders,146,Kolkata Knight Riders,"Rajiv Gandhi International Stadium, Uppal",2014
734017,Mumbai Indians,178,Rajasthan Royals,153,Mumbai Indians,"Sardar Patel Stadium, Motera",2014
734019,Delhi Capitals,164,Punjab Kings,165,Punjab Kings,Feroz Shah Kotla,2014
734021,Royal Challengers Bangalore,160,Sunrisers Hyderabad,161,Sunrisers Hyderabad,"Rajiv Gandhi International Stadium, Uppal",2014
734023,Chennai Super Kings,154,Kolkata Knight Riders,156,Kolkata Knight Riders,Eden Gardens,2014
734025,Punjab Kings,156,Mumbai Indians,159,Mumbai Indians,"Punjab Cricket Association Stadium, Mohali",2014
734027,Kolkata Knight Riders,195,Royal Challengers Bangalore,165,Kolkata Knight Riders,Eden Gardens,2014
734029,Chennai Super Kings,185,Sunrisers Hyderabad,189,Sunrisers Hyderabad,JSCA International Stadium Complex,2014
734031,Mumbai Indians,173,Delhi Capitals,158,Mumbai Indians,Wankhede Stadium,2014
734033,Punjab Kings,179,Rajasthan Royals,163,Punjab Kings,"Punjab Cricket Association Stadium, Mohali",2014
734035,Royal Challengers Bangalore,154,Chennai Super Kings,160,Chennai Super Kings,M Chinnaswamy Stadium,2014
734037,Sunrisers Hyderabad,160,Kolkata Knight Riders,161,Kolkata Knight Riders,Eden Gardens,2014
734039,Delhi Capitals,115,Punjab Kings,119,Punjab Kings,"Punjab Cricket Association Stadium, Mohali",2014
734041,Rajasthan Royals,189,Mumbai Indians,195,Mumbai Indians,Wankhede Stadium,2014
734043,Kolkata Knight Riders,163,Punjab Kings,135,Kolkata Knight Riders,Eden Gardens,2014
734045,Mumbai Indians,173,Chennai Super Kings,176,Chennai Super Kings,Brabourne Stadium,2014
734047,Punjab Kings,226,Chennai Super Kings,202,Punjab Kings,Wankhede Stadium,2014
734049,Punjab Kings,199,Kolkata Knight Riders,200,Kolkata Knight Riders,M Chinnaswamy Stadium,2014
829705,Mumbai Indians,168,Kolkata Knight Riders,170,Kolkata Knight Riders,Eden Gardens,2015
829707,Chennai Super Kings,150,Delhi Capitals,149,Chennai Super Kings,"MA Chidambaram Stadium, Chepauk",2015
829709,Rajasthan Royals,162,Punjab Kings,136,Rajasthan Royals,Maharashtra Cricket Association Stadium,2015
829711,Chennai Super Kings,209,Sunrisers Hyderabad,164,Chennai Super Kings,"MA Chidambaram Stadium, Chepauk",2015
829713,Kolkata Knight Riders,177,Royal Challengers Bangalore,179,Royal Challengers Bangalore,Eden Gardens,2015
829715,Delhi Capitals,184,Rajasthan Royals,186,Rajasthan Royals,Feroz Shah Kotla,2015
829717,Punjab Kings,177,Mumbai Indians,159,Punjab Kings,Wankhede Stadium,2015
829719,Royal Challengers Bangalore,166,Sunrisers Hyderabad,172,Sunrisers Hyderabad,M Chinnaswamy Stadium,2015
829721,Mumbai Indians,164,Rajasthan Royals,165,Rajasthan Royals,"Sardar Patel Stadium, Motera",2015
829723,Chennai Super Kings,165,Kolkata Knight Riders,169,Kolkata Knight Riders,Eden Gardens,2015
829725,Punjab Kings,165,Delhi Capitals,169,Delhi Capitals,Maharashtra Cricket Association Stadium,2015
829727,Sunrisers Hyderabad,127,Rajasthan Royals,131,Rajasthan Royals,Dr. Y.S. Rajasekhara Reddy ACA-VDCA Cricket Stadium,2015
829729,Mumbai Indians,183,Chennai Super Kings,189,Chennai Super Kings,Wankhede Stadium,2015
829731,Delhi Capitals,167,Sunrisers Hyderabad,163,Delhi Capitals,Dr. Y.S. Rajasekhara Reddy ACA-VDCA Cricket Stadium,2015
829733,Punjab Kings,155,Kolkata Knight Riders,159,Kolkata Knight Riders,Maharashtra Cricket Association Stadium,2015
829735,Chennai Super Kings,156,Rajasthan Royals,157,Rajasthan Royals,"Sardar Patel Stadium, Motera",2015
829737,Mumbai Indians,209,Royal Challengers Bangalore,191,Mumbai Indians,M Chinnaswamy Stadium,2015
829739,Delhi Capitals,146,Kolkata Knight Riders,147,Kolkata Knight Riders,Feroz Shah Kotla,2015
829741,Rajasthan Royals,191,Punjab Kings,191,Punjab Kings,"Sardar Patel Stadium, Motera",2015
829743,Sunrisers Hyderabad,176,Kolkata Knight Riders,101,Sunrisers Hyderabad,Dr. Y.S. Rajasekhara Reddy ACA-VDCA Cricket Stadium,2015
829745,Chennai Super Kings,181,Royal Challengers Bangalore,154,Chennai Super Kings,M Chinnaswamy Stadium,2015
829747,Delhi Capitals,190,Mumbai Indians,153,Delhi Capitals,Feroz Shah Kotla,2015
829749,Rajasthan Royals,130,Royal Challengers Bangalore,134,Royal Challengers Bangalore,"Sardar Patel Stadium, Motera",2015
829751,Mumbai Indians,157,Sunrisers Hyderabad,137,Mumbai Indians,Wankhede Stadium,2015
829753,Chennai Super Kings,192,Punjab Kings,95,Chennai Super Kings,"MA Chidambaram Stadium, Chepauk",2015
829757,Delhi Capitals,95,Royal Challengers Bangalore,99,Royal Challengers Bangalore,Feroz Shah Kotla,2015
829759,Sunrisers Hyderabad,150,Punjab Kings,130,Sunrisers Hyderabad,"Punjab Cricket Association Stadium, Mohali",2015
829761,Kolkata Knight Riders,171,Delhi Capitals,158,Kolkata Knight Riders,Eden Gardens,2015
829765,Chennai Super Kings,134,Kolkata Knight Riders,132,Chennai Super Kings,"MA Chidambaram Stadium, Chepauk",2015
829767,Punjab Kings,118,Delhi Capitals,119,Delhi Capitals,Feroz Shah Kotla,2015
829769,Mumbai Indians,187,Rajasthan Royals,179,Mumbai Indians,Wankhede Stadium,2015
829771,Kolkata Knight Riders,111,Royal Challengers Bangalore,115,Royal Challengers Bangalore,M Chinnaswamy Stadium,2015
829773,Sunrisers Hyderabad,192,Chennai Super Kings,170,Sunrisers Hyderabad,"Rajiv Gandhi International Stadium, Uppal",2015
829775,Mumbai Indians,172,Punjab Kings,149,Mumbai Indians,"Punjab Cricket Association Stadium, Mohali",2015
829777,Rajasthan Royals,189,Delhi Capitals,175,Rajasthan Royals,Brabourne Stadium,2015
829779,Chennai Super Kings,148,Royal Challengers Bangalore,124,Chennai Super Kings,"MA Chidambaram Stadium, Chepauk",2015
829781,Kolkata Knight Riders,167,Sunrisers Hyderabad,132,Kolkata Knight Riders,Eden Gardens,2015
829783,Delhi Capitals,152,Mumbai Indians,153,Mumbai Indians,Wankhede Stadium,2015
829785,Royal Challengers Bangalore,226,Punjab Kings,88,Royal Challengers Bangalore,M Chinnaswamy Stadium,2015
829787,Sunrisers Hyderabad,201,Rajasthan Royals,194,Sunrisers Hyderabad,Brabourne Stadium,2015
829789,Chennai Super Kings,158,Mumbai Indians,159,Mumbai Indians,"MA Chidambaram Stadium, Chepauk",2015
829791,Punjab Kings,183,Kolkata Knight Riders,184,Kolkata Knight Riders,Eden Gardens,2015
829793,Sunrisers Hyderabad,163,Delhi Capitals,157,Sunrisers Hyderabad,Shaheed Veer Narayan Singh International Stadium,2015
829795,Royal Challengers Bangalore,235,Mumbai Indians,196,Royal Challengers Bangalore,Wankhede Stadium,2015
829797,Chennai Super Kings,157,Rajasthan Royals,145,Chennai Super Kings,"MA Chidambaram Stadium, Chepauk",2015
829799,Sunrisers Hyderabad,185,Punjab Kings,180,Sunrisers Hyderabad,"Rajiv Gandhi International Stadium, Uppal",2015
829801,Chennai Super Kings,119,Delhi Capitals,120,Delhi Capitals,Shaheed Veer Narayan Singh International Stadium,2015
829803,Punjab Kings,106,Royal Challengers Bangalore,84,Punjab Kings,"Punjab Cricket Association Stadium, Mohali",2015
829805,Mumbai Indians,171,Kolkata Knight Riders,166,Mumbai Indians,Wankhede Stadium,2015
829807,Sunrisers Hyderabad,135,Royal Challengers Bangalore,83,Sunrisers Hyderabad,"Rajiv Gandhi International Stadium, Uppal",2015
829809,Punjab Kings,130,Chennai Super Kings,134,Chennai Super Kings,"Punjab Cricket Association Stadium, Mohali",2015
829811,Rajasthan Royals,199,Kolkata Knight Riders,190,Rajasthan Royals,Brabourne Stadium,2015
829813,Delhi Capitals,187,Royal Challengers Bangalore,2,Delhi Capitals,M Chinnaswamy Stadium,2015
829815,Sunrisers Hyderabad,113,Mumbai Indians,114,Mumbai Indians,"Rajiv Gandhi International Stadium, Uppal",2015
829817,Mumbai Indians,187,Chennai Super Kings,162,Mumbai Indians,Wankhede Stadium,2015
829819,Royal Challengers Bangalore,180,Rajasthan Royals,109,Royal Challengers Bangalore,Maharashtra Cricket Association Stadium,2015
829821,Royal Challengers Bangalore,139,Chennai Super Kings,140,Chennai Super Kings,JSCA International Stadium Complex,2015
829823,Mumbai Indians,202,Chennai Super Kings,161,Mumbai Indians,Eden Gardens,2015
980901,Mumbai Indians,121,Rising Pune Supergiant,126,Rising Pune Supergiant,Wankhede Stadium,2016
980903,Delhi Capitals,98,Kolkata Knight Riders,99,Kolkata Knight Riders,Eden Gardens,2016
980905,Punjab Kings,161,Gujarat Lions,162,Gujarat Lions,"Punjab Cricket Association IS Bindra Stadium, Mohali",2016
980907,Royal Challengers Bangalore,227,Sunrisers Hyderabad,182,Royal Challengers Bangalore,M Chinnaswamy Stadium,2016
980909,Kolkata Knight Riders,187,Mumbai Indians,188,Mumbai Indians,Eden Gardens,2016
980911,Rising Pune Supergiant,163,Gujarat Lions,164,Gujarat Lions,Saurashtra Cricket Association Stadium,2016
980913,Punjab Kings,111,Delhi Capitals,113,Delhi Capitals,Feroz Shah Kotla,2016
980915,Sunrisers Hyderabad,142,Kolkata Knight Riders,146,Kolkata Knight Riders,"Rajiv Gandhi International Stadium, Uppal",2016
980917,Mumbai Indians,143,Gujarat Lions,147,Gujarat Lions,Wankhede Stadium,2016
980919,Rising Pune Supergiant,152,Punjab Kings,153,Punjab Kings,"Punjab Cricket Association IS Bindra Stadium, Mohali",2016
980921,Royal Challengers Bangalore,191,Delhi Capitals,192,Delhi Capitals,M Chinnaswamy Stadium,2016
980923,Mumbai Indians,142,Sunrisers Hyderabad,145,Sunrisers Hyderabad,"Rajiv Gandhi International Stadium, Uppal",2016
980925,Punjab Kings,138,Kolkata Knight Riders,141,Kolkata Knight Riders,"Punjab Cricket Association IS Bindra Stadium, Mohali",2016
980927,Royal Challengers Bangalore,170,Mumbai Indians,171,Mumbai Indians,Wankhede Stadium,2016
980929,Gujarat Lions,135,Sunrisers Hyderabad,137,Sunrisers Hyderabad,Saurashtra Cricket Association Stadium,2016
980931,Royal Challengers Bangalore,185,Rising Pune Supergiant,172,Royal Challengers Bangalore,Maharashtra Cricket Association Stadium,2016
980933,Delhi Capitals,164,Mumbai Indians,154,Delhi Capitals,Feroz Shah Kotla,2016
980935,Punjab Kings,143,Sunrisers Hyderabad,146,Sunrisers Hyderabad,"Rajiv Gandhi International Stadium, Uppal",2016
980937,Royal Challengers Bangalore,180,Gujarat Lions,182,Gujarat Lions,Saurashtra Cricket Association Stadium,2016
980939,Rising Pune Supergiant,160,Kolkata Knight Riders,162,Kolkata Knight Riders,Maharashtra Cricket Association Stadium,2016
980941,Mumbai Indians,189,Punjab Kings,164,Mumbai Indians,"Punjab Cricket Association IS Bindra Stadium, Mohali",2016
980943,Sunrisers Hyderabad,118,Rising Pune Supergiant,94,Sunrisers Hyderabad,"Rajiv Gandhi International Stadium, Uppal",2016
980945,Gujarat Lions,172,Delhi Capitals,171,Gujarat Lions,Feroz Shah Kotla,2016
980947,Kolkata Knight Riders,174,Mumbai Indians,178,Mumbai Indians,Wankhede Stadium,2016
980949,Rising Pune Supergiant,195,Gujarat Lions,196,Gujarat Lions,Maharashtra Cricket Association Stadium,2016
980951,Delhi Capitals,186,Kolkata Knight Riders,159,Delhi Capitals,Feroz Shah Kotla,2016
980953,Sunrisers Hyderabad,194,Royal Challengers Bangalore,179,Sunrisers Hyderabad,"Rajiv Gandhi International Stadium, Uppal",2016
980955,Punjab Kings,154,Gujarat Lions,131,Punjab Kings,Saurashtra Cricket Association Stadium,2016
980957,Rising Pune Supergiant,159,Mumbai Indians,161,Mumbai Indians,Maharashtra Cricket Association Stadium,2016
980959,Royal Challengers Bangalore,185,Kolkata Knight Riders,189,Kolkata Knight Riders,M Chinnaswamy Stadium,2016
980961,Gujarat Lions,149,Delhi Capitals,150,Delhi Capitals,Saurashtra Cricket Association Stadium,2016
980963,Kolkata Knight Riders,164,Punjab Kings,157,Kolkata Knight Riders,Eden Gardens,2016
980965,Delhi Capitals,162,Rising Pune Supergiant,166,Rising Pune Supergiant,Feroz Shah Kotla,2016
980967,Gujarat Lions,126,Sunrisers Hyderabad,129,Sunrisers Hyderabad,"Rajiv Gandhi International Stadium, Uppal",2016
980969,Rising Pune Supergiant,191,Royal Challengers Bangalore,195,Royal Challengers Bangalore,M Chinnaswamy Stadium,2016
980971,Punjab Kings,181,Delhi Capitals,172,Punjab Kings,"Punjab Cricket Association IS Bindra Stadium, Mohali",2016
980973,Sunrisers Hyderabad,177,Mumbai Indians,92,Sunrisers Hyderabad,Dr. Y.S. Rajasekhara Reddy ACA-VDCA Cricket Stadium,2016
980975,Kolkata Knight Riders,158,Gujarat Lions,164,Gujarat Lions,Eden Gardens,2016
980977,Royal Challengers Bangalore,175,Punjab Kings,174,Royal Challengers Bangalore,"Punjab Cricket Association IS Bindra Stadium, Mohali",2016
980979,Sunrisers Hyderabad,137,Rising Pune Supergiant,133,Sunrisers Hyderabad,Dr. Y.S. Rajasekhara Reddy ACA-VDCA Cricket Stadium,2016
980981,Royal Challengers Bangalore,151,Mumbai Indians,153,Mumbai Indians,M Chinnaswamy Stadium,2016
980983,Sunrisers Hyderabad,146,Delhi Capitals,150,Delhi Capitals,"Rajiv Gandhi International Stadium, Uppal",2016
980985,Mumbai Indians,124,Punjab Kings,127,Punjab Kings,Dr. Y.S. Rajasekhara Reddy ACA-VDCA Cricket Stadium,2016
980987,Royal Challengers Bangalore,248,Gujarat Lions,104,Royal Challengers Bangalore,M Chinnaswamy Stadium,2016
980989,Rising Pune Supergiant,103,Kolkata Knight Riders,66,Rising Pune Supergiant,Eden Gardens,2016
980991,Punjab Kings,179,Sunrisers Hyderabad,180,Sunrisers Hyderabad,"Punjab Cricket Association IS Bindra Stadium, Mohali",2016
980993,Mumbai Indians,206,Delhi Capitals,126,Mumbai Indians,Dr. Y.S. Rajasekhara Reddy ACA-VDCA Cricket Stadium,2016
980995,Kolkata Knight Riders,183,Royal Challengers Bangalore,186,Royal Challengers Bangalore,Eden Gardens,2016
980997,Delhi Capitals,121,Rising Pune Supergiant,76,Delhi Capitals,Dr. Y.S. Rajasekhara Reddy ACA-VDCA Cricket Stadium,2016
980999,Royal Challengers Bangalore,211,Punjab Kings,120,Royal Challengers Bangalore,M Chinnaswamy Stadium,2016
981001,Kolkata Knight Riders,124,Gujarat Lions,125,Gujarat Lions,Green Park,2016
981003,Sunrisers Hyderabad,158,Delhi Capitals,161,Delhi Capitals,Shaheed Veer Narayan Singh International Stadium,2016
981005,Punjab Kings,172,Rising Pune Supergiant,173,Rising Pune Supergiant,Dr. Y.S. Rajasekhara Reddy ACA-VDCA Cricket Stadium,2016
981007,Mumbai Indians,172,Gujarat Lions,173,Gujarat Lions,Green Park,2016
981009,Kolkata Knight Riders,171,Sunrisers Hyderabad,149,Kolkata Knight Riders,Eden Gardens,2016
981011,Delhi Capitals,138,Royal Challengers Bangalore,139,Royal Challengers Bangalore,Shaheed Veer Narayan Singh International Stadium,2016
981013,Gujarat Lions,158,Royal Challengers Bangalore,159,Royal Challengers Bangalore,M Chinnaswamy Stadium,2016
981015,Sunrisers Hyderabad,162,Kolkata Knight Riders,140,Sunrisers Hyderabad,Feroz Shah Kotla,2016
981017,Gujarat Lions,162,Sunrisers Hyderabad,163,Sunrisers Hyderabad,Feroz Shah Kotla,2016
981019,Sunrisers Hyderabad,208,Royal Challengers Bangalore,200,Sunrisers Hyderabad,M Chinnaswamy Stadium,2016
1082591,Sunrisers Hyderabad,207,Royal Challengers Bangalore,172,Sunrisers Hyderabad,"Rajiv Gandhi International Stadium, Uppal",2017
1082592,Mumbai Indians,184,Rising Pune Supergiant,187,Rising Pune Supergiant,Maharashtra Cricket Association Stadium,2017
1082593,Gujarat Lions,183,Kolkata Knight Riders,184,Kolkata Knight Riders,Saurashtra Cricket Association Stadium,2017
1082594,Rising Pune Supergiant,163,Punjab Kings,164,Punjab Kings,Holkar Cricket Stadium,2017
1082595,Royal Challengers Bangalore,157,Delhi Capitals,142,Royal Challengers Bangalore,M.Chinnaswamy Stadium,2017
1082596,Gujarat Lions,135,Sunrisers Hyderabad,140,Sunrisers Hyderabad,"Rajiv Gandhi International Stadium, Uppal",2017
1082597,Kolkata Knight Riders,178,Mumbai Indians,180,Mumbai Indians,Wankhede Stadium,2017
1082598,Royal Challengers Bangalore,148,Punjab Kings,150,Punjab Kings,Holkar Cricket Stadium,2017
1082599,Delhi Capitals,205,Rising Pune Supergiant,108,Delhi Capitals,Maharashtra Cricket Association Stadium,2017
1082600,Sunrisers Hyderabad,158,Mumbai Indians,159,Mumbai Indians,Wankhede Stadium,2017
1082601,Punjab Kings,170,Kolkata Knight Riders,171,Kolkata Knight Riders,Eden Gardens,2017
1082602,Royal Challengers Bangalore,142,Mumbai Indians,145,Mumbai Indians,M Chinnaswamy Stadium,2017
1082603,Rising Pune Supergiant,171,Gujarat Lions,172,Gujarat Lions,Saurashtra Cricket Association Stadium,2017
1082604,Kolkata Knight Riders,172,Sunrisers Hyderabad,155,Kolkata Knight Riders,Eden Gardens,2017
1082605,Delhi Capitals,188,Punjab Kings,137,Delhi Capitals,Feroz Shah Kotla,2017
1082606,Gujarat Lions,176,Mumbai Indians,177,Mumbai Indians,Wankhede Stadium,2017
1082607,Rising Pune Supergiant,161,Royal Challengers Bangalore,134,Rising Pune Supergiant,M Chinnaswamy Stadium,2017
1082608,Delhi Capitals,168,Kolkata Knight Riders,169,Kolkata Knight Riders,Feroz Shah Kotla,2017
1082609,Sunrisers Hyderabad,159,Punjab Kings,154,Sunrisers Hyderabad,"Rajiv Gandhi International Stadium, Uppal",2017
1082610,Royal Challengers Bangalore,213,Gujarat Lions,192,Royal Challengers Bangalore,Saurashtra Cricket Association Stadium,2017
1082611,Sunrisers Hyderabad,191,Delhi Capitals,176,Sunrisers Hyderabad,"Rajiv Gandhi International Stadium, Uppal",2017
1082612,Punjab Kings,198,Mumbai Indians,199,Mumbai Indians,Holkar Cricket Stadium,2017
1082613,Kolkata Knight Riders,187,Gujarat Lions,188,Gujarat Lions,Eden Gardens,2017
1082614,Mumbai Indians,142,Delhi Capitals,128,Mumbai Indians,Wankhede Stadium,2017
1082615,Sunrisers Hyderabad,176,Rising Pune Supergiant,179,Rising Pune Supergiant,Maharashtra Cricket Association Stadium,2017
1082616,Punjab Kings,188,Gujarat Lions,162,Punjab Kings,Saurashtra Cricket Association Stadium,2017
1082617,Kolkata Knight Riders,131,Royal Challengers Bangalore,49,Kolkata Knight Riders,Eden Gardens,2017
1082618,Rising Pune Supergiant,160,Mumbai Indians,157,Rising Pune Supergiant,Wankhede Stadium,2017
1082620,Rising Pune Supergiant,182,Kolkata Knight Riders,184,Kolkata Knight Riders,Maharashtra Cricket Association Stadium,2017
1082621,Royal Challengers Bangalore,134,Gujarat Lions,135,Gujarat Lions,M Chinnaswamy Stadium,2017
1082622,Delhi Capitals,160,Kolkata Knight Riders,161,Kolkata Knight Riders,Eden Gardens,2017
1082623,Sunrisers Hyderabad,207,Punjab Kings,181,Sunrisers Hyderabad,"Punjab Cricket Association IS Bindra Stadium, Mohali",2017
1082624,Rising Pune Supergiant,157,Royal Challengers Bangalore,96,Rising Pune Supergiant,Maharashtra Cricket Association Stadium,2017
1082625,Gujarat Lions,153,Mumbai Indians,153,Mumbai Indians,Saurashtra Cricket Association Stadium,2017
1082626,Delhi Capitals,67,Punjab Kings,68,Punjab Kings,"Punjab Cricket Association IS Bindra Stadium, Mohali",2017
1082627,Sunrisers Hyderabad,209,Kolkata Knight Riders,161,Sunrisers Hyderabad,"Rajiv Gandhi International Stadium, Uppal",2017
1082628,Royal Challengers Bangalore,162,Mumbai Indians,165,Mumbai Indians,Wankhede Stadium,2017
1082629,Gujarat Lions,161,Rising Pune Supergiant,167,Rising Pune Supergiant,Maharashtra Cricket Association Stadium,2017
1082630,Sunrisers Hyderabad,185,Delhi Capitals,189,Delhi Capitals,Feroz Shah Kotla,2017
1082631,Kolkata Knight Riders,155,Rising Pune Supergiant,158,Rising Pune Supergiant,Eden Gardens,2017
1082632,Gujarat Lions,208,Delhi Capitals,214,Delhi Capitals,Feroz Shah Kotla,2017
1082633,Punjab Kings,138,Royal Challengers Bangalore,119,Punjab Kings,M Chinnaswamy Stadium,2017
1082634,Rising Pune Supergiant,148,Sunrisers Hyderabad,136,Rising Pune Supergiant,"Rajiv Gandhi International Stadium, Uppal",2017
1082635,Mumbai Indians,212,Delhi Capitals,66,Mumbai Indians,Feroz Shah Kotla,2017
1082636,Royal Challengers Bangalore,158,Kolkata Knight Riders,159,Kolkata Knight Riders,M Chinnaswamy Stadium,2017
1082637,Punjab Kings,189,Gujarat Lions,192,Gujarat Lions,"Punjab Cricket Association IS Bindra Stadium, Mohali",2017
1082638,Mumbai Indians,138,Sunrisers Hyderabad,140,Sunrisers Hyderabad,"Rajiv Gandhi International Stadium, Uppal",2017
1082639,Punjab Kings,167,Kolkata Knight Riders,153,Punjab Kings,"Punjab Cricket Association IS Bindra Stadium, Mohali",2017
1082640,Gujarat Lions,195,Delhi Capitals,197,Delhi Capitals,Green Park,2017
1082641,Punjab Kings,230,Mumbai Indians,223,Punjab Kings,Wankhede Stadium,2017
1082642,Delhi Capitals,168,Rising Pune Supergiant,161,Delhi Capitals,Feroz Shah Kotla,2017
1082643,Gujarat Lions,154,Sunrisers Hyderabad,158,Sunrisers Hyderabad,Green Park,2017
1082644,Mumbai Indians,173,Kolkata Knight Riders,164,Mumbai Indians,Eden Gardens,2017
1082645,Punjab Kings,73,Rising Pune Supergiant,78,Rising Pune Supergiant,Maharashtra Cricket Association Stadium,2017
1082646,Royal Challengers Bangalore,161,Delhi Capitals,151,Royal Challengers Bangalore,Feroz Shah Kotla,2017
1082647,Rising Pune Supergiant,162,Mumbai Indians,142,Rising Pune Supergiant,Wankhede Stadium,2017
1082648,Sunrisers Hyderabad,128,Kolkata Knight Riders,48,Sunrisers Hyderabad,M Chinnaswamy Stadium,2017
1082649,Kolkata Knight Riders,107,Mumbai Indians,111,Mumbai Indians,M Chinnaswamy Stadium,2017
1082650,Mumbai Indians,129,Rising Pune Supergiant,128,Mumbai Indians,"Rajiv Gandhi International Stadium, Uppal",2017
1136561,Mumbai Indians,165,Chennai Super Kings,169,Chennai Super Kings,Wankhede Stadium,2018
1136562,Delhi Capitals,166,Punjab Kings,167,Punjab Kings,Punjab Cricket Association IS Bindra Stadium,2018
1136563,Royal Challengers Bangalore,176,Kolkata Knight Riders,177,Kolkata Knight Riders,Eden Gardens,2018
1136564,Rajasthan Royals,125,Sunrisers Hyderabad,127,Sunrisers Hyderabad,Rajiv Gandhi International Stadium,2018
1136565,Kolkata Knight Riders,202,Chennai Super Kings,205,Chennai Super Kings,MA Chidambaram Stadium,2018
1136566,Rajasthan Royals,153,Delhi Capitals,60,Rajasthan Royals,Sawai Mansingh Stadium,2018
1136567,Mumbai Indians,147,Sunrisers Hyderabad,151,Sunrisers Hyderabad,Rajiv Gandhi International Stadium,2018
1136568,Punjab Kings,155,Royal Challengers Bangalore,159,Royal Challengers Bangalore,M.Chinnaswamy Stadium,2018
1136569,Mumbai Indians,194,Delhi Capitals,195,Delhi Capitals,Wankhede Stadium,2018
1136570,Kolkata Knight Riders,138,Sunrisers Hyderabad,139,Sunrisers Hyderabad,Eden Gardens,2018
1136571,Rajasthan Royals,217,Royal Challengers Bangalore,198,Rajasthan Royals,M.Chinnaswamy Stadium,2018
1136572,Punjab Kings,197,Chennai Super Kings,193,Punjab Kings,Punjab Cricket Association IS Bindra Stadium,2018
1136573,Kolkata Knight Riders,200,Delhi Capitals,129,Kolkata Knight Riders,Eden Gardens,2018
1136574,Mumbai Indians,213,Royal Challengers Bangalore,167,Mumbai Indians,Wankhede Stadium,2018
1136575,Rajasthan Royals,160,Kolkata Knight Riders,163,Kolkata Knight Riders,Sawai Mansingh Stadium,2018
1136576,Punjab Kings,193,Sunrisers Hyderabad,178,Punjab Kings,Punjab Cricket Association IS Bindra Stadium,2018
1136577,Chennai Super Kings,204,Rajasthan Royals,140,Chennai Super Kings,Maharashtra Cricket Association Stadium,2018
1136578,Kolkata Knight Riders,191,Punjab Kings,126,Kolkata Knight Riders,Eden Gardens,2018
1136579,Delhi Capitals,174,Royal Challengers Bangalore,176,Royal Challengers Bangalore,M.Chinnaswamy Stadium,2018
1136580,Chennai Super Kings,182,Sunrisers Hyderabad,178,Chennai Super Kings,Rajiv Gandhi International Stadium,2018
1136581,Mumbai Indians,167,Rajasthan Royals,168,Rajasthan Royals,Sawai Mansingh Stadium,2018
1136582,Punjab Kings,143,Delhi Capitals,139,Punjab Kings,Arun Jaitley Stadium,2018
1136583,Sunrisers Hyderabad,118,Mumbai Indians,87,Sunrisers Hyderabad,Wankhede Stadium,2018
1136584,Royal Challengers Bangalore,205,Chennai Super Kings,207,Chennai Super Kings,M.Chinnaswamy Stadium,2018
1136585,Sunrisers Hyderabad,132,Punjab Kings,119,Sunrisers Hyderabad,Rajiv Gandhi International Stadium,2018
1136586,Delhi Capitals,219,Kolkata Knight Riders,164,Delhi Capitals,Arun Jaitley Stadium,2018
1136587,Chennai Super Kings,169,Mumbai Indians,170,Mumbai Indians,Maharashtra Cricket Association Stadium,2018
1136588,Sunrisers Hyderabad,151,Rajasthan Royals,140,Sunrisers Hyderabad,Sawai Mansingh Stadium,2018
1136589,Royal Challengers Bangalore,175,Kolkata Knight Riders,176,Kolkata Knight Riders,M.Chinnaswamy Stadium,2018
1136590,Chennai Super Kings,211,Delhi Capitals,198,Chennai Super Kings,Maharashtra Cricket Association Stadium,2018
1136591,Royal Challengers Bangalore,167,Mumbai Indians,153,Royal Challengers Bangalore,M.Chinnaswamy Stadium,2018
1136592,Delhi Capitals,196,Rajasthan Royals,146,Delhi Capitals,Arun Jaitley Stadium,2018
1136593,Chennai Super Kings,177,Kolkata Knight Riders,180,Kolkata Knight Riders,Eden Gardens,2018
1136594,Punjab Kings,174,Mumbai Indians,176,Mumbai Indians,Holkar Cricket Stadium,2018
1136595,Royal Challengers Bangalore,127,Chennai Super Kings,128,Chennai Super Kings,Maharashtra Cricket Association Stadium,2018
1136596,Delhi Capitals,163,Sunrisers Hyderabad,164,Sunrisers Hyderabad,Rajiv Gandhi International Stadium,2018
1136597,Mumbai Indians,181,Kolkata Knight Riders,168,Mumbai Indians,Wankhede Stadium,2018
1136598,Rajasthan Royals,152,Punjab Kings,155,Punjab Kings,Holkar Cricket Stadium,2018
1136599,Sunrisers Hyderabad,146,Royal Challengers Bangalore,141,Sunrisers Hyderabad,Rajiv Gandhi International Stadium,2018
1136600,Rajasthan Royals,158,Punjab Kings,143,Rajasthan Royals,Sawai Mansingh Stadium,2018
1136601,Mumbai Indians,210,Kolkata Knight Riders,108,Mumbai Indians,Eden Gardens,2018
1136602,Delhi Capitals,187,Sunrisers Hyderabad,191,Sunrisers Hyderabad,Arun Jaitley Stadium,2018
1136603,Chennai Super Kings,176,Rajasthan Royals,177,Rajasthan Royals,Sawai Mansingh Stadium,2018
1136604,Kolkata Knight Riders,245,Punjab Kings,214,Kolkata Knight Riders,Holkar Cricket Stadium,2018
1136605,Delhi Capitals,181,Royal Challengers Bangalore,187,Royal Challengers Bangalore,Arun Jaitley Stadium,2018
1136606,Sunrisers Hyderabad,179,Chennai Super Kings,180,Chennai Super Kings,Maharashtra Cricket Association Stadium,2018
1136607,Mumbai Indians,168,Rajasthan Royals,171,Rajasthan Royals,Wankhede Stadium,2018
1136608,Punjab Kings,88,Royal Challengers Bangalore,92,Royal Challengers Bangalore,Holkar Cricket Stadium,2018
1136609,Rajasthan Royals,142,Kolkata Knight Riders,145,Kolkata Knight Riders,Eden Gardens,2018
1136610,Mumbai Indians,186,Punjab Kings,183,Mumbai Indians,Wankhede Stadium,2018
1136611,Royal Challengers Bangalore,218,Sunrisers Hyderabad,204,Royal Challengers Bangalore,M.Chinnaswamy Stadium,2018
1136612,Delhi Capitals,162,Chennai Super Kings,128,Delhi Capitals,Arun Jaitley Stadium,2018
1136613,Rajasthan Royals,164,Royal Challengers Bangalore,134,Rajasthan Royals,Sawai Mansingh Stadium,2018
1136614,Sunrisers Hyderabad,172,Kolkata Knight Riders,173,Kolkata Knight Riders,Rajiv Gandhi International Stadium,2018
1136615,Delhi Capitals,174,Mumbai Indians,163,Delhi Capitals,Arun Jaitley Stadium,2018
1136616,Punjab Kings,153,Chennai Super Kings,159,Chennai Super Kings,Maharashtra Cricket Association Stadium,2018
1136617,Sunrisers Hyderabad,139,Chennai Super Kings,140,Chennai Super Kings,Wankhede Stadium,2018
1136618,Kolkata Knight Riders,169,Rajasthan Royals,144,Kolkata Knight Riders,Eden Gardens,2018
1136619,Sunrisers Hyderabad,174,Kolkata Knight Riders,160,Sunrisers Hyderabad,Eden Gardens,2018
1136620,Sunrisers Hyderabad,178,Chennai Super Kings,181,Chennai Super Kings,Wankhede Stadium,2018
1175356,Royal Challengers Bangalore,70,Chennai Super Kings,71,Chennai Super Kings,MA Chidambaram Stadium,2019
1175357,Sunrisers Hyderabad,181,Kolkata Knight Riders,183,Kolkata Knight Riders,Eden Gardens,2019
1175358,Delhi Capitals,213,Mumbai Indians,176,Delhi Capitals,Wankhede Stadium,2019
1175359,Punjab Kings,184,Rajasthan Royals,170,Punjab Kings,Sawai Mansingh Stadium,2019
1175360,Delhi Capitals,147,Chennai Super Kings,150,Chennai Super Kings,Arun Jaitley Stadium,2019
1175361,Kolkata Knight Riders,218,Punjab Kings,190,Kolkata Knight Riders,Eden Gardens,2019
1175362,Mumbai Indians,187,Royal Challengers Bangalore,181,Mumbai Indians,M.Chinnaswamy Stadium,2019
1175363,Rajasthan Royals,198,Sunrisers Hyderabad,201,Sunrisers Hyderabad,Rajiv Gandhi International Stadium,2019
1175364,Mumbai Indians,176,Punjab Kings,177,Punjab Kings,Punjab Cricket Association IS Bindra Stadium,2019
1175365,Kolkata Knight Riders,185,Delhi Capitals,185,Delhi Capitals,Arun Jaitley Stadium,2019
1175366,Sunrisers Hyderabad,231,Royal Challengers Bangalore,113,Sunrisers Hyderabad,Rajiv Gandhi International Stadium,2019
1175367,Chennai Super Kings,175,Rajasthan Royals,167,Chennai Super Kings,MA Chidambaram Stadium,2019
1175368,Punjab Kings,166,Delhi Capitals,152,Punjab Kings,Punjab Cricket Association IS Bindra Stadium,2019
1175369,Royal Challengers Bangalore,158,Rajasthan Royals,164,Rajasthan Royals,Sawai Mansingh Stadium,2019
1175370,Mumbai Indians,170,Chennai Super Kings,133,Mumbai Indians,Wankhede Stadium,2019
1175371,Delhi Capitals,129,Sunrisers Hyderabad,131,Sunrisers Hyderabad,Arun Jaitley Stadium,2019
1175372,Royal Challengers Bangalore,205,Kolkata Knight Riders,206,Kolkata Knight Riders,M.Chinnaswamy Stadium,2019
1178393,Chennai Super Kings,160,Punjab Kings,138,Chennai Super Kings,MA Chidambaram Stadium,2019
1178394,Mumbai Indians,136,Sunrisers Hyderabad,96,Mumbai Indians,Rajiv Gandhi International Stadium,2019
1178395,Royal Challengers Bangalore,149,Delhi Capitals,152,Delhi Capitals,M.Chinnaswamy Stadium,2019
1178396,Rajasthan Royals,139,Kolkata Knight Riders,140,Kolkata Knight Riders,Sawai Mansingh Stadium,2019
1178397,Sunrisers Hyderabad,150,Punjab Kings,151,Punjab Kings,Punjab Cricket Association IS Bindra Stadium,2019
1178398,Kolkata Knight Riders,108,Chennai Super Kings,111,Chennai Super Kings,MA Chidambaram Stadium,2019
1178399,Punjab Kings,197,Mumbai Indians,198,Mumbai Indians,Wankhede Stadium,2019
1178400,Rajasthan Royals,151,Chennai Super Kings,155,Chennai Super Kings,Sawai Mansingh Stadium,2019
1178401,Kolkata Knight Riders,178,Delhi Capitals,180,Delhi Capitals,Eden Gardens,2019
1178402,Mumbai Indians,187,Rajasthan Royals,188,Rajasthan Royals,Wankhede Stadium,2019
1178403,Punjab Kings,173,Royal Challengers Bangalore,174,Royal Challengers Bangalore,Punjab Cricket Association IS Bindra Stadium,2019
1178404,Kolkata Knight Riders,161,Chennai Super Kings,162,Chennai Super Kings,Eden Gardens,2019
1178405,Delhi Capitals,155,Sunrisers Hyderabad,116,Delhi Capitals,Rajiv Gandhi International Stadium,2019
1178406,Royal Challengers Bangalore,171,Mumbai Indians,172,Mumbai Indians,Wankhede Stadium,2019
1178407,Punjab Kings,182,Rajasthan Royals,170,Punjab Kings,Punjab Cricket Association IS Bindra Stadium,2019
1178408,Chennai Super Kings,132,Sunrisers Hyderabad,137,Sunrisers Hyderabad,Rajiv Gandhi International Stadium,2019
1178409,Mumbai Indians,168,Delhi Capitals,128,Mumbai Indians,Arun Jaitley Stadium,2019
1178410,Royal Challengers Bangalore,213,Kolkata Knight Riders,203,Royal Challengers Bangalore,Eden Gardens,2019
1178411,Mumbai Indians,161,Rajasthan Royals,162,Rajasthan Royals,Sawai Mansingh Stadium,2019
1178412,Punjab Kings,163,Delhi Capitals,166,Delhi Capitals,Arun Jaitley Stadium,2019
1178413,Kolkata Knight Riders,159,Sunrisers Hyderabad,161,Sunrisers Hyderabad,Rajiv Gandhi International Stadium,2019
1178414,Royal Challengers Bangalore,161,Chennai Super Kings,160,Royal Challengers Bangalore,M.Chinnaswamy Stadium,2019
1178415,Rajasthan Royals,191,Delhi Capitals,193,Delhi Capitals,Sawai Mansingh Stadium,2019
1178416,Sunrisers Hyderabad,175,Chennai Super Kings,176,Chennai Super Kings,MA Chidambaram Stadium,2019
1178417,Royal Challengers Bangalore,202,Punjab Kings,185,Royal Challengers Bangalore,M.Chinnaswamy Stadium,2019
1178418,Kolkata Knight Riders,175,Rajasthan Royals,177,Rajasthan Royals,Eden Gardens,2019
1178419,Mumbai Indians,155,Chennai Super Kings,109,Mumbai Indians,MA Chidambaram Stadium,2019
1178420,Sunrisers Hyderabad,160,Rajasthan Royals,161,Rajasthan Royals,Sawai Mansingh Stadium,2019
1178421,Delhi Capitals,187,Royal Challengers Bangalore,171,Delhi Capitals,Arun Jaitley Stadium,2019
1178422,Kolkata Knight Riders,232,Mumbai Indians,198,Kolkata Knight Riders,Eden Gardens,2019
1178423,Sunrisers Hyderabad,212,Punjab Kings,167,Sunrisers Hyderabad,Rajiv Gandhi International Stadium,2019
1178424,Royal Challengers Bangalore,62,Rajasthan Royals,41,Royal Challengers Bangalore,M.Chinnaswamy Stadium,2019
1178425,Chennai Super Kings,179,Delhi Capitals,99,Chennai Super Kings,MA Chidambaram Stadium,2019
1178426,Mumbai Indians,162,Sunrisers Hyderabad,162,Sunrisers Hyderabad,Wankhede Stadium,2019
1178427,Punjab Kings,183,Kolkata Knight Riders,185,Kolkata Knight Riders,Punjab Cricket Association IS Bindra Stadium,2019
1178428,Rajasthan Royals,115,Delhi Capitals,121,Delhi Capitals,Arun Jaitley Stadium,2019
1178429,Sunrisers Hyderabad,175,Royal Challengers Bangalore,178,Royal Challengers Bangalore,M.Chinnaswamy Stadium,2019
1178430,Chennai Super Kings,170,Punjab Kings,173,Punjab Kings,Punjab Cricket Association IS Bindra Stadium,2019
1178431,Kolkata Knight Riders,133,Mumbai Indians,134,Mumbai Indians,Wankhede Stadium,2019
1181764,Chennai Super Kings,131,Mumbai Indians,132,Mumbai Indians,MA Chidambaram Stadium,2019
1181766,Sunrisers Hyderabad,162,Delhi Capitals,165,Delhi Capitals,Dr. Y.S. Rajasekhara Reddy ACA-VDCA Cricket Stadium,2019
1181767,Delhi Capitals,147,Chennai Super Kings,151,Chennai Super Kings,Dr. Y.S. Rajasekhara Reddy ACA-VDCA Cricket Stadium,2019
1181768,Mumbai Indians,149,Chennai Super Kings,148,Mumbai Indians,Rajiv Gandhi International Stadium,2019
1216492,Mumbai Indians,162,Chennai Super Kings,166,Chennai Super Kings,Sheikh Zayed Stadium,2021
1216493,Delhi Capitals,157,Punjab Kings,157,Punjab Kings,Dubai International Cricket Stadium,2021
1216494,Kolkata Knight Riders,84,Royal Challengers Bangalore,85,Royal Challengers Bangalore,Sheikh Zayed Stadium,2021
1216495,Mumbai Indians,149,Sunrisers Hyderabad,151,Sunrisers Hyderabad,Sharjah Cricket Stadium,2021
1216496,Rajasthan Royals,216,Chennai Super Kings,200,Rajasthan Royals,Sharjah Cricket Stadium,2021
1216497,Kolkata Knight Riders,194,Delhi Capitals,135,Kolkata Knight Riders,Sheikh Zayed Stadium,2021
1216498,Punjab Kings,126,Sunrisers Hyderabad,114,Punjab Kings,Dubai International Cricket Stadium,2021
1216499,Royal Challengers Bangalore,164,Mumbai Indians,166,Mumbai Indians,Sheikh Zayed Stadium,2021
1216500,Delhi Capitals,184,Rajasthan Royals,138,Delhi Capitals,Sharjah Cricket Stadium,2021
1216501,Kolkata Knight Riders,167,Chennai Super Kings,157,Kolkata Knight Riders,Sheikh Zayed Stadium,2021
1216502,Royal Challengers Bangalore,120,Sunrisers Hyderabad,121,Sunrisers Hyderabad,Sharjah Cricket Stadium,2021
1216503,Mumbai Indians,191,Punjab Kings,143,Mumbai Indians,Sheikh Zayed Stadium,2021
1216504,Kolkata Knight Riders,174,Rajasthan Royals,137,Kolkata Knight Riders,Dubai International Cricket Stadium,2021
1216505,Royal Challengers Bangalore,152,Delhi Capitals,154,Delhi Capitals,Sheikh Zayed Stadium,2021
1216506,Punjab Kings,153,Chennai Super Kings,154,Chennai Super Kings,Sheikh Zayed Stadium,2021
1216507,Sunrisers Hyderabad,158,Rajasthan Royals,163,Rajasthan Royals,Dubai International Cricket Stadium,2021
1216508,Mumbai Indians,195,Kolkata Knight Riders,146,Mumbai Indians,Sheikh Zayed Stadium,2021
1216509,Chennai Super Kings,179,Delhi Capitals,185,Delhi Capitals,Sharjah Cricket Stadium,2021
1216510,Punjab Kings,206,Royal Challengers Bangalore,109,Punjab Kings,Dubai International Cricket Stadium,2021
1216511,Mumbai Indians,193,Rajasthan Royals,136,Mumbai Indians,Sheikh Zayed Stadium,2021
1216512,Kolkata Knight Riders,163,Sunrisers Hyderabad,163,Sunrisers Hyderabad,Sheikh Zayed Stadium,2021
1216513,Punjab Kings,178,Chennai Super Kings,181,Chennai Super Kings,Dubai International Cricket Stadium,2021
1216514,Rajasthan Royals,154,Royal Challengers Bangalore,158,Royal Challengers Bangalore,Sheikh Zayed Stadium,2021
1216515,Delhi Capitals,228,Kolkata Knight Riders,210,Delhi Capitals,Sharjah Cricket Stadium,2021
1216516,Sunrisers Hyderabad,164,Chennai Super Kings,157,Sunrisers Hyderabad,Dubai International Cricket Stadium,2021
1216517,Mumbai Indians,176,Punjab Kings,176,Punjab Kings,Dubai International Cricket Stadium,2021
1216518,Rajasthan Royals,154,Sunrisers Hyderabad,156,Sunrisers Hyderabad,Dubai International Cricket Stadium,2021
1216519,Delhi Capitals,196,Royal Challengers Bangalore,137,Delhi Capitals,Dubai International Cricket Stadium,2021
1216520,Kolkata Knight Riders,149,Punjab Kings,150,Punjab Kings,Sharjah Cricket Stadium,2021
1216521,Chennai Super Kings,114,Mumbai Indians,116,Mumbai Indians,Sharjah Cricket Stadium,2021
1216522,Rajasthan Royals,177,Royal Challengers Bangalore,179,Royal Challengers Bangalore,Dubai International Cricket Stadium,2021
1216523,Kolkata Knight Riders,164,Punjab Kings,162,Kolkata Knight Riders,Sheikh Zayed Stadium,2021
1216524,Sunrisers Hyderabad,219,Delhi Capitals,131,Sunrisers Hyderabad,Dubai International Cricket Stadium,2021
1216525,Royal Challengers Bangalore,169,Chennai Super Kings,132,Royal Challengers Bangalore,Dubai International Cricket Stadium,2021
1216526,Kolkata Knight Riders,148,Mumbai Indians,149,Mumbai Indians,Sheikh Zayed Stadium,2021
1216527,Punjab Kings,223,Rajasthan Royals,226,Rajasthan Royals,Sharjah Cricket Stadium,2021
1216528,Chennai Super Kings,167,Sunrisers Hyderabad,147,Chennai Super Kings,Dubai International Cricket Stadium,2021
1216529,Delhi Capitals,162,Mumbai Indians,166,Mumbai Indians,Sheikh Zayed Stadium,2021
1216530,Kolkata Knight Riders,191,Rajasthan Royals,131,Kolkata Knight Riders,Dubai International Cricket Stadium,2021
1216531,Royal Challengers Bangalore,171,Punjab Kings,177,Punjab Kings,Sharjah Cricket Stadium,2021
1216532,Sunrisers Hyderabad,162,Delhi Capitals,147,Sunrisers Hyderabad,Sheikh Zayed Stadium,2021
1216533,Chennai Super Kings,125,Rajasthan Royals,126,Rajasthan Royals,Sheikh Zayed Stadium,2021
1216534,Royal Challengers Bangalore,163,Sunrisers Hyderabad,153,Royal Challengers Bangalore,Dubai International Cricket Stadium,2021
1216535,Delhi Capitals,110,Mumbai Indians,111,Mumbai Indians,Dubai International Cricket Stadium,2021
1216536,Kolkata Knight Riders,172,Chennai Super Kings,178,Chennai Super Kings,Dubai International Cricket Stadium,2021
1216537,Punjab Kings,185,Rajasthan Royals,186,Rajasthan Royals,Sheikh Zayed Stadium,2021
1216538,Mumbai Indians,208,Sunrisers Hyderabad,174,Mumbai Indians,Sharjah Cricket Stadium,2021
1216539,Delhi Capitals,175,Chennai Super Kings,131,Delhi Capitals,Dubai International Cricket Stadium,2021
1216540,Royal Challengers Bangalore,194,Kolkata Knight Riders,112,Royal Challengers Bangalore,Sharjah Cricket Stadium,2021
1216541,Mumbai Indians,195,Rajasthan Royals,196,Rajasthan Royals,Sheikh Zayed Stadium,2021
1216542,Sunrisers Hyderabad,201,Punjab Kings,132,Sunrisers Hyderabad,Dubai International Cricket Stadium,2021
1216543,Delhi Capitals,161,Rajasthan Royals,148,Delhi Capitals,Dubai International Cricket Stadium,2021
1216544,Royal Challengers Bangalore,145,Chennai Super Kings,150,Chennai Super Kings,Dubai International Cricket Stadium,2021
1216545,Sunrisers Hyderabad,142,Kolkata Knight Riders,145,Kolkata Knight Riders,Sheikh Zayed Stadium,2021
1216546,Delhi Capitals,164,Punjab Kings,167,Punjab Kings,Dubai International Cricket Stadium,2021
1216547,Royal Challengers Bangalore,201,Mumbai Indians,201,Mumbai Indians,Dubai International Cricket Stadium,2021
1237177,Mumbai Indians,200,Delhi Capitals,143,Mumbai Indians,Dubai International Cricket Stadium,2021
1237178,Royal Challengers Bangalore,131,Sunrisers Hyderabad,132,Sunrisers Hyderabad,Sheikh Zayed Stadium,2021
1237180,Delhi Capitals,189,Sunrisers Hyderabad,172,Delhi Capitals,Sheikh Zayed Stadium,2021
1237181,Delhi Capitals,156,Mumbai Indians,157,Mumbai Indians,Dubai International Cricket Stadium,2021
1254058,Mumbai Indians,159,Royal Challengers Bangalore,160,Royal Challengers Bangalore,"MA Chidambaram Stadium, Chepauk, Chennai",2021
1254059,Chennai Super Kings,188,Delhi Capitals,190,Delhi Capitals,"Wankhede Stadium, Mumbai",2021
1254060,Kolkata Knight Riders,187,Sunrisers Hyderabad,177,Kolkata Knight Riders,"MA Chidambaram Stadium, Chepauk, Chennai",2021
1254061,Punjab Kings,221,Rajasthan Royals,217,Punjab Kings,"Wankhede Stadium, Mumbai",2021
1254062,Mumbai Indians,152,Kolkata Knight Riders,142,Mumbai Indians,"MA Chidambaram Stadium, Chepauk, Chennai",2021
1254063,Royal Challengers Bangalore,149,Sunrisers Hyderabad,143,Royal Challengers Bangalore,"MA Chidambaram Stadium, Chepauk, Chennai",2021
1254064,Delhi Capitals,147,Rajasthan Royals,150,Rajasthan Royals,"Wankhede Stadium, Mumbai",2021
1254065,Punjab Kings,106,Chennai Super Kings,107,Chennai Super Kings,"Wankhede Stadium, Mumbai",2021
1254066,Mumbai Indians,150,Sunrisers Hyderabad,137,Mumbai Indians,"MA Chidambaram Stadium, Chepauk, Chennai",2021
1254067,Royal Challengers Bangalore,204,Kolkata Knight Riders,166,Royal Challengers Bangalore,"MA Chidambaram Stadium, Chepauk, Chennai",2021
1254068,Punjab Kings,195,Delhi Capitals,198,Delhi Capitals,"Wankhede Stadium, Mumbai",2021
1254069,Chennai Super Kings,188,Rajasthan Royals,143,Chennai Super Kings,"Wankhede Stadium, Mumbai",2021
1254070,Mumbai Indians,137,Delhi Capitals,138,Delhi Capitals,"MA Chidambaram Stadium, Chepauk, Chennai",2021
1254071,Punjab Kings,120,Sunrisers Hyderabad,121,Sunrisers Hyderabad,"MA Chidambaram Stadium, Chepauk, Chennai",2021
1254072,Chennai Super Kings,220,Kolkata Knight Riders,202,Chennai Super Kings,"Wankhede Stadium, Mumbai",2021
1254073,Rajasthan Royals,177,Royal Challengers Bangalore,181,Royal Challengers Bangalore,"Wankhede Stadium, Mumbai",2021
1254074,Mumbai Indians,131,Punjab Kings,132,Punjab Kings,"MA Chidambaram Stadium, Chepauk, Chennai",2021
1254075,Kolkata Knight Riders,133,Rajasthan Royals,134,Rajasthan Royals,"Wankhede Stadium, Mumbai",2021
1254076,Chennai Super Kings,191,Royal Challengers Bangalore,122,Chennai Super Kings,"Wankhede Stadium, Mumbai",2021
1254077,Delhi Capitals,159,Sunrisers Hyderabad,159,Sunrisers Hyderabad,"MA Chidambaram Stadium, Chepauk, Chennai",2021
1254078,Punjab Kings,123,Kolkata Knight Riders,126,Kolkata Knight Riders,"Narendra Modi Stadium, Ahmedabad",2021
1254079,Royal Challengers Bangalore,171,Delhi Capitals,170,Royal Challengers Bangalore,"Narendra Modi Stadium, Ahmedabad",2021
1254080,Sunrisers Hyderabad,171,Chennai Super Kings,173,Chennai Super Kings,"Arun Jaitley Stadium, Delhi",2021
1254081,Rajasthan Royals,171,Mumbai Indians,172,Mumbai Indians,"Arun Jaitley Stadium, Delhi",2021
1254082,Kolkata Knight Riders,154,Delhi Capitals,156,Delhi Capitals,"Narendra Modi Stadium, Ahmedabad",2021
1254083,Punjab Kings,179,Royal Challengers Bangalore,145,Punjab Kings,"Narendra Modi Stadium, Ahmedabad",2021
1254084,Chennai Super Kings,218,Mumbai Indians,219,Mumbai Indians,"Arun Jaitley Stadium, Delhi",2021
1254085,Rajasthan Royals,220,Sunrisers Hyderabad,165,Rajasthan Royals,"Arun Jaitley Stadium, Delhi",2021
1254086,Punjab Kings,166,Delhi Capitals,167,Delhi Capitals,"Narendra Modi Stadium, Ahmedabad",2021
1254087,Royal Challengers Bangalore,92,Kolkata Knight Riders,94,Kolkata Knight Riders,"Zayed Cricket Stadium, Abu Dhabi",2021
1254088,Mumbai Indians,235,Sunrisers Hyderabad,193,Mumbai Indians,"Zayed Cricket Stadium, Abu Dhabi",2021
1254089,Chennai Super Kings,189,Rajasthan Royals,190,Rajasthan Royals,"Zayed Cricket Stadium, Abu Dhabi",2021
1254090,Royal Challengers Bangalore,164,Punjab Kings,158,Royal Challengers Bangalore,Sharjah Cricket Stadium,2021
1254091,Sunrisers Hyderabad,134,Chennai Super Kings,139,Chennai Super Kings,Sharjah Cricket Stadium,2021
1254092,Delhi Capitals,127,Kolkata Knight Riders,130,Kolkata Knight Riders,Sharjah Cricket Stadium,2021
1254093,Rajasthan Royals,90,Mumbai Indians,94,Mumbai Indians,Sharjah Cricket Stadium,2021
1254094,Chennai Super Kings,134,Punjab Kings,139,Punjab Kings,Dubai International Cricket Stadium,2021
1254095,Sunrisers Hyderabad,141,Royal Challengers Bangalore,137,Sunrisers Hyderabad,"Zayed Cricket Stadium, Abu Dhabi",2021
1254096,Mumbai Indians,155,Kolkata Knight Riders,159,Kolkata Knight Riders,"Zayed Cricket Stadium, Abu Dhabi",2021
1254097,Delhi Capitals,154,Rajasthan Royals,121,Delhi Capitals,"Zayed Cricket Stadium, Abu Dhabi",2021
1254098,Kolkata Knight Riders,171,Chennai Super Kings,172,Chennai Super Kings,"Zayed Cricket Stadium, Abu Dhabi",2021
1254099,Punjab Kings,135,Mumbai Indians,137,Mumbai Indians,"Zayed Cricket Stadium, Abu Dhabi",2021
1254100,Rajasthan Royals,164,Sunrisers Hyderabad,167,Sunrisers Hyderabad,Dubai International Cricket Stadium,2021
1254101,Delhi Capitals,164,Royal Challengers Bangalore,166,Royal Challengers Bangalore,Dubai International Cricket Stadium,2021
1254102,Kolkata Knight Riders,165,Punjab Kings,168,Punjab Kings,Dubai International Cricket Stadium,2021
1254103,Rajasthan Royals,149,Royal Challengers Bangalore,153,Royal Challengers Bangalore,Dubai International Cricket Stadium,2021
1254104,Chennai Super Kings,156,Mumbai Indians,136,Chennai Super Kings,Dubai International Cricket Stadium,2021
1254105,Sunrisers Hyderabad,134,Delhi Capitals,139,Delhi Capitals,Dubai International Cricket Stadium,2021
1254106,Kolkata Knight Riders,171,Rajasthan Royals,85,Kolkata Knight Riders,Sharjah Cricket Stadium,2021
1254107,Punjab Kings,125,Sunrisers Hyderabad,120,Punjab Kings,Sharjah Cricket Stadium,2021
1254108,Royal Challengers Bangalore,165,Mumbai Indians,111,Royal Challengers Bangalore,Dubai International Cricket Stadium,2021
1254109,Sunrisers Hyderabad,115,Kolkata Knight Riders,119,Kolkata Knight Riders,Dubai International Cricket Stadium,2021
1254110,Chennai Super Kings,136,Delhi Capitals,139,Delhi Capitals,Dubai International Cricket Stadium,2021
1254111,Rajasthan Royals,185,Punjab Kings,183,Rajasthan Royals,Dubai International Cricket Stadium,2021
1254112,Mumbai Indians,129,Delhi Capitals,132,Delhi Capitals,Sharjah Cricket Stadium,2021
1254113,Royal Challengers Bangalore,156,Chennai Super Kings,157,Chennai Super Kings,Sharjah Cricket Stadium,2021
1254114,Delhi Capitals,172,Chennai Super Kings,173,Chennai Super Kings,Dubai International Cricket Stadium,2021
1254115,Royal Challengers Bangalore,138,Kolkata Knight Riders,139,Kolkata Knight Riders,Sharjah Cricket Stadium,2021
1254116,Delhi Capitals,135,Kolkata Knight Riders,136,Kolkata Knight Riders,Sharjah Cricket Stadium,2021
1254117,Chennai Super Kings,192,Kolkata Knight Riders,165,Chennai Super Kings,Dubai International Cricket Stadium,2021
1304047,Chennai Super Kings,131,Kolkata Knight Riders,133,Kolkata Knight Riders,"Wankhede Stadium, Mumbai",2022
1304048,Mumbai Indians,177,Delhi Capitals,179,Delhi Capitals,"Brabourne Stadium, Mumbai",2022
1304049,Royal Challengers Bangalore,205,Punjab Kings,208,Punjab Kings,"Dr DY Patil Sports Academy, Mumbai",2022
1304050,Lucknow Super Giants,158,Gujarat Titans,161,Gujarat Titans,"Wankhede Stadium, Mumbai",2022
1304051,Rajasthan Royals,210,Sunrisers Hyderabad,149,Rajasthan Royals,"Maharashtra Cricket Association Stadium, Pune",2022
1304052,Kolkata Knight Riders,128,Royal Challengers Bangalore,132,Royal Challengers Bangalore,"Dr DY Patil Sports Academy, Mumbai",2022
1304053,Chennai Super Kings,210,Lucknow Super Giants,211,Lucknow Super Giants,"Brabourne Stadium, Mumbai",2022
1304054,Punjab Kings,137,Kolkata Knight Riders,141,Kolkata Knight Riders,"Wankhede Stadium, Mumbai",2022
1304055,Rajasthan Royals,193,Mumbai Indians,170,Rajasthan Royals,"Dr DY Patil Sports Academy, Mumbai",2022
1304056,Gujarat Titans,171,Delhi Capitals,157,Gujarat Titans,"Maharashtra Cricket Association Stadium, Pune",2022
1304057,Punjab Kings,180,Chennai Super Kings,126,Punjab Kings,"Brabourne Stadium, Mumbai",2022
1304058,Lucknow Super Giants,169,Sunrisers Hyderabad,157,Lucknow Super Giants,"Dr DY Patil Sports Academy, Mumbai",2022
1304059,Rajasthan Royals,169,Royal Challengers Bangalore,173,Royal Challengers Bangalore,"Wankhede Stadium, Mumbai",2022
1304060,Mumbai Indians,161,Kolkata Knight Riders,162,Kolkata Knight Riders,"Maharashtra Cricket Association Stadium, Pune",2022
1304061,Delhi Capitals,149,Lucknow Super Giants,155,Lucknow Super Giants,"Dr DY Patil Sports Academy, Mumbai",2022
1304062,Punjab Kings,189,Gujarat Titans,190,Gujarat Titans,"Brabourne Stadium, Mumbai",2022
1304063,Chennai Super Kings,154,Sunrisers Hyderabad,155,Sunrisers Hyderabad,"Dr DY Patil Sports Academy, Mumbai",2022
1304064,Mumbai Indians,151,Royal Challengers Bangalore,152,Royal Challengers Bangalore,"Maharashtra Cricket Association Stadium, Pune",2022
1304065,Delhi Capitals,215,Kolkata Knight Riders,171,Delhi Capitals,"Brabourne Stadium, Mumbai",2022
1304066,Rajasthan Royals,165,Lucknow Super Giants,162,Rajasthan Royals,"Wankhede Stadium, Mumbai",2022
1304067,Gujarat Titans,162,Sunrisers Hyderabad,168,Sunrisers Hyderabad,"Dr DY Patil Sports Academy, Mumbai",2022
1304068,Chennai Super Kings,216,Royal Challengers Bangalore,193,Chennai Super Kings,"Dr DY Patil Sports Academy, Mumbai",2022
1304069,Punjab Kings,198,Mumbai Indians,186,Punjab Kings,"Maharashtra Cricket Association Stadium, Pune",2022
1304070,Gujarat Titans,192,Rajasthan Royals,155,Gujarat Titans,"Dr DY Patil Sports Academy, Mumbai",2022
1304071,Kolkata Knight Riders,175,Sunrisers Hyderabad,176,Sunrisers Hyderabad,"Brabourne Stadium, Mumbai",2022
1304072,Lucknow Super Giants,199,Mumbai Indians,181,Lucknow Super Giants,"Brabourne Stadium, Mumbai",2022
1304073,Royal Challengers Bangalore,189,Delhi Capitals,173,Royal Challengers Bangalore,"Wankhede Stadium, Mumbai",2022
1304074,Punjab Kings,151,Sunrisers Hyderabad,152,Sunrisers Hyderabad,"Dr DY Patil Sports Academy, Mumbai",2022
1304075,Chennai Super Kings,169,Gujarat Titans,170,Gujarat Titans,"Maharashtra Cricket Association Stadium, Pune",2022
1304076,Rajasthan Royals,217,Kolkata Knight Riders,210,Rajasthan Royals,"Brabourne Stadium, Mumbai",2022
1304077,Royal Challengers Bangalore,181,Lucknow Super Giants,163,Royal Challengers Bangalore,"Dr DY Patil Sports Academy, Mumbai",2022
1304078,Punjab Kings,115,Delhi Capitals,119,Delhi Capitals,"Brabourne Stadium, Mumbai",2022
1304079,Mumbai Indians,155,Chennai Super Kings,156,Chennai Super Kings,"Dr DY Patil Sports Academy, Mumbai",2022
1304080,Rajasthan Royals,222,Delhi Capitals,207,Rajasthan Royals,"Wankhede Stadium, Mumbai",2022
1304081,Gujarat Titans,156,Kolkata Knight Riders,148,Gujarat Titans,"Dr DY Patil Sports Academy, Mumbai",2022
1304082,Royal Challengers Bangalore,68,Sunrisers Hyderabad,72,Sunrisers Hyderabad,"Brabourne Stadium, Mumbai",2022
1304083,Lucknow Super Giants,168,Mumbai Indians,132,Lucknow Super Giants,"Wankhede Stadium, Mumbai",2022
1304084,Punjab Kings,187,Chennai Super Kings,176,Punjab Kings,"Wankhede Stadium, Mumbai",2022
1304085,Rajasthan Royals,144,Royal Challengers Bangalore,115,Rajasthan Royals,"Maharashtra Cricket Association Stadium, Pune",2022
1304086,Sunrisers Hyderabad,195,Gujarat Titans,199,Gujarat Titans,"Wankhede Stadium, Mumbai",2022
1304087,Kolkata Knight Riders,146,Delhi Capitals,150,Delhi Capitals,"Wankhede Stadium, Mumbai",2022
1304088,Lucknow Super Giants,153,Punjab Kings,133,Lucknow Super Giants,"Maharashtra Cricket Association Stadium, Pune",2022
1304089,Royal Challengers Bangalore,170,Gujarat Titans,174,Gujarat Titans,"Brabourne Stadium, Mumbai",2022
1304090,Rajasthan Royals,158,Mumbai Indians,161,Mumbai Indians,"Dr DY Patil Sports Academy, Mumbai",2022
1304091,Lucknow Super Giants,195,Delhi Capitals,189,Lucknow Super Giants,"Wankhede Stadium, Mumbai",2022
1304092,Chennai Super Kings,202,Sunrisers Hyderabad,189,Chennai Super Kings,"Maharashtra Cricket Association Stadium, Pune",2022
1304093,Rajasthan Royals,152,Kolkata Knight Riders,158,Kolkata Knight Riders,"Wankhede Stadium, Mumbai",2022
1304094,Gujarat Titans,143,Punjab Kings,145,Punjab Kings,"Dr DY Patil Sports Academy, Mumbai",2022
1304095,Royal Challengers Bangalore,173,Chennai Super Kings,160,Royal Challengers Bangalore,"Maharashtra Cricket Association Stadium, Pune",2022
1304096,Delhi Capitals,207,Sunrisers Hyderabad,186,Delhi Capitals,"Brabourne Stadium, Mumbai",2022
1304097,Mumbai Indians,177,Gujarat Titans,172,Mumbai Indians,"Brabourne Stadium, Mumbai",2022
1304098,Punjab Kings,189,Rajasthan Royals,190,Rajasthan Royals,"Wankhede Stadium, Mumbai",2022
1304099,Lucknow Super Giants,176,Kolkata Knight Riders,101,Lucknow Super Giants,"Maharashtra Cricket Association Stadium, Pune",2022
1304100,Royal Challengers Bangalore,192,Sunrisers Hyderabad,125,Royal Challengers Bangalore,"Wankhede Stadium, Mumbai",2022
1304101,Chennai Super Kings,208,Delhi Capitals,117,Chennai Super Kings,"Dr DY Patil Sports Academy, Mumbai",2022
1304102,Kolkata Knight Riders,165,Mumbai Indians,113,Kolkata Knight Riders,"Dr DY Patil Sports Academy, Mumbai",2022
1304103,Gujarat Titans,144,Lucknow Super Giants,82,Gujarat Titans,"Maharashtra Cricket Association Stadium, Pune",2022
1304104,Rajasthan Royals,160,Delhi Capitals,161,Delhi Capitals,"Dr DY Patil Sports Academy, Mumbai",2022
1304105,Chennai Super Kings,97,Mumbai Indians,103,Mumbai Indians,"Wankhede Stadium, Mumbai",2022
1304106,Punjab Kings,209,Royal Challengers Bangalore,155,Punjab Kings,"Brabourne Stadium, Mumbai",2022
1304107,Kolkata Knight Riders,177,Sunrisers Hyderabad,123,Kolkata Knight Riders,"Maharashtra Cricket Association Stadium, Pune",2022
1304108,Chennai Super Kings,133,Gujarat Titans,137,Gujarat Titans,"Wankhede Stadium, Mumbai",2022
1304109,Rajasthan Royals,178,Lucknow Super Giants,154,Rajasthan Royals,"Brabourne Stadium, Mumbai",2022
1304110,Delhi Capitals,159,Punjab Kings,142,Delhi Capitals,"Dr DY Patil Sports Academy, Mumbai",2022
1304111,Sunrisers Hyderabad,193,Mumbai Indians,190,Sunrisers Hyderabad,"Wankhede Stadium, Mumbai",2022
1304112,Lucknow Super Giants,210,Kolkata Knight Riders,208,Lucknow Super Giants,"Dr DY Patil Sports Academy, Mumbai",2022
1304113,Gujarat Titans,168,Royal Challengers Bangalore,170,Royal Challengers Bangalore,"Wankhede Stadium, Mumbai",2022
1304114,Chennai Super Kings,150,Rajasthan Royals,151,Rajasthan Royals,"Brabourne Stadium, Mumbai",2022
1304115,Delhi Capitals,159,Mumbai Indians,160,Mumbai Indians,"Wankhede Stadium, Mumbai",2022
1304116,Sunrisers Hyderabad,157,Punjab Kings,160,Punjab Kings,"Wankhede Stadium, Mumbai",2022
1312197,Rajasthan Royals,188,Gujarat Titans,191,Gujarat Titans,"Eden Gardens, Kolkata",2022
1312198,Royal Challengers Bangalore,207,Lucknow Super Giants,193,Royal Challengers Bangalore,"Eden Gardens, Kolkata",2022
1312199,Royal Challengers Bangalore,157,Rajasthan Royals,161,Rajasthan Royals,"Narendra Modi Stadium, Ahmedabad",2022
1312200,Rajasthan Royals,130,Gujarat Titans,133,Gujarat Titans,"Narendra Modi Stadium, Ahmedabad",2022
1359475,Chennai Super Kings,178,Gujarat Titans,182,Gujarat Titans,"Narendra Modi Stadium, Ahmedabad",2023
1359476,Punjab Kings,191,Kolkata Knight Riders,146,Punjab Kings,"Punjab Cricket Association IS Bindra Stadium, Mohali, Chandigarh",2023
1359477,Lucknow Super Giants,193,Delhi Capitals,143,Lucknow Super Giants,"Bharat Ratna Shri Atal Bihari Vajpayee Ekana Cricket Stadium, Lucknow",2023
1359478,Rajasthan Royals,203,Sunrisers Hyderabad,131,Rajasthan Royals,"Rajiv Gandhi International Stadium, Uppal, Hyderabad",2023
1359479,Mumbai Indians,171,Royal Challengers Bangalore,172,Royal Challengers Bangalore,"M Chinnaswamy Stadium, Bengaluru",2023
1359480,Chennai Super Kings,217,Lucknow Super Giants,205,Chennai Super Kings,"MA Chidambaram Stadium, Chepauk, Chennai",2023
1359481,Delhi Capitals,162,Gujarat Titans,163,Gujarat Titans,"Arun Jaitley Stadium, Delhi",2023
1359482,Punjab Kings,197,Rajasthan Royals,192,Punjab Kings,"Barsapara Cricket Stadium, Guwahati",2023
1359483,Kolkata Knight Riders,204,Royal Challengers Bangalore,123,Kolkata Knight Riders,"Eden Gardens, Kolkata",2023
1359484,Sunrisers Hyderabad,121,Lucknow Super Giants,127,Lucknow Super Giants,"Bharat Ratna Shri Atal Bihari Vajpayee Ekana Cricket Stadium, Lucknow",2023
1359485,Rajasthan Royals,199,Delhi Capitals,142,Rajasthan Royals,"Barsapara Cricket Stadium, Guwahati",2023
1359486,Mumbai Indians,157,Chennai Super Kings,159,Chennai Super Kings,"Wankhede Stadium, Mumbai",2023
1359487,Gujarat Titans,204,Kolkata Knight Riders,207,Kolkata Knight Riders,"Narendra Modi Stadium, Ahmedabad",2023
1359488,Punjab Kings,143,Sunrisers Hyderabad,145,Sunrisers Hyderabad,"Rajiv Gandhi International Stadium, Uppal, Hyderabad",2023
1359489,Royal Challengers Bangalore,212,Lucknow Super Giants,213,Lucknow Super Giants,"M Chinnaswamy Stadium, Bengaluru",2023
1359490,Delhi Capitals,172,Mumbai Indians,173,Mumbai Indians,"Arun Jaitley Stadium, Delhi",2023
1359491,Rajasthan Royals,175,Chennai Super Kings,172,Rajasthan Royals,"MA Chidambaram Stadium, Chepauk, Chennai",2023
1359492,Punjab Kings,153,Gujarat Titans,154,Gujarat Titans,"Punjab Cricket Association IS Bindra Stadium, Mohali, Chandigarh",2023
1359493,Sunrisers Hyderabad,228,Kolkata Knight Riders,205,Sunrisers Hyderabad,"Eden Gardens, Kolkata",2023
1359494,Royal Challengers Bangalore,174,Delhi Capitals,151,Royal Challengers Bangalore,"M Chinnaswamy Stadium, Bengaluru",2023
1359495,Lucknow Super Giants,159,Punjab Kings,161,Punjab Kings,"Bharat Ratna Shri Atal Bihari Vajpayee Ekana Cricket Stadium, Lucknow",2023
1359496,Kolkata Knight Riders,185,Mumbai Indians,186,Mumbai Indians,"Wankhede Stadium, Mumbai",2023
1359497,Gujarat Titans,177,Rajasthan Royals,179,Rajasthan Royals,"Narendra Modi Stadium, Ahmedabad",2023
1359498,Chennai Super Kings,226,Royal Challengers Bangalore,218,Chennai Super Kings,"M Chinnaswamy Stadium, Bengaluru",2023
1359499,Mumbai Indians,192,Sunrisers Hyderabad,178,Mumbai Indians,"Rajiv Gandhi International Stadium, Uppal, Hyderabad",2023
1359500,Lucknow Super Giants,154,Rajasthan Royals,144,Lucknow Super Giants,"Sawai Mansingh Stadium, Jaipur",2023
1359501,Royal Challengers Bangalore,174,Punjab Kings,150,Royal Challengers Bangalore,"Punjab Cricket Association IS Bindra Stadium, Mohali, Chandigarh",2023
1359502,Kolkata Knight Riders,127,Delhi Capitals,128,Delhi Capitals,"Arun Jaitley Stadium, Delhi",2023
1359503,Sunrisers Hyderabad,134,Chennai Super Kings,138,Chennai Super Kings,"MA Chidambaram Stadium, Chepauk, Chennai",2023
1359504,Gujarat Titans,135,Lucknow Super Giants,128,Gujarat Titans,"Bharat Ratna Shri Atal Bihari Vajpayee Ekana Cricket Stadium, Lucknow",2023
1359505,Punjab Kings,214,Mumbai Indians,201,Punjab Kings,"Wankhede Stadium, Mumbai",2023
1359506,Royal Challengers Bangalore,189,Rajasthan Royals,182,Royal Challengers Bangalore,"M Chinnaswamy Stadium, Bengaluru",2023
1359507,Chennai Super Kings,235,Kolkata Knight Riders,186,Chennai Super Kings,"Eden Gardens, Kolkata",2023
1359508,Delhi Capitals,144,Sunrisers Hyderabad,137,Delhi Capitals,"Rajiv Gandhi International Stadium, Uppal, Hyderabad",2023
1359509,Gujarat Titans,207,Mumbai Indians,152,Gujarat Titans,"Narendra Modi Stadium, Ahmedabad",2023
1359510,Kolkata Knight Riders,200,Royal Challengers Bangalore,179,Kolkata Knight Riders,"M Chinnaswamy Stadium, Bengaluru",2023
1359511,Rajasthan Royals,202,Chennai Super Kings,170,Rajasthan Royals,"Sawai Mansingh Stadium, Jaipur",2023
1359512,Lucknow Super Giants,257,Punjab Kings,201,Lucknow Super Giants,"Punjab Cricket Association IS Bindra Stadium, Mohali, Chandigarh",2023
1359513,Kolkata Knight Riders,179,Gujarat Titans,180,Gujarat Titans,"Eden Gardens, Kolkata",2023
1359514,Sunrisers Hyderabad,197,Delhi Capitals,188,Sunrisers Hyderabad,"Arun Jaitley Stadium, Delhi",2023
1359515,Chennai Super Kings,200,Punjab Kings,201,Punjab Kings,"MA Chidambaram Stadium, Chepauk, Chennai",2023
1359516,Rajasthan Royals,212,Mumbai Indians,214,Mumbai Indians,"Wankhede Stadium, Mumbai",2023
1359517,Royal Challengers Bangalore,126,Lucknow Super Giants,108,Royal Challengers Bangalore,"Bharat Ratna Shri Atal Bihari Vajpayee Ekana Cricket Stadium, Lucknow",2023
1359518,Delhi Capitals,130,Gujarat Titans,125,Delhi Capitals,"Narendra Modi Stadium, Ahmedabad",2023
1359520,Punjab Kings,214,Mumbai Indians,216,Mumbai Indians,"Punjab Cricket Association IS Bindra Stadium, Mohali, Chandigarh",2023
1359521,Kolkata Knight Riders,171,Sunrisers Hyderabad,166,Kolkata Knight Riders,"Rajiv Gandhi International Stadium, Uppal, Hyderabad",2023
1359522,Rajasthan Royals,118,Gujarat Titans,119,Gujarat Titans,"Sawai Mansingh Stadium, Jaipur",2023
1359523,Mumbai Indians,139,Chennai Super Kings,140,Chennai Super Kings,"MA Chidambaram Stadium, Chepauk, Chennai",2023
1359524,Royal Challengers Bangalore,181,Delhi Capitals,187,Delhi Capitals,"Arun Jaitley Stadium, Delhi",2023
1359525,Gujarat Titans,227,Lucknow Super Giants,171,Gujarat Titans,"Narendra Modi Stadium, Ahmedabad",2023
1359526,Rajasthan Royals,214,Sunrisers Hyderabad,217,Sunrisers Hyderabad,"Sawai Mansingh Stadium, Jaipur",2023
1359527,Punjab Kings,179,Kolkata Knight Riders,182,Kolkata Knight Riders,"Eden Gardens, Kolkata",2023
1359528,Royal Challengers Bangalore,199,Mumbai Indians,200,Mumbai Indians,"Wankhede Stadium, Mumbai",2023
1359529,Chennai Super Kings,167,Delhi Capitals,140,Chennai Super Kings,"MA Chidambaram Stadium, Chepauk, Chennai",2023
1359530,Kolkata Knight Riders,149,Rajasthan Royals,151,Rajasthan Royals,"Eden Gardens, Kolkata",2023
1359531,Mumbai Indians,218,Gujarat Titans,191,Mumbai Indians,"Wankhede Stadium, Mumbai",2023
1359532,Sunrisers Hyderabad,182,Lucknow Super Giants,185,Lucknow Super Giants,"Rajiv Gandhi International Stadium, Uppal, Hyderabad",2023
1359533,Punjab Kings,167,Delhi Capitals,136,Punjab Kings,"Arun Jaitley Stadium, Delhi",2023
1359534,Royal Challengers Bangalore,171,Rajasthan Royals,59,Royal Challengers Bangalore,"Sawai Mansingh Stadium, Jaipur",2023
1359535,Chennai Super Kings,144,Kolkata Knight Riders,147,Kolkata Knight Riders,"MA Chidambaram Stadium, Chepauk, Chennai",2023
1359536,Gujarat Titans,188,Sunrisers Hyderabad,154,Gujarat Titans,"Narendra Modi Stadium, Ahmedabad",2023
1359537,Lucknow Super Giants,177,Mumbai Indians,172,Lucknow Super Giants,"Bharat Ratna Shri Atal Bihari Vajpayee Ekana Cricket Stadium, Lucknow",2023
1359538,Delhi Capitals,213,Punjab Kings,198,Delhi Capitals,"Himachal Pradesh Cricket Association Stadium, Dharamsala",2023
1359539,Sunrisers Hyderabad,186,Royal Challengers Bangalore,187,Royal Challengers Bangalore,"Rajiv Gandhi International Stadium, Uppal, Hyderabad",2023
1359540,Punjab Kings,187,Rajasthan Royals,189,Rajasthan Royals,"Himachal Pradesh Cricket Association Stadium, Dharamsala",2023
1359541,Chennai Super Kings,223,Delhi Capitals,146,Chennai Super Kings,"Arun Jaitley Stadium, Delhi",2023
1359542,Lucknow Super Giants,176,Kolkata Knight Riders,175,Lucknow Super Giants,"Eden Gardens, Kolkata",2023
1359543,Sunrisers Hyderabad,200,Mumbai Indians,201,Mumbai Indians,"Wankhede Stadium, Mumbai",2023
1359544,Royal Challengers Bangalore,197,Gujarat Titans,198,Gujarat Titans,"M Chinnaswamy Stadium, Bengaluru",2023
1370350,Chennai Super Kings,172,Gujarat Titans,157,Chennai Super Kings,"MA Chidambaram Stadium, Chepauk, Chennai",2023
1370351,Mumbai Indians,182,Lucknow Super Giants,101,Mumbai Indians,"MA Chidambaram Stadium, Chepauk, Chennai",2023
1370352,Gujarat Titans,233,Mumbai Indians,171,Gujarat Titans,"Narendra Modi Stadium, Ahmedabad",2023
1370353,Gujarat Titans,214,Chennai Super Kings,171,Gujarat Titans,"Narendra Modi Stadium, Ahmedabad",2023
1422119,Royal Challengers Bangalore,173,Chennai Super Kings,176,Chennai Super Kings,"MA Chidambaram Stadium, Chepauk, Chennai",2024
1422120,Delhi Capitals,174,Punjab Kings,177,Punjab Kings,"Maharaja Yadavindra Singh International Cricket Stadium, Mullanpur",2024
1422121,Kolkata Knight Riders,208,Sunrisers Hyderabad,204,Kolkata Knight Riders,"Eden Gardens, Kolkata",2024
1422122,Rajasthan Royals,193,Lucknow Super Giants,173,Rajasthan Royals,"Sawai Mansingh Stadium, Jaipur",2024
1422123,Gujarat Titans,168,Mumbai Indians,162,Gujarat Titans,"Narendra Modi Stadium, Ahmedabad",2024
1422124,Punjab Kings,176,Royal Challengers Bangalore,178,Royal Challengers Bangalore,"M Chinnaswamy Stadium, Bengaluru",2024
1422125,Chennai Super Kings,206,Gujarat Titans,143,Chennai Super Kings,"MA Chidambaram Stadium, Chepauk, Chennai",2024
1422126,Sunrisers Hyderabad,277,Mumbai Indians,246,Sunrisers Hyderabad,"Rajiv Gandhi International Stadium, Uppal, Hyderabad",2024
1422127,Rajasthan Royals,185,Delhi Capitals,173,Rajasthan Royals,"Sawai Mansingh Stadium, Jaipur",2024
1422128,Royal Challengers Bangalore,182,Kolkata Knight Riders,186,Kolkata Knight Riders,"M Chinnaswamy Stadium, Bengaluru",2024
1422129,Lucknow Super Giants,199,Punjab Kings,178,Lucknow Super Giants,"Bharat Ratna Shri Atal Bihari Vajpayee Ekana Cricket Stadium, Lucknow",2024
1422130,Sunrisers Hyderabad,162,Gujarat Titans,168,Gujarat Titans,"Narendra Modi Stadium, Ahmedabad",2024
1422131,Delhi Capitals,191,Chennai Super Kings,171,Delhi Capitals,"Dr. Y.S. Rajasekhara Reddy ACA-VDCA Cricket Stadium, Visakhapatnam",2024
1422132,Mumbai Indians,125,Rajasthan Royals,127,Rajasthan Royals,"Wankhede Stadium, Mumbai",2024
1422133,Lucknow Super Giants,181,Royal Challengers Bangalore,153,Lucknow Super Giants,"M Chinnaswamy Stadium, Bengaluru",2024
1422134,Kolkata Knight Riders,272,Delhi Capitals,166,Kolkata Knight Riders,"Dr. Y.S. Rajasekhara Reddy ACA-VDCA Cricket Stadium, Visakhapatnam",2024
1422135,Gujarat Titans,199,Punjab Kings,200,Punjab Kings,"Narendra Modi Stadium, Ahmedabad",2024
1422136,Chennai Super Kings,165,Sunrisers Hyderabad,166,Sunrisers Hyderabad,"Rajiv Gandhi International Stadium, Uppal, Hyderabad",2024
1422137,Royal Challengers Bangalore,183,Rajasthan Royals,189,Rajasthan Royals,"Sawai Mansingh Stadium, Jaipur",2024
1422138,Mumbai Indians,234,Delhi Capitals,205,Mumbai Indians,"Wankhede Stadium, Mumbai",2024
1422139,Lucknow Super Giants,163,Gujarat Titans,130,Lucknow Super Giants,"Bharat Ratna Shri Atal Bihari Vajpayee Ekana Cricket Stadium, Lucknow",2024
1426260,Kolkata Knight Riders,137,Chennai Super Kings,141,Chennai Super Kings,"MA Chidambaram Stadium, Chepauk, Chennai",2024
1426261,Sunrisers Hyderabad,182,Punjab Kings,180,Sunrisers Hyderabad,"Maharaja Yadavindra Singh International Cricket Stadium, Mullanpur",2024
1426262,Rajasthan Royals,196,Gujarat Titans,199,Gujarat Titans,"Sawai Mansingh Stadium, Jaipur",2024
1426263,Royal Challengers Bangalore,196,Mumbai Indians,199,Mumbai Indians,"Wankhede Stadium, Mumbai",2024
1426264,Lucknow Super Giants,167,Delhi Capitals,170,Delhi Capitals,"Bharat Ratna Shri Atal Bihari Vajpayee Ekana Cricket Stadium, Lucknow",2024
1426265,Punjab Kings,147,Rajasthan Royals,152,Rajasthan Royals,"Maharaja Yadavindra Singh International Cricket Stadium, Mullanpur",2024
1426266,Lucknow Super Giants,161,Kolkata Knight Riders,162,Kolkata Knight Riders,"Eden Gardens, Kolkata",2024
1426267,Chennai Super Kings,206,Mumbai Indians,186,Chennai Super Kings,"Wankhede Stadium, Mumbai",2024
1426268,Sunrisers Hyderabad,287,Royal Challengers Bangalore,262,Sunrisers Hyderabad,"M Chinnaswamy Stadium, Bengaluru",2024
1426269,Kolkata Knight Riders,223,Rajasthan Royals,224,Rajasthan Royals,"Eden Gardens, Kolkata",2024
1426270,Gujarat Titans,89,Delhi Capitals,92,Delhi Capitals,"Narendra Modi Stadium, Ahmedabad",2024
1426271,Mumbai Indians,192,Punjab Kings,183,Mumbai Indians,"Maharaja Yadavindra Singh International Cricket Stadium, Mullanpur",2024
1426272,Chennai Super Kings,176,Lucknow Super Giants,180,Lucknow Super Giants,"Bharat Ratna Shri Atal Bihari Vajpayee Ekana Cricket Stadium, Lucknow",2024
1426273,Sunrisers Hyderabad,266,Delhi Capitals,199,Sunrisers Hyderabad,"Arun Jaitley Stadium, Delhi",2024
1426274,Kolkata Knight Riders,222,Royal Challengers Bangalore,221,Kolkata Knight Riders,"Eden Gardens, Kolkata",2024
1426275,Punjab Kings,142,Gujarat Titans,146,Gujarat Titans,"Maharaja Yadavindra Singh International Cricket Stadium, Mullanpur",2024
1426276,Mumbai Indians,179,Rajasthan Royals,183,Rajasthan Royals,"Sawai Mansingh Stadium, Jaipur",2024
1426277,Chennai Super Kings,210,Lucknow Super Giants,213,Lucknow Super Giants,"MA Chidambaram Stadium, Chepauk, Chennai",2024
1426278,Delhi Capitals,224,Gujarat Titans,220,Delhi Capitals,"Arun Jaitley Stadium, Delhi",2024
1426279,Royal Challengers Bangalore,206,Sunrisers Hyderabad,171,Royal Challengers Bangalore,"Rajiv Gandhi International Stadium, Uppal, Hyderabad",2024
1426280,Kolkata Knight Riders,261,Punjab Kings,262,Punjab Kings,"Eden Gardens, Kolkata",2024
1426281,Delhi Capitals,257,Mumbai Indians,247,Delhi Capitals,"Arun Jaitley Stadium, Delhi",2024
1426282,Lucknow Super Giants,196,Rajasthan Royals,199,Rajasthan Royals,"Bharat Ratna Shri Atal Bihari Vajpayee Ekana Cricket Stadium, Lucknow",2024
1426283,Gujarat Titans,200,Royal Challengers Bangalore,206,Royal Challengers Bangalore,"Narendra Modi Stadium, Ahmedabad",2024
1426284,Chennai Super Kings,212,Sunrisers Hyderabad,134,Chennai Super Kings,"MA Chidambaram Stadium, Chepauk, Chennai",2024
1426285,Delhi Capitals,153,Kolkata Knight Riders,157,Kolkata Knight Riders,"Eden Gardens, Kolkata",2024
1426286,Mumbai Indians,144,Lucknow Super Giants,145,Lucknow Super Giants,"Bharat Ratna Shri Atal Bihari Vajpayee Ekana Cricket Stadium, Lucknow",2024
1426287,Chennai Super Kings,162,Punjab Kings,163,Punjab Kings,"MA Chidambaram Stadium, Chepauk, Chennai",2024
1426288,Sunrisers Hyderabad,201,Rajasthan Royals,200,Sunrisers Hyderabad,"Rajiv Gandhi International Stadium, Uppal, Hyderabad",2024
1426289,Kolkata Knight Riders,169,Mumbai Indians,145,Kolkata Knight Riders,"Wankhede Stadium, Mumbai",2024
1426290,Gujarat Titans,147,Royal Challengers Bangalore,152,Royal Challengers Bangalore,"M Chinnaswamy Stadium, Bengaluru",2024
1426291,Chennai Super Kings,167,Punjab Kings,139,Chennai Super Kings,"Himachal Pradesh Cricket Association Stadium, Dharamsala",2024
1426292,Kolkata Knight Riders,235,Lucknow Super Giants,137,Kolkata Knight Riders,"Bharat Ratna Shri Atal Bihari Vajpayee Ekana Cricket Stadium, Lucknow",2024
1426293,Sunrisers Hyderabad,173,Mumbai Indians,174,Mumbai Indians,"Wankhede Stadium, Mumbai",2024
1426294,Delhi Capitals,221,Rajasthan Royals,201,Delhi Capitals,"Arun Jaitley Stadium, Delhi",2024
1426295,Lucknow Super Giants,165,Sunrisers Hyderabad,167,Sunrisers Hyderabad,"Rajiv Gandhi International Stadium, Uppal, Hyderabad",2024
1426296,Royal Challengers Bangalore,241,Punjab Kings,181,Royal Challengers Bangalore,"Himachal Pradesh Cricket Association Stadium, Dharamsala",2024
1426297,Gujarat Titans,231,Chennai Super Kings,196,Gujarat Titans,"Narendra Modi Stadium, Ahmedabad",2024
1426298,Kolkata Knight Riders,157,Mumbai Indians,139,Kolkata Knight Riders,"Eden Gardens, Kolkata",2024
1426299,Rajasthan Royals,141,Chennai Super Kings,145,Chennai Super Kings,"MA Chidambaram Stadium, Chepauk, Chennai",2024
1426300,Royal Challengers Bangalore,187,Delhi Capitals,140,Royal Challengers Bangalore,"M Chinnaswamy Stadium, Bengaluru",2024
1426302,Delhi Capitals,208,Lucknow Super Giants,189,Delhi Capitals,"Arun Jaitley Stadium, Delhi",2024
1426303,Rajasthan Royals,144,Punjab Kings,145,Punjab Kings,"Barsapara Cricket Stadium, Guwahati",2024
1426305,Lucknow Super Giants,214,Mumbai Indians,196,Lucknow Super Giants,"Wankhede Stadium, Mumbai",2024
1426306,Royal Challengers Bangalore,218,Chennai Super Kings,191,Royal Challengers Bangalore,"M Chinnaswamy Stadium, Bengaluru",2024
1426307,Punjab Kings,214,Sunrisers Hyderabad,215,Sunrisers Hyderabad,"Rajiv Gandhi International Stadium, Uppal, Hyderabad",2024
1426309,Sunrisers Hyderabad,159,Kolkata Knight Riders,164,Kolkata Knight Riders,"Narendra Modi Stadium, Ahmedabad",2024
1426310,Royal Challengers Bangalore,172,Rajasthan Royals,174,Rajasthan Royals,"Narendra Modi Stadium, Ahmedabad",2024
1426311,Sunrisers Hyderabad,175,Rajasthan Royals,139,Sunrisers Hyderabad,"MA Chidambaram Stadium, Chepauk, Chennai",2024
1426312,Sunrisers Hyderabad,113,Kolkata Knight Riders,114,Kolkata Knight Riders,"MA Chidambaram Stadium, Chepauk, Chennai",2024
1473438,Kolkata Knight Riders,174,Royal Challengers Bangalore,177,Royal Challengers Bangalore,"Eden Gardens, Kolkata",2025
1473439,Sunrisers Hyderabad,286,Rajasthan Royals,242,Sunrisers Hyderabad,"Rajiv Gandhi International Stadium, Uppal, Hyderabad",2025
1473440,Mumbai Indians,155,Chennai Super Kings,158,Chennai Super Kings,"MA Chidambaram Stadium, Chepauk, Chennai",2025
1473441,Lucknow Super Giants,209,Delhi Capitals,211,Delhi Capitals,"Dr. Y.S. Rajasekhara Reddy ACA-VDCA Cricket Stadium, Visakhapatnam",2025
1473442,Punjab Kings,243,Gujarat Titans,232,Punjab Kings,"Narendra Modi Stadium, Ahmedabad",2025
1473443,Rajasthan Royals,151,Kolkata Knight Riders,153,Kolkata Knight Riders,"Barsapara Cricket Stadium, Guwahati",2025
1473444,Sunrisers Hyderabad,190,Lucknow Super Giants,193,Lucknow Super Giants,"Rajiv Gandhi International Stadium, Uppal, Hyderabad",2025
1473445,Royal Challengers Bangalore,196,Chennai Super Kings,146,Royal Challengers Bangalore,"MA Chidambaram Stadium, Chepauk, Chennai",2025
1473446,Gujarat Titans,196,Mumbai Indians,160,Gujarat Titans,"Narendra Modi Stadium, Ahmedabad",2025
1473447,Sunrisers Hyderabad,163,Delhi Capitals,166,Delhi Capitals,"Dr. Y.S. Rajasekhara Reddy ACA-VDCA Cricket Stadium, Visakhapatnam",2025
1473448,Rajasthan Royals,182,Chennai Super Kings,176,Rajasthan Royals,"Barsapara Cricket Stadium, Guwahati",2025
1473449,Kolkata Knight Riders,116,Mumbai Indians,121,Mumbai Indians,"Wankhede Stadium, Mumbai",2025
1473450,Lucknow Super Giants,171,Punjab Kings,177,Punjab Kings,"Bharat Ratna Shri Atal Bihari Vajpayee Ekana Cricket Stadium, Lucknow",2025
1473451,Royal Challengers Bangalore,169,Gujarat Titans,170,Gujarat Titans,"M Chinnaswamy Stadium, Bengaluru",2025
1473452,Kolkata Knight Riders,200,Sunrisers Hyderabad,120,Kolkata Knight Riders,"Eden Gardens, Kolkata",2025
1473453,Lucknow Super Giants,203,Mumbai Indians,191,Lucknow Super Giants,"Bharat Ratna Shri Atal Bihari Vajpayee Ekana Cricket Stadium, Lucknow",2025
1473454,Delhi Capitals,183,Chennai Super Kings,158,Delhi Capitals,"MA Chidambaram Stadium, Chepauk, Chennai",2025
1473455,Rajasthan Royals,205,Punjab Kings,155,Rajasthan Royals,"Maharaja Yadavindra Singh International Cricket Stadium, Mullanpur",2025
1473456,Lucknow Super Giants,238,Kolkata Knight Riders,234,Lucknow Super Giants,"Eden Gardens, Kolkata",2025
1473457,Sunrisers Hyderabad,152,Gujarat Titans,153,Gujarat Titans,"Rajiv Gandhi International Stadium, Uppal, Hyderabad",2025
1473458,Royal Challengers Bangalore,221,Mumbai Indians,209,Royal Challengers Bangalore,"Wankhede Stadium, Mumbai",2025
1473459,Punjab Kings,219,Chennai Super Kings,201,Punjab Kings,"Maharaja Yadavindra Singh International Cricket Stadium, Mullanpur",2025
1473460,Gujarat Titans,217,Rajasthan Royals,159,Gujarat Titans,"Narendra Modi Stadium, Ahmedabad",2025
1473461,Royal Challengers Bangalore,163,Delhi Capitals,169,Delhi Capitals,"M Chinnaswamy Stadium, Bengaluru",2025
1473462,Chennai Super Kings,103,Kolkata Knight Riders,107,Kolkata Knight Riders,"MA Chidambaram Stadium, Chepauk, Chennai",2025
1473463,Gujarat Titans,180,Lucknow Super Giants,186,Lucknow Super Giants,"Bharat Ratna Shri Atal Bihari Vajpayee Ekana Cricket Stadium, Lucknow",2025
1473464,Punjab Kings,245,Sunrisers Hyderabad,247,Sunrisers Hyderabad,"Rajiv Gandhi International Stadium, Uppal, Hyderabad",2025
1473465,Rajasthan Royals,173,Royal Challengers Bangalore,175,Royal Challengers Bangalore,"Sawai Mansingh Stadium, Jaipur",2025
1473466,Mumbai Indians,205,Delhi Capitals,193,Mumbai Indians,"Arun Jaitley Stadium, Delhi",2025
1473467,Lucknow Super Giants,166,Chennai Super Kings,168,Chennai Super Kings,"Bharat Ratna Shri Atal Bihari Vajpayee Ekana Cricket Stadium, Lucknow",2025
1473468,Punjab Kings,111,Kolkata Knight Riders,95,Punjab Kings,"Maharaja Yadavindra Singh International Cricket Stadium, Mullanpur",2025
1473469,Delhi Capitals,188,Rajasthan Royals,188,Rajasthan Royals,"Arun Jaitley Stadium, Delhi",2025
1473470,Sunrisers Hyderabad,162,Mumbai Indians,166,Mumbai Indians,"Wankhede Stadium, Mumbai",2025
1473471,Royal Challengers Bangalore,95,Punjab Kings,98,Punjab Kings,"M Chinnaswamy Stadium, Bengaluru",2025
1473472,Delhi Capitals,203,Gujarat Titans,204,Gujarat Titans,"Narendra Modi Stadium, Ahmedabad",2025
1473473,Lucknow Super Giants,180,Rajasthan Royals,178,Lucknow Super Giants,"Sawai Mansingh Stadium, Jaipur",2025
1473474,Punjab Kings,157,Royal Challengers Bangalore,159,Royal Challengers Bangalore,"Maharaja Yadavindra Singh International Cricket Stadium, Mullanpur",2025
1473475,Chennai Super Kings,176,Mumbai Indians,177,Mumbai Indians,"Wankhede Stadium, Mumbai",2025
1473476,Gujarat Titans,198,Kolkata Knight Riders,159,Gujarat Titans,"Eden Gardens, Kolkata",2025
1473477,Lucknow Super Giants,159,Delhi Capitals,161,Delhi Capitals,"Bharat Ratna Shri Atal Bihari Vajpayee Ekana Cricket Stadium, Lucknow",2025
1473478,Sunrisers Hyderabad,143,Mumbai Indians,146,Mumbai Indians,"Rajiv Gandhi International Stadium, Uppal, Hyderabad",2025
1473479,Royal Challengers Bangalore,205,Rajasthan Royals,194,Royal Challengers Bangalore,"M Chinnaswamy Stadium, Bengaluru",2025
1473480,Chennai Super Kings,154,Sunrisers Hyderabad,155,Sunrisers Hyderabad,"MA Chidambaram Stadium, Chepauk, Chennai",2025
1473481,Punjab Kings,201,Kolkata Knight Riders,7,Punjab Kings,"Eden Gardens, Kolkata",2025
1473482,Mumbai Indians,215,Lucknow Super Giants,161,Mumbai Indians,"Wankhede Stadium, Mumbai",2025
1473483,Delhi Capitals,162,Royal Challengers Bangalore,165,Royal Challengers Bangalore,"Arun Jaitley Stadium, Delhi",2025
1473484,Gujarat Titans,209,Rajasthan Royals,212,Rajasthan Royals,"Sawai Mansingh Stadium, Jaipur",2025
1473485,Kolkata Knight Riders,204,Delhi Capitals,190,Kolkata Knight Riders,"Arun Jaitley Stadium, Delhi",2025
1473486,Chennai Super Kings,190,Punjab Kings,194,Punjab Kings,"MA Chidambaram Stadium, Chepauk, Chennai",2025
1473487,Mumbai Indians,217,Rajasthan Royals,117,Mumbai Indians,"Sawai Mansingh Stadium, Jaipur",2025
1473488,Gujarat Titans,224,Sunrisers Hyderabad,186,Gujarat Titans,"Narendra Modi Stadium, Ahmedabad",2025
1473489,Royal Challengers Bangalore,213,Chennai Super Kings,211,Royal Challengers Bangalore,"M Chinnaswamy Stadium, Bengaluru",2025
1473490,Kolkata Knight Riders,206,Rajasthan Royals,205,Kolkata Knight Riders,"Eden Gardens, Kolkata",2025
1473491,Punjab Kings,236,Lucknow Super Giants,199,Punjab Kings,"Himachal Pradesh Cricket Association Stadium, Dharamsala",2025
1473493,Mumbai Indians,155,Gujarat Titans,147,Mumbai Indians,"Wankhede Stadium, Mumbai",2025
1473494,Kolkata Knight Riders,179,Chennai Super Kings,183,Chennai Super Kings,"Eden Gardens, Kolkata",2025
1473497,Punjab Kings,219,Rajasthan Royals,209,Punjab Kings,"Sawai Mansingh Stadium, Jaipur",2025
1473498,Delhi Capitals,199,Gujarat Titans,205,Gujarat Titans,"Arun Jaitley Stadium, Delhi",2025
1473499,Lucknow Super Giants,205,Sunrisers Hyderabad,206,Sunrisers Hyderabad,"Bharat Ratna Shri Atal Bihari Vajpayee Ekana Cricket Stadium, Lucknow",2025
1473500,Chennai Super Kings,187,Rajasthan Royals,188,Rajasthan Royals,"Arun Jaitley Stadium, Delhi",2025
1473501,Mumbai Indians,180,Delhi Capitals,121,Mumbai Indians,"Wankhede Stadium, Mumbai",2025
1473502,Lucknow Super Giants,235,Gujarat Titans,202,Lucknow Super Giants,"Narendra Modi Stadium, Ahmedabad",2025
1473503,Sunrisers Hyderabad,231,Royal Challengers Bangalore,189,Sunrisers Hyderabad,"Bharat Ratna Shri Atal Bihari Vajpayee Ekana Cricket Stadium, Lucknow",2025
1473504,Chennai Super Kings,230,Gujarat Titans,147,Chennai Super Kings,"Narendra Modi Stadium, Ahmedabad",2025
1473505,Sunrisers Hyderabad,278,Kolkata Knight Riders,168,Sunrisers Hyderabad,"Arun Jaitley Stadium, Delhi",2025
1473506,Mumbai Indians,184,Punjab Kings,187,Punjab Kings,"Sawai Mansingh Stadium, Jaipur",2025
1473507,Lucknow Super Giants,227,Royal Challengers Bangalore,230,Royal Challengers Bangalore,"Bharat Ratna Shri Atal Bihari Vajpayee Ekana Cricket Stadium, Lucknow",2025
1473508,Punjab Kings,101,Royal Challengers Bangalore,106,Royal Challengers Bangalore,"Maharaja Yadavindra Singh International Cricket Stadium, Mullanpur",2025
1473509,Mumbai Indians,228,Gujarat Titans,208,Mumbai Indians,"Maharaja Yadavindra Singh International Cricket Stadium, New Chandigarh",2025
1473510,Mumbai Indians,203,Punjab Kings,207,Punjab Kings,"Narendra Modi Stadium, Ahmedabad",2025
1473511,Royal Challengers Bangalore,190,Punjab Kings,184,Royal Challengers Bangalore,"Narendra Modi Stadium, Ahmedabad",2025
1485779,Punjab Kings,206,Delhi Capitals,208,Delhi Capitals,"Sawai Mansingh Stadium, Jaipur",2025
1527674,Sunrisers Hyderabad,201,Royal Challengers Bangalore,203,Royal Challengers Bangalore,"M Chinnaswamy Stadium, Bengaluru",2026
1527675,Kolkata Knight Riders,220,Mumbai Indians,224,Mumbai Indians,"Wankhede Stadium, Mumbai",2026
1527676,Chennai Super Kings,127,Rajasthan Royals,128,Rajasthan Royals,"Barsapara Cricket Stadium, Guwahati",2026
1527677,Gujarat Titans,162,Punjab Kings,165,Punjab Kings,"Maharaja Yadavindra Singh International Cricket Stadium, New Chandigarh",2026
1527678,Lucknow Super Giants,141,Delhi Capitals,145,Delhi Capitals,"Bharat Ratna Shri Atal Bihari Vajpayee Ekana Cricket Stadium, Lucknow",2026
1527679,Sunrisers Hyderabad,226,Kolkata Knight Riders,161,Sunrisers Hyderabad,"Eden Gardens, Kolkata",2026
1527680,Chennai Super Kings,209,Punjab Kings,210,Punjab Kings,"MA Chidambaram Stadium, Chepauk, Chennai",2026
1527681,Mumbai Indians,162,Delhi Capitals,164,Delhi Capitals,"Arun Jaitley Stadium, Delhi",2026
1527682,Rajasthan Royals,210,Gujarat Titans,204,Rajasthan Royals,"Narendra Modi Stadium, Ahmedabad",2026
1527683,Sunrisers Hyderabad,156,Lucknow Super Giants,160,Lucknow Super Giants,"Rajiv Gandhi International Stadium, Uppal, Hyderabad",2026
1527684,Royal Challengers Bangalore,250,Chennai Super Kings,207,Royal Challengers Bangalore,"M Chinnaswamy Stadium, Bengaluru",2026
1527686,Rajasthan Royals,150,Mumbai Indians,123,Rajasthan Royals,"Barsapara Cricket Stadium, Guwahati",2026
1527687,Gujarat Titans,210,Delhi Capitals,209,Gujarat Titans,"Arun Jaitley Stadium, Delhi",2026
1527688,Kolkata Knight Riders,181,Lucknow Super Giants,182,Lucknow Super Giants,"Eden Gardens, Kolkata",2026
1527689,Royal Challengers Bangalore,201,Rajasthan Royals,202,Rajasthan Royals,"Barsapara Cricket Stadium, Guwahati",2026
1527690,Sunrisers Hyderabad,219,Punjab Kings,223,Punjab Kings,"Maharaja Yadavindra Singh International Cricket Stadium, New Chandigarh",2026
1527691,Chennai Super Kings,212,Delhi Capitals,189,Chennai Super Kings,"MA Chidambaram Stadium, Chepauk, Chennai",2026
1527692,Lucknow Super Giants,164,Gujarat Titans,165,Gujarat Titans,"Bharat Ratna Shri Atal Bihari Vajpayee Ekana Cricket Stadium, Lucknow",2026
1527693,Royal Challengers Bangalore,240,Mumbai Indians,222,Royal Challengers Bangalore,"Wankhede Stadium, Mumbai",2026
1529264,Sunrisers Hyderabad,216,Rajasthan Royals,159,Sunrisers Hyderabad,"Rajiv Gandhi International Stadium, Uppal, Hyderabad",2026
1529265,Chennai Super Kings,192,Kolkata Knight Riders,160,Chennai Super Kings,"MA Chidambaram Stadium, Chepauk, Chennai",2026
1529266,Lucknow Super Giants,146,Royal Challengers Bangalore,149,Royal Challengers Bangalore,"M Chinnaswamy Stadium, Bengaluru",2026
1529267,Mumbai Indians,195,Punjab Kings,198,Punjab Kings,"Wankhede Stadium, Mumbai",2026
1529268,Kolkata Knight Riders,180,Gujarat Titans,181,Gujarat Titans,"Narendra Modi Stadium, Ahmedabad",2026
1529269,Royal Challengers Bangalore,175,Delhi Capitals,179,Delhi Capitals,"M Chinnaswamy Stadium, Bengaluru",2026
1529270,Sunrisers Hyderabad,194,Chennai Super Kings,184,Sunrisers Hyderabad,"Rajiv Gandhi International Stadium, Uppal, Hyderabad",2026
1529271,Rajasthan Royals,155,Kolkata Knight Riders,161,Kolkata Knight Riders,"Eden Gardens, Kolkata",2026
1529272,Punjab Kings,254,Lucknow Super Giants,200,Punjab Kings,"Maharaja Yadavindra Singh International Cricket Stadium, New Chandigarh",2026
1529273,Mumbai Indians,199,Gujarat Titans,100,Mumbai Indians,"Narendra Modi Stadium, Ahmedabad",2026
1529274,Sunrisers Hyderabad,242,Delhi Capitals,195,Sunrisers Hyderabad,"Rajiv Gandhi International Stadium, Uppal, Hyderabad",2026
1529275,Rajasthan Royals,159,Lucknow Super Giants,119,Rajasthan Royals,"Bharat Ratna Shri Atal Bihari Vajpayee Ekana Cricket Stadium, Lucknow",2026
1529276,Chennai Super Kings,207,Mumbai Indians,104,Chennai Super Kings,"Wankhede Stadium, Mumbai",2026
1529277,Gujarat Titans,205,Royal Challengers Bangalore,206,Royal Challengers Bangalore,"M Chinnaswamy Stadium, Bengaluru",2026
1529278,Delhi Capitals,264,Punjab Kings,265,Punjab Kings,"Arun Jaitley Stadium, Delhi",2026
1529279,Rajasthan Royals,228,Sunrisers Hyderabad,229,Sunrisers Hyderabad,"Sawai Mansingh Stadium, Jaipur",2026
1529280,Chennai Super Kings,158,Gujarat Titans,162,Gujarat Titans,"MA Chidambaram Stadium, Chepauk, Chennai",2026
1529281,Kolkata Knight Riders,155,Lucknow Super Giants,155,Lucknow Super Giants,"Bharat Ratna Shri Atal Bihari Vajpayee Ekana Cricket Stadium, Lucknow",2026
1529282,Delhi Capitals,75,Royal Challengers Bangalore,77,Royal Challengers Bangalore,"Arun Jaitley Stadium, Delhi",2026
1529283,Punjab Kings,222,Rajasthan Royals,228,Rajasthan Royals,"Maharaja Yadavindra Singh International Cricket Stadium, New Chandigarh",2026
1529284,Mumbai Indians,243,Sunrisers Hyderabad,249,Sunrisers Hyderabad,"Wankhede Stadium, Mumbai",2026
1529285,Royal Challengers Bangalore,155,Gujarat Titans,158,Gujarat Titans,"Narendra Modi Stadium, Ahmedabad",2026
1529286,Rajasthan Royals,225,Delhi Capitals,226,Delhi Capitals,"Sawai Mansingh Stadium, Jaipur",2026
1529287,Mumbai Indians,159,Chennai Super Kings,160,Chennai Super Kings,"MA Chidambaram Stadium, Chepauk, Chennai",2026
1529288,Sunrisers Hyderabad,165,Kolkata Knight Riders,169,Kolkata Knight Riders,"Rajiv Gandhi International Stadium, Uppal, Hyderabad",2026
1529289,Punjab Kings,163,Gujarat Titans,167,Gujarat Titans,"Narendra Modi Stadium, Ahmedabad",2026
1529290,Lucknow Super Giants,228,Mumbai Indians,229,Mumbai Indians,"Wankhede Stadium, Mumbai",2026
1529291,Delhi Capitals,155,Chennai Super Kings,159,Chennai Super Kings,"Arun Jaitley Stadium, Delhi",2026
1529292,Sunrisers Hyderabad,235,Punjab Kings,202,Sunrisers Hyderabad,"Rajiv Gandhi International Stadium, Uppal, Hyderabad",2026
1529293,Lucknow Super Giants,209,Royal Challengers Bangalore,203,Lucknow Super Giants,"Bharat Ratna Shri Atal Bihari Vajpayee Ekana Cricket Stadium, Lucknow",2026
1529294,Delhi Capitals,142,Kolkata Knight Riders,147,Kolkata Knight Riders,"Arun Jaitley Stadium, Delhi",2026
1529295,Gujarat Titans,229,Rajasthan Royals,152,Gujarat Titans,"Sawai Mansingh Stadium, Jaipur",2026
1529296,Lucknow Super Giants,203,Chennai Super Kings,208,Chennai Super Kings,"MA Chidambaram Stadium, Chepauk, Chennai",2026
1529297,Mumbai Indians,166,Royal Challengers Bangalore,167,Royal Challengers Bangalore,"Shaheed Veer Narayan Singh International Stadium, Raipur",2026
1529298,Punjab Kings,210,Delhi Capitals,216,Delhi Capitals,"Himachal Pradesh Cricket Association Stadium, Dharamsala",2026
1529299,Gujarat Titans,168,Sunrisers Hyderabad,86,Gujarat Titans,"Narendra Modi Stadium, Ahmedabad",2026
1529300,Kolkata Knight Riders,192,Royal Challengers Bangalore,194,Royal Challengers Bangalore,"Shaheed Veer Narayan Singh International Stadium, Raipur",2026
1529301,Punjab Kings,200,Mumbai Indians,205,Mumbai Indians,"Himachal Pradesh Cricket Association Stadium, Dharamsala",2026
1529302,Chennai Super Kings,187,Lucknow Super Giants,188,Lucknow Super Giants,"Bharat Ratna Shri Atal Bihari Vajpayee Ekana Cricket Stadium, Lucknow",2026
1529303,Kolkata Knight Riders,247,Gujarat Titans,218,Kolkata Knight Riders,"Eden Gardens, Kolkata",2026
1529304,Royal Challengers Bangalore,222,Punjab Kings,199,Royal Challengers Bangalore,"Himachal Pradesh Cricket Association Stadium, Dharamsala",2026
1529305,Rajasthan Royals,193,Delhi Capitals,197,Delhi Capitals,"Arun Jaitley Stadium, Delhi",2026
1529306,Chennai Super Kings,180,Sunrisers Hyderabad,181,Sunrisers Hyderabad,"MA Chidambaram Stadium, Chepauk, Chennai",2026
1529307,Lucknow Super Giants,220,Rajasthan Royals,225,Rajasthan Royals,"Sawai Mansingh Stadium, Jaipur",2026
1529308,Mumbai Indians,147,Kolkata Knight Riders,148,Kolkata Knight Riders,"Eden Gardens, Kolkata",2026
1529309,Gujarat Titans,229,Chennai Super Kings,140,Gujarat Titans,"Narendra Modi Stadium, Ahmedabad",2026
1529310,Sunrisers Hyderabad,255,Royal Challengers Bangalore,200,Sunrisers Hyderabad,"Rajiv Gandhi International Stadium, Uppal, Hyderabad",2026
1529311,Lucknow Super Giants,196,Punjab Kings,200,Punjab Kings,"Bharat Ratna Shri Atal Bihari Vajpayee Ekana Cricket Stadium, Lucknow",2026
1529312,Rajasthan Royals,205,Mumbai Indians,175,Rajasthan Royals,"Wankhede Stadium, Mumbai",2026
1529313,Delhi Capitals,203,Kolkata Knight Riders,163,Delhi Capitals,"Eden Gardens, Kolkata",2026
1535462,Royal Challengers Bangalore,254,Gujarat Titans,162,Royal Challengers Bangalore,"Himachal Pradesh Cricket Association Stadium, Dharamsala",2026
1535463,Rajasthan Royals,243,Sunrisers Hyderabad,196,Rajasthan Royals,"Maharaja Yadavindra Singh International Cricket Stadium, New Chandigarh",2026
1535464,Rajasthan Royals,214,Gujarat Titans,219,Gujarat Titans,"Maharaja Yadavindra Singh International Cricket Stadium, New Chandigarh",2026
1535465,Gujarat Titans,155,Royal Challengers Bangalore,161,Royal Challengers Bangalore,"Narendra Modi Stadium, Ahmedabad",2026
